age,annual_income,employment_years,employment_type,credit_score,loan_amount,loan_term_months,existing_debt,debt_to_income_ratio,number_of_previous_loans,previous_default,dependents,savings_amount,requested_loan_purpose,loan_default
24,217471.3,0.5,Contract,613,444672.38,240,325168.25,1.659,1,0,0,265520.36,Debt Consolidation,0
55,1081971.27,15.0,Self-Employed,827,1339694.17,240,0.0,0.099,1,0,4,30773.64,Home,0
49,937214.05,14.9,Salaried,675,1366975.2,12,344888.81,0.485,2,0,1,208173.33,Medical,0
40,894646.97,7.4,Business Owner,597,576172.24,180,548441.67,0.665,2,0,3,440076.62,Medical,0
40,698523.72,7.2,Salaried,559,1832872.92,12,267192.13,0.592,2,0,0,61061.58,Personal,0
58,1056157.78,12.9,Contract,506,445550.5,12,33862.1,0.066,3,0,4,783.46,Vehicle,1
24,911831.3,0.0,Self-Employed,575,1314958.94,60,231771.03,0.37,1,0,4,234532.85,Medical,0
51,979511.17,12.2,Salaried,718,1527261.28,60,386230.34,0.519,0,0,3,149461.12,Debt Consolidation,0
29,738169.96,1.1,Salaried,612,119210.1,84,217803.88,0.308,0,0,1,212915.61,Debt Consolidation,0
25,674692.93,0.0,Business Owner,564,1088816.15,12,287090.57,0.555,2,0,0,3863.09,Medical,1
44,860781.21,10.5,Salaried,574,20000.0,12,56105.66,0.067,1,0,1,31851.53,Personal,0
63,930010.48,12.4,Contract,708,1212106.18,180,69739.37,0.179,1,0,2,142684.0,Debt Consolidation,0
53,798340.63,15.2,Business Owner,643,249197.09,84,363090.25,0.48,0,0,4,25972.09,Education,0
54,761187.77,14.7,Business Owner,594,1083734.81,48,71828.8,0.208,1,0,3,7208.07,Education,0
52,976328.32,11.2,Salaried,622,1177494.33,24,0.0,0.096,0,0,2,498430.55,Education,1
55,1268029.03,13.4,Business Owner,849,1360069.24,24,144860.14,0.2,2,0,3,58873.33,Business,0
43,128651.05,0.0,Unemployed,760,1245107.68,36,256555.29,2.768,2,0,3,87973.1,Education,1
26,549155.83,4.3,Salaried,782,827947.5,60,390531.91,0.832,2,0,3,128420.35,Vehicle,0
57,795733.27,15.0,Salaried,492,609761.74,180,496239.61,0.685,1,0,0,48784.98,Education,1
40,778649.75,8.4,Salaried,636,762805.33,48,215245.99,0.355,3,0,2,192422.39,Personal,0
43,535408.41,10.3,Salaried,592,241999.24,48,318551.09,0.631,2,0,4,4181.14,Personal,1
37,1268880.16,4.5,Business Owner,699,694156.03,240,221712.74,0.218,2,0,3,61704.23,Business,0
29,729523.82,0.0,Self-Employed,745,654652.18,12,263732.63,0.433,3,0,1,444658.37,Home,0
61,852845.85,18.9,Self-Employed,679,405890.75,12,166365.29,0.233,2,0,2,46731.74,Education,0
55,1141721.02,15.7,Salaried,571,20000.0,240,269559.47,0.238,1,0,3,35335.11,Business,0
49,571734.59,9.6,Salaried,591,161531.94,240,68613.89,0.143,1,0,0,16105.86,Education,0
38,628892.03,8.0,Salaried,706,20000.0,48,556415.39,0.887,1,0,0,29342.63,Vehicle,0
57,394669.44,18.2,Contract,715,646060.4,36,0.0,0.131,1,0,2,39470.93,Home,0
44,625912.38,12.6,Self-Employed,663,980249.32,24,302759.59,0.609,1,0,0,779413.67,Medical,0
40,284768.12,5.9,Salaried,662,20000.0,24,257518.7,0.91,1,0,2,35609.41,Personal,0
40,843962.34,3.1,Contract,655,918357.39,240,266830.72,0.403,1,0,3,238470.96,Personal,0
30,731999.19,0.0,Salaried,674,738762.92,120,0.0,0.081,1,0,2,27276.16,Medical,0
25,542732.67,0.7,Salaried,714,211622.12,180,0.0,0.031,1,0,4,43775.11,Vehicle,0
45,646894.07,14.0,Salaried,707,584397.4,60,309039.51,0.55,2,0,0,215288.65,Debt Consolidation,1
60,557366.6,0.0,Unemployed,652,1325402.08,84,441380.18,0.982,1,1,2,13880.79,Debt Consolidation,1
23,472050.98,0.0,Business Owner,646,312905.47,240,239641.25,0.561,1,0,4,117313.83,Business,1
58,762041.97,12.9,Self-Employed,642,839425.54,48,344948.56,0.541,0,0,3,111608.95,Debt Consolidation,0
57,882877.45,12.8,Salaried,580,973297.95,60,117533.97,0.221,1,0,4,31736.1,Medical,0
33,190431.48,4.8,Salaried,579,388896.35,36,259683.27,1.527,3,0,2,139935.39,Debt Consolidation,1
48,852234.5,7.0,Self-Employed,699,1304135.5,60,420618.78,0.616,0,0,0,133202.21,Personal,0
28,202484.38,6.1,Salaried,586,1001920.47,24,143561.46,1.105,3,1,1,82518.93,Business,1
54,319601.38,0.0,Unemployed,723,674044.53,24,413429.26,1.462,1,0,4,52104.67,Personal,1
51,549152.22,19.4,Business Owner,645,1981620.24,48,0.0,0.289,4,0,1,13125.86,Business,0
36,1002811.64,2.5,Salaried,724,1306289.22,240,89659.46,0.194,2,0,4,310234.63,Personal,0
23,466719.74,5.6,Business Owner,707,20000.0,36,298264.9,0.642,1,0,3,60708.74,Vehicle,0
63,90000.0,0.0,Unemployed,726,605421.3,84,542505.92,3.0,5,0,3,32866.11,Business,1
40,690338.04,6.4,Self-Employed,607,2033321.3,84,202569.3,0.529,1,0,4,639696.8,Education,0
60,613574.25,14.4,Self-Employed,687,308909.26,84,13894.84,0.063,0,0,4,379219.5,Vehicle,0
50,310848.69,8.8,Contract,716,833166.9,24,538414.19,1.946,0,0,2,121839.58,Debt Consolidation,0
55,833453.8,10.9,Salaried,510,1415496.69,180,177294.5,0.349,1,0,3,105589.67,Vehicle,0
54,201125.23,13.2,Contract,803,1126160.79,180,319660.2,2.037,1,0,0,66898.6,Personal,1
29,364939.76,3.3,Salaried,854,1198234.67,12,139803.54,0.646,0,1,0,121846.94,Debt Consolidation,0
37,504195.43,1.6,Self-Employed,735,1168795.68,48,225609.66,0.633,1,0,4,79773.65,Debt Consolidation,0
41,860555.6,14.9,Contract,723,812696.36,180,98818.92,0.19,3,0,0,200730.62,Debt Consolidation,0
42,986867.09,7.6,Self-Employed,703,403842.8,36,606375.84,0.647,2,1,0,765349.37,Education,0
22,878695.56,0.6,Self-Employed,621,1017382.1,60,414421.72,0.564,1,0,0,84299.0,Business,0
45,633681.55,7.7,Self-Employed,640,598611.69,180,518262.13,0.893,1,0,0,2894.96,Business,0
27,90000.0,1.6,Salaried,737,559324.4,180,58076.87,1.142,2,0,2,192755.87,Medical,0
53,793713.26,11.7,Salaried,562,1541235.94,48,0.0,0.155,2,0,0,370052.01,Business,0
51,1057643.43,12.0,Salaried,555,609502.0,120,147268.22,0.185,0,0,0,14051.21,Vehicle,0
61,1028447.6,16.0,Self-Employed,614,1653065.2,240,652964.96,0.763,2,0,4,731959.96,Business,0
53,811737.25,15.2,Salaried,709,928383.17,60,142062.84,0.267,1,1,0,189611.95,Business,0
37,350624.31,7.1,Salaried,572,720426.13,240,389321.85,1.275,0,0,0,28609.64,Business,1
63,594673.25,18.9,Contract,630,20000.0,120,15528.07,0.029,2,0,2,205239.6,Business,0
39,1137453.6,7.2,Salaried,640,1859927.86,84,50778.75,0.175,3,0,1,23632.85,Medical,0
35,287817.62,6.3,Salaried,559,797015.22,120,185637.39,0.867,2,0,1,15567.5,Personal,0
60,430039.69,14.9,Salaried,430,20000.0,24,579744.92,1.352,3,0,2,63200.12,Medical,1
37,883637.89,9.4,Salaried,558,1293862.82,12,398041.91,0.568,2,0,0,22205.42,Vehicle,0
24,651210.19,2.2,Business Owner,673,774904.09,180,0.0,0.095,0,0,3,304285.33,Debt Consolidation,0
41,364561.22,7.5,Salaried,694,334337.27,120,320011.54,0.951,1,0,3,16254.29,Home,0
56,1086992.79,13.4,Salaried,694,1265591.71,240,0.0,0.093,1,0,0,111871.42,Debt Consolidation,0
29,389263.99,0.0,Unemployed,705,20000.0,60,77318.92,0.203,2,0,2,30273.73,Medical,0
41,564549.71,8.1,Contract,594,442952.4,48,291870.27,0.58,1,0,1,105556.59,Education,0
26,478556.29,1.8,Business Owner,574,650298.8,180,451718.43,1.053,3,0,2,119975.52,Personal,0
51,1201851.64,10.3,Contract,684,1226093.97,240,442867.81,0.45,1,0,3,56297.34,Home,0
41,653887.05,10.3,Contract,631,1920125.77,180,259681.99,0.632,1,0,1,153901.85,Medical,1
35,991332.02,8.1,Salaried,732,677615.59,180,262211.14,0.319,3,1,3,126240.51,Debt Consolidation,0
30,850408.39,9.0,Self-Employed,684,1029972.1,24,442318.17,0.617,2,0,3,277261.29,Home,0
45,541774.61,7.8,Self-Employed,766,2174194.15,180,0.0,0.321,3,0,4,204510.08,Personal,0
50,558764.72,13.6,Salaried,608,802368.4,12,528923.93,1.061,1,0,0,104250.51,Medical,0
62,1084578.72,10.7,Salaried,746,1034099.53,120,67523.3,0.139,0,0,2,218671.76,Medical,0
40,1022629.33,10.1,Salaried,833,181324.25,24,246910.46,0.256,3,0,2,130330.19,Business,0
28,301771.01,0.0,Business Owner,655,1779583.58,12,110674.45,0.839,0,0,4,23100.07,Medical,0
57,845445.07,11.4,Contract,695,443511.83,120,0.0,0.042,1,0,1,3325.6,Medical,0
48,800696.3,11.8,Business Owner,566,934285.65,48,283086.29,0.447,0,0,1,38915.44,Debt Consolidation,0
51,431669.21,10.1,Salaried,730,920117.89,180,242576.42,0.732,0,0,3,108696.12,Personal,1
25,677436.52,0.0,Salaried,752,842669.16,36,181029.25,0.367,1,0,1,132566.55,Education,0
34,301600.8,3.7,Self-Employed,605,582843.16,120,172520.2,0.727,0,1,0,8154.94,Debt Consolidation,1
54,582386.16,15.4,Self-Employed,703,920663.12,84,474670.47,0.942,3,0,2,281764.65,Business,0
57,508381.57,11.6,Contract,675,1678673.74,180,594704.56,1.434,0,0,4,206912.25,Medical,0
40,532052.18,7.4,Contract,685,1940466.99,180,425522.46,1.092,3,0,1,430789.71,Vehicle,0
56,687130.38,12.9,Contract,723,712428.56,84,249933.54,0.447,3,0,0,81270.88,Business,0
58,457108.33,17.3,Contract,697,575268.36,48,0.0,0.101,1,0,2,215223.67,Home,0
38,694294.76,0.0,Unemployed,637,395617.79,60,312888.03,0.496,0,1,2,91988.07,Education,1
60,840320.81,10.1,Self-Employed,725,2143067.8,84,320850.26,0.586,1,0,1,103206.42,Debt Consolidation,0
33,1084640.76,7.9,Salaried,750,864417.45,240,338839.93,0.376,2,0,3,214357.38,Education,0
31,589980.01,2.2,Salaried,600,1357521.28,24,0.0,0.184,3,0,0,279507.44,Home,0
51,552802.51,12.7,Salaried,650,1148330.32,12,353011.51,0.805,2,0,2,170699.23,Debt Consolidation,0
49,1123603.9,8.4,Salaried,491,1904200.85,60,481085.51,0.564,2,0,0,25733.2,Vehicle,0
27,473485.07,3.5,Salaried,703,676149.86,48,23127.99,0.163,1,0,4,126984.14,Debt Consolidation,0
57,313426.99,0.0,Unemployed,760,246465.85,240,323238.31,1.094,1,1,2,167899.33,Home,1
29,804011.85,3.6,Salaried,627,1729725.88,36,53880.2,0.239,2,0,3,380597.5,Home,0
56,90000.0,0.0,Unemployed,662,1251653.22,24,181231.46,3.0,0,0,3,185001.37,Personal,1
21,927823.67,0.0,Business Owner,630,1028141.55,24,29235.58,0.12,1,1,3,59665.85,Debt Consolidation,1
56,850836.77,9.6,Self-Employed,615,1567596.31,240,136871.78,0.308,2,0,3,186775.48,Personal,0
55,1169331.33,17.9,Business Owner,671,1056665.24,84,138267.44,0.191,3,0,4,231969.72,Business,0
55,924511.13,14.5,Salaried,579,1584950.35,240,274209.49,0.434,1,0,3,854274.88,Home,1
50,1011994.59,8.5,Self-Employed,629,923295.95,36,360264.5,0.429,1,0,0,389075.58,Vehicle,0
41,632394.52,5.0,Salaried,569,1250974.41,12,418911.97,0.821,0,0,1,73492.46,Personal,0
52,127332.42,0.0,Unemployed,703,1063195.66,60,82646.11,1.317,1,0,2,168138.69,Education,1
33,1163496.35,7.6,Salaried,672,637358.13,24,264776.33,0.271,1,0,4,159456.21,Education,0
55,320326.1,10.1,Salaried,611,697304.78,24,2330.41,0.181,3,0,2,31593.52,Medical,0
45,465371.73,12.9,Business Owner,653,603568.89,180,180076.15,0.491,2,0,4,23336.17,Education,0
41,951282.01,7.7,Business Owner,630,932743.55,48,207693.35,0.297,1,1,3,178268.29,Home,0
43,1072246.51,6.0,Self-Employed,753,572098.8,12,33943.37,0.074,1,1,1,188046.25,Education,0
46,722387.71,8.6,Self-Employed,610,1017949.78,24,300639.04,0.529,1,0,4,182940.5,Medical,0
22,852825.92,5.6,Salaried,707,1000950.78,48,171964.17,0.296,1,0,2,63468.02,Medical,1
27,269049.32,0.0,Business Owner,587,902577.07,240,227786.46,1.115,0,1,2,19840.6,Business,1
31,505113.76,1.8,Salaried,723,911259.33,84,420411.53,0.977,0,1,0,60728.19,Home,0
26,146513.05,4.9,Salaried,743,516920.79,60,123018.2,1.122,1,0,0,609170.29,Personal,0
40,852102.74,8.2,Salaried,748,659011.82,84,353035.69,0.476,0,0,2,41673.68,Debt Consolidation,0
50,300192.17,9.2,Salaried,782,20000.0,180,459718.08,1.537,2,0,3,131084.03,Business,0
49,364545.29,14.1,Salaried,676,740065.33,24,448688.63,1.393,0,1,4,40483.74,Medical,1
41,788506.3,11.0,Self-Employed,761,307094.38,60,166135.66,0.242,2,0,3,87290.14,Medical,0
58,976456.09,15.8,Salaried,796,849926.22,48,24920.81,0.095,3,0,2,60496.13,Home,0
45,632257.97,7.8,Salaried,549,442755.44,12,72212.3,0.17,1,0,1,248805.02,Medical,1
24,751543.13,0.0,Self-Employed,596,20000.0,60,0.0,0.002,1,0,2,36978.74,Home,0
54,833447.04,14.1,Salaried,515,1926221.49,120,323483.37,0.573,1,1,0,6559.11,Vehicle,1
46,771143.29,6.1,Business Owner,746,684285.31,84,334655.44,0.505,3,0,2,139016.89,Vehicle,0
48,90000.0,0.0,Unemployed,514,1523528.93,12,221131.76,3.0,2,0,0,73019.17,Medical,1
45,813222.85,14.7,Salaried,490,536505.15,48,0.0,0.053,0,0,3,142071.61,Business,0
45,825273.92,8.9,Contract,551,1649058.21,48,134248.82,0.323,2,0,0,166393.12,Debt Consolidation,0
24,832506.1,2.3,Salaried,494,224151.07,24,448446.65,0.56,0,0,2,231145.2,Debt Consolidation,0
45,750016.61,13.2,Salaried,674,888015.79,60,309739.52,0.508,2,0,1,55537.87,Home,0
55,559875.02,19.5,Business Owner,552,253855.29,60,340948.68,0.645,2,0,3,564943.55,Home,0
34,961585.04,9.9,Business Owner,498,2100371.59,180,795450.68,1.002,1,0,3,5162.96,Education,1
47,677654.73,5.2,Contract,646,675369.26,120,259053.44,0.462,3,0,1,240242.47,Business,1
22,482315.64,0.0,Salaried,652,1214226.28,240,0.0,0.201,0,0,1,115253.16,Medical,0
36,571341.04,7.5,Contract,482,1025288.71,48,1802.01,0.147,1,0,4,59674.18,Medical,1
40,484435.71,6.1,Salaried,586,787242.19,24,255000.02,0.656,3,0,4,15210.05,Debt Consolidation,0
64,951210.94,22.5,Salaried,643,1058859.93,60,203373.04,0.303,0,0,4,1764.07,Personal,0
30,272471.32,8.5,Salaried,618,1479586.47,84,169042.21,1.055,5,0,1,59041.37,Personal,0
33,90000.0,0.0,Unemployed,620,1134102.97,36,172202.29,2.921,3,0,0,124615.51,Medical,1
38,568806.78,6.3,Salaried,756,881227.44,60,58801.63,0.227,3,1,3,112023.74,Vehicle,0
64,1132437.71,15.0,Contract,843,1059661.47,240,267286.59,0.311,0,0,1,16574.34,Education,0
58,974570.14,14.2,Self-Employed,622,1757519.34,120,450984.94,0.607,0,0,1,40291.21,Debt Consolidation,1
22,342789.8,0.0,Business Owner,531,591594.81,84,511820.96,1.631,2,0,3,125178.1,Debt Consolidation,1
31,1117836.77,6.9,Business Owner,629,20000.0,240,506717.03,0.455,1,0,0,86313.17,Education,0
57,1045355.05,11.7,Contract,667,251749.51,12,27926.0,0.046,3,0,4,342122.68,Home,0
23,312497.92,0.0,Salaried,645,288938.25,60,196368.44,0.702,0,0,1,274791.35,Vehicle,0
58,90000.0,10.0,Salaried,705,359360.18,36,143508.79,1.914,2,0,1,54465.47,Vehicle,0
33,617944.59,1.7,Self-Employed,849,376546.51,36,306555.16,0.545,0,0,3,129055.97,Vehicle,0
61,1000606.1,14.0,Salaried,496,788200.21,180,185114.65,0.248,3,0,3,242729.35,Debt Consolidation,0
33,1033815.49,5.4,Salaried,604,923708.96,180,159387.05,0.226,3,0,3,57460.06,Personal,0
40,439293.18,4.4,Salaried,789,918335.86,60,461824.27,1.219,0,0,2,422811.75,Business,0
50,1124994.78,8.0,Salaried,603,434861.04,60,217708.12,0.224,0,0,3,170561.27,Home,0
26,90000.0,0.0,Salaried,721,1296950.03,84,222353.05,3.0,2,0,1,46786.34,Education,1
45,579987.35,6.3,Salaried,707,1067227.91,180,274382.87,0.62,2,0,2,51028.17,Vehicle,0
43,561697.33,7.1,Contract,761,1590654.32,12,321714.88,0.799,3,0,0,156567.53,Home,0
55,990084.26,11.8,Salaried,822,1223380.52,84,322752.06,0.425,0,0,2,45227.97,Medical,0
64,703575.62,0.0,Unemployed,680,625234.12,12,479384.72,0.752,3,0,1,224711.74,Education,1
50,575555.91,0.0,Unemployed,493,1452744.15,240,0.0,0.202,2,0,4,566264.82,Home,1
39,316362.49,6.1,Salaried,587,936793.04,36,258403.22,1.054,1,0,4,24740.62,Home,0
38,1016654.76,5.2,Business Owner,847,1198989.31,12,181571.7,0.273,1,0,0,53117.52,Personal,0
39,781260.49,9.6,Self-Employed,523,1160214.87,180,145841.83,0.305,0,0,3,30131.42,Vehicle,0
56,437191.4,13.5,Business Owner,695,737840.08,120,336400.51,0.904,1,0,0,104112.53,Vehicle,0
35,125246.54,8.8,Salaried,424,851635.19,240,433377.73,3.0,1,1,1,167578.35,Vehicle,1
28,880497.32,0.0,Salaried,528,734312.68,48,93483.32,0.173,2,0,2,15572.8,Home,0
35,596975.17,5.5,Salaried,730,373526.86,36,503648.75,0.894,2,0,1,51651.82,Home,0
21,278704.48,0.0,Self-Employed,653,20000.0,120,0.0,0.006,0,0,4,2993.08,Debt Consolidation,0
25,209957.02,0.0,Unemployed,616,453097.22,240,306247.06,1.631,1,0,0,35116.53,Home,1
24,850010.27,1.0,Business Owner,577,899582.83,240,39676.56,0.131,1,0,4,375830.39,Vehicle,1
54,828287.22,18.4,Business Owner,470,1342792.44,48,84481.05,0.232,2,0,4,97443.96,Education,1
52,90000.0,0.0,Unemployed,712,1197994.99,84,210814.31,3.0,0,0,3,58830.75,Personal,1
51,1311389.23,11.6,Business Owner,625,660193.45,180,128211.87,0.138,0,0,4,311128.71,Business,0
41,911054.49,4.1,Salaried,513,459911.68,120,0.0,0.04,1,0,1,9743.26,Personal,1
52,609155.64,8.0,Contract,653,710062.9,84,310064.52,0.602,0,0,3,465785.31,Business,0
28,547226.34,0.4,Salaried,702,312496.77,24,340356.91,0.668,1,1,3,304558.82,Education,0
60,806871.85,14.3,Salaried,632,20000.0,84,171008.59,0.214,1,0,1,86039.76,Medical,0
43,383594.65,7.6,Self-Employed,660,27427.69,24,156865.06,0.415,1,0,1,115141.77,Personal,0
62,453669.11,0.0,Unemployed,653,1487370.68,60,132879.78,0.555,2,0,1,233560.26,Home,1
27,285316.89,0.0,Salaried,586,1728642.45,84,0.0,0.485,2,0,0,609799.0,Education,1
42,645366.45,6.5,Self-Employed,655,1176970.49,12,0.0,0.146,1,0,2,70528.08,Personal,0
51,397857.13,13.5,Salaried,716,770923.69,48,344653.71,1.021,3,1,0,389415.16,Medical,0
42,383479.0,4.3,Salaried,743,103509.81,36,391646.13,1.043,0,0,1,6469.84,Education,0
40,1068430.65,6.5,Salaried,721,719433.99,24,307429.31,0.342,0,0,4,339786.35,Home,0
28,785806.47,3.7,Business Owner,589,1105919.62,84,268265.66,0.454,2,0,0,125629.81,Home,0
37,699851.62,4.1,Contract,707,1214940.64,120,340889.52,0.626,1,0,3,24639.34,Business,1
31,127155.03,5.0,Salaried,692,1144405.5,240,328899.84,3.0,1,0,1,314943.85,Home,1
34,489749.56,0.6,Salaried,586,1404784.03,120,58672.14,0.349,1,0,0,67804.85,Debt Consolidation,0
51,805303.03,14.7,Salaried,608,1771476.13,24,240042.93,0.474,0,0,2,254448.08,Education,0
48,729534.07,11.9,Salaried,711,597488.82,12,146706.91,0.267,0,0,1,41066.63,Debt Consolidation,0
47,139492.54,10.6,Self-Employed,774,2202656.02,180,149084.7,2.332,1,1,3,180932.2,Medical,1
36,846784.48,9.4,Business Owner,487,20000.0,12,405236.84,0.48,0,0,4,222511.33,Debt Consolidation,1
63,817639.7,15.8,Self-Employed,798,410844.28,48,483439.05,0.631,0,0,3,142345.21,Personal,0
24,929940.5,0.0,Salaried,755,900000.13,48,0.0,0.077,1,1,3,111001.61,Medical,0
36,481192.22,10.1,Self-Employed,668,1074512.96,24,154086.63,0.499,2,0,3,169238.94,Vehicle,0
26,90000.0,7.5,Salaried,628,709182.17,84,144661.39,2.238,1,0,1,95821.7,Education,1
35,392807.31,3.5,Salaried,685,552117.03,120,409064.89,1.154,0,0,2,122454.88,Business,0
63,101733.74,0.0,Unemployed,592,1901292.71,240,0.0,1.495,2,0,4,119021.55,Home,1
37,982177.22,9.5,Business Owner,634,528238.71,60,0.0,0.043,0,0,2,120048.16,Vehicle,0
60,90000.0,0.0,Unemployed,517,290313.02,48,347768.32,3.0,0,0,2,68538.21,Home,1
42,550910.88,10.2,Contract,493,1645412.83,24,373328.11,0.917,1,0,3,101554.2,Personal,1
51,1046448.87,14.3,Self-Employed,860,1224576.35,12,0.0,0.094,1,0,2,599119.14,Business,0
41,311803.12,0.0,Unemployed,656,1347358.61,180,177607.69,0.915,2,0,0,259610.48,Education,0
32,857079.2,5.7,Salaried,668,897935.62,180,475432.65,0.639,1,0,2,45465.61,Business,0
54,288550.42,13.2,Salaried,647,112006.65,240,5952.1,0.052,3,1,0,42543.84,Vehicle,0
63,325502.62,13.1,Salaried,576,842309.86,24,218189.29,0.877,3,1,3,57116.03,Education,0
32,992310.61,1.4,Salaried,622,43156.2,48,291433.21,0.297,1,0,4,129318.29,Debt Consolidation,0
55,727303.84,11.6,Salaried,658,921153.53,84,0.0,0.101,0,0,1,251599.9,Education,0
32,658818.59,7.2,Salaried,632,1126701.47,180,98508.47,0.286,1,0,1,182870.16,Medical,0
52,563461.79,15.3,Business Owner,582,1337709.84,48,0.0,0.19,2,0,0,70476.01,Home,1
55,727195.43,15.8,Contract,693,753805.95,24,170384.29,0.317,1,0,1,130102.66,Education,0
40,370515.61,8.9,Self-Employed,667,1174044.82,240,57621.19,0.409,2,0,3,53299.95,Debt Consolidation,0
53,992717.61,14.0,Salaried,685,348077.23,12,237383.43,0.267,2,1,0,31349.31,Personal,0
32,1464957.68,5.2,Business Owner,713,1283315.73,120,314268.54,0.285,1,0,2,375303.84,Education,0
24,729985.26,2.4,Salaried,635,1137288.97,48,449953.18,0.741,1,0,4,153370.83,Debt Consolidation,0
25,453263.4,3.0,Salaried,635,399871.2,12,619810.54,1.438,1,0,4,63132.24,Business,1
40,90000.0,3.4,Salaried,783,1065181.32,60,237385.97,3.0,0,0,0,14067.18,Education,1
60,295883.97,13.2,Salaried,565,1344860.61,48,143017.37,0.847,1,1,4,144713.95,Business,0
26,1003715.46,0.0,Salaried,481,839322.96,48,132560.27,0.199,0,0,4,221810.42,Education,1
41,402702.04,11.3,Contract,700,388743.69,24,26324.06,0.143,1,0,3,29397.52,Business,0
51,747291.28,17.0,Business Owner,593,888877.9,120,280667.84,0.471,1,0,4,15113.58,Vehicle,0
29,937831.49,0.0,Business Owner,553,1076225.37,36,110922.63,0.21,1,0,2,193103.58,Medical,0
52,1063572.45,17.1,Salaried,730,384990.27,24,293249.4,0.305,0,0,2,129846.83,Debt Consolidation,0
34,589103.27,5.5,Contract,637,296178.03,48,32055.23,0.095,0,0,3,5483.14,Education,0
56,753833.28,17.0,Business Owner,536,1060811.17,24,116106.19,0.267,0,0,4,157420.57,Education,1
46,692905.26,11.5,Salaried,824,1211658.98,60,277823.62,0.541,2,0,0,226494.21,Education,0
45,515090.55,13.9,Self-Employed,505,1874878.67,60,177517.05,0.636,1,0,3,287960.26,Personal,0
28,477545.2,3.4,Self-Employed,642,1132863.31,180,0.0,0.19,1,0,1,311447.35,Debt Consolidation,0
41,762970.03,3.9,Salaried,480,195459.15,240,197265.29,0.279,0,0,4,19618.66,Business,1
58,757322.88,14.5,Salaried,674,1819891.77,12,55680.73,0.266,1,0,3,17266.68,Personal,0
21,1132901.33,1.5,Self-Employed,592,1327493.57,12,412657.31,0.458,3,0,0,25884.34,Personal,1
54,808712.2,12.6,Salaried,724,20000.0,48,374800.0,0.465,1,0,2,46899.9,Medical,0
42,950786.39,10.4,Salaried,648,284854.99,12,0.0,0.024,2,0,4,21280.79,Business,0
52,425178.71,12.2,Salaried,772,554220.79,180,344269.8,0.914,2,0,3,22074.02,Personal,0
50,468289.32,0.0,Unemployed,611,1219049.1,180,270073.93,0.785,2,1,3,136010.68,Personal,1
40,476254.66,4.3,Salaried,506,20000.0,48,0.0,0.003,0,0,0,91859.28,Vehicle,0
34,737863.32,4.0,Salaried,671,740443.79,240,358098.22,0.566,4,0,4,101288.1,Debt Consolidation,0
48,853128.65,11.4,Salaried,627,1190524.43,60,0.0,0.112,0,1,3,137487.18,Medical,0
27,630467.21,0.0,Contract,486,20000.0,60,406168.06,0.647,1,0,4,26855.36,Medical,1
46,1276831.43,7.7,Self-Employed,555,1173379.21,180,83686.09,0.139,5,0,4,5554.23,Debt Consolidation,1
25,968994.94,0.0,Contract,584,1233471.73,60,0.0,0.102,2,0,4,40810.49,Medical,0
49,978311.33,9.3,Salaried,790,376673.73,120,581734.62,0.625,0,0,3,22.41,Education,0
48,872071.55,14.4,Salaried,714,223356.37,36,0.0,0.02,2,1,2,41760.12,Medical,0
24,1049840.2,0.0,Self-Employed,619,368853.22,60,54915.66,0.08,0,0,0,13797.1,Education,0
54,339757.68,15.3,Salaried,692,20000.0,180,90214.33,0.27,1,0,0,314831.5,Education,0
39,996570.78,15.7,Contract,466,636905.05,240,117979.69,0.17,0,0,3,23260.02,Home,1
55,454188.92,18.0,Contract,599,909798.13,24,325780.65,0.878,0,0,4,85707.08,Home,0
22,461915.22,0.8,Self-Employed,686,190331.6,12,210424.15,0.489,0,1,4,63767.14,Debt Consolidation,1
28,411348.11,0.0,Unemployed,665,1286024.79,84,380774.52,1.176,2,0,4,44799.08,Home,1
42,971305.04,4.3,Self-Employed,601,851283.59,12,266945.09,0.345,2,0,0,26079.12,Medical,0
29,335605.84,0.0,Salaried,647,930008.87,120,0.0,0.222,4,0,2,96317.27,Debt Consolidation,0
35,513863.78,5.7,Self-Employed,680,599001.67,48,298974.3,0.675,1,1,3,217814.66,Medical,1
50,711383.02,12.8,Salaried,649,1171521.97,180,242085.17,0.472,0,1,3,16499.28,Education,1
27,571408.5,5.7,Contract,727,1445280.34,24,87566.84,0.356,0,1,2,132360.44,Home,0
50,900508.02,9.9,Salaried,679,596240.68,12,573270.56,0.69,0,1,4,106796.36,Personal,0
25,1470981.9,2.2,Salaried,696,1180515.89,24,309502.66,0.275,1,0,1,214695.29,Vehicle,0
28,725830.18,3.3,Self-Employed,804,1186013.73,12,369510.81,0.64,1,0,4,164099.56,Business,0
46,491200.89,9.6,Salaried,724,1008935.3,24,375783.13,0.929,2,0,2,112081.4,Home,1
55,377872.92,13.4,Salaried,807,1638527.1,120,124390.37,0.676,3,0,3,130433.24,Business,0
28,689686.52,0.2,Business Owner,590,436755.16,120,314009.33,0.506,1,0,2,313984.34,Medical,0
34,403937.53,6.0,Salaried,507,589225.84,84,256884.84,0.753,0,0,1,157137.1,Vehicle,0
61,836887.45,16.6,Self-Employed,637,411520.31,48,99735.42,0.159,3,0,2,195201.47,Vehicle,0
64,842005.41,15.9,Salaried,630,1162510.82,36,0.0,0.11,5,0,2,69168.5,Medical,0
46,559207.95,12.0,Salaried,781,663756.87,180,204361.69,0.46,0,0,3,57755.4,Debt Consolidation,0
40,1153238.75,10.7,Salaried,548,452125.43,180,305647.28,0.296,0,0,0,171921.93,Vehicle,0
36,611138.17,8.0,Business Owner,643,1631573.81,36,202923.73,0.546,3,1,0,55799.16,Business,0
47,298142.23,0.0,Unemployed,686,1704752.91,240,167183.96,1.018,1,0,1,74491.51,Medical,1
47,837790.67,10.7,Salaried,659,635653.55,84,204924.44,0.305,4,0,1,141597.47,Home,0
33,509013.72,0.0,Unemployed,635,116295.96,48,148343.74,0.31,3,0,3,610670.96,Business,1
22,922394.13,0.7,Self-Employed,682,1731758.73,24,478877.47,0.669,1,0,3,77387.89,Education,0
27,725124.12,0.0,Self-Employed,747,1035365.27,84,248643.35,0.457,0,0,0,107844.55,Home,0
63,1138728.18,20.6,Business Owner,788,1010361.19,12,112436.72,0.17,2,1,0,28216.54,Home,0
39,637722.96,9.5,Business Owner,653,852500.5,36,0.0,0.107,1,0,4,252813.35,Vehicle,0
42,892520.49,11.9,Contract,577,399841.14,120,164502.46,0.22,1,0,3,14725.08,Education,0
41,886182.29,11.2,Self-Employed,788,593357.27,60,96171.7,0.162,0,0,4,21526.97,Personal,0
55,1080221.67,12.8,Self-Employed,553,1138860.02,24,89487.03,0.167,2,0,3,57379.43,Debt Consolidation,1
23,188891.0,0.0,Salaried,811,576219.82,24,369670.03,2.201,2,0,2,109909.66,Home,0
24,382204.22,6.4,Salaried,771,1016491.76,120,214352.42,0.774,1,0,1,192616.73,Debt Consolidation,0
33,991785.24,4.3,Business Owner,784,806682.79,180,0.0,0.065,0,1,4,39980.39,Vehicle,0
42,90000.0,4.3,Salaried,712,271556.51,120,311389.73,3.0,1,0,4,278920.48,Vehicle,1
50,810001.54,14.6,Salaried,460,1610565.32,24,0.0,0.159,0,0,2,503192.78,Home,1
42,927951.11,8.8,Salaried,556,1097016.46,120,324797.57,0.445,1,0,2,415302.87,Education,0
40,512906.19,12.1,Salaried,678,965323.84,36,114486.46,0.374,3,0,1,51652.32,Debt Consolidation,0
62,615452.5,17.1,Self-Employed,589,1077510.61,84,215643.3,0.49,1,0,4,276109.68,Education,0
28,352465.66,2.7,Self-Employed,622,20000.0,84,195516.81,0.559,0,0,0,286533.54,Business,0
46,544613.22,14.6,Salaried,705,553410.2,180,173337.17,0.4,0,0,0,192932.4,Personal,0
44,545857.87,4.6,Salaried,635,36349.73,180,237714.31,0.441,0,0,4,113025.82,Home,0
41,489289.68,6.2,Salaried,540,862343.11,12,214739.16,0.58,1,0,4,306521.57,Personal,0
56,520580.46,11.3,Salaried,730,962956.1,12,536551.29,1.179,0,0,1,50898.6,Home,0
32,715248.8,0.0,Business Owner,696,870669.41,240,240310.71,0.433,1,0,2,101712.91,Personal,0
62,652223.92,19.0,Self-Employed,628,1389294.58,36,244493.56,0.545,2,0,1,267281.29,Personal,0
35,1110532.97,3.9,Self-Employed,714,51323.89,12,72286.21,0.069,0,0,4,169887.09,Home,0
44,570453.71,11.9,Self-Employed,659,400374.51,24,268561.1,0.527,3,0,0,295874.42,Medical,0
43,402037.55,0.0,Unemployed,770,1007174.0,60,15753.61,0.24,1,1,2,111841.93,Education,0
58,716779.26,16.6,Business Owner,664,931968.33,180,407022.99,0.672,1,0,2,174414.03,Business,0
40,509601.06,6.2,Self-Employed,769,142284.63,240,0.0,0.022,3,0,4,47359.58,Personal,0
33,209907.37,2.5,Self-Employed,481,1398264.93,84,48141.44,0.762,3,0,2,167338.38,Debt Consolidation,0
21,207158.44,0.3,Salaried,691,1571611.06,36,0.0,0.607,0,0,1,199131.48,Education,0
37,90000.0,0.0,Unemployed,614,1012793.5,120,275535.87,3.0,2,0,2,178126.74,Medical,1
57,753924.21,14.2,Salaried,573,45464.3,180,123702.77,0.169,0,1,3,117327.94,Medical,1
21,869043.41,0.0,Salaried,754,879862.62,48,323466.92,0.453,3,0,4,525775.25,Home,0
60,90000.0,0.0,Unemployed,730,970171.28,84,24393.66,1.133,1,0,0,175338.83,Education,0
44,681730.8,9.8,Business Owner,469,664078.84,60,295665.59,0.512,1,0,3,112363.92,Vehicle,1
27,276277.32,0.7,Salaried,714,1473622.31,180,304370.59,1.528,3,0,2,223942.74,Vehicle,0
34,572930.73,5.0,Salaried,703,742030.67,84,238123.6,0.519,1,0,0,86635.04,Debt Consolidation,0
45,940942.37,8.9,Salaried,585,1852271.18,12,205557.23,0.376,0,0,1,304159.64,Business,0
34,527279.4,3.9,Self-Employed,575,1191558.61,180,224695.85,0.607,1,0,2,36643.52,Education,1
25,600120.76,2.5,Salaried,507,938040.06,84,36075.35,0.185,0,0,4,13045.45,Medical,0
50,700807.1,0.0,Unemployed,620,1260213.69,48,6451.48,0.153,1,0,4,40610.24,Home,0
50,451475.23,0.0,Unemployed,634,1565442.64,24,297897.07,0.937,1,0,2,12953.07,Debt Consolidation,1
26,424977.04,4.3,Self-Employed,722,1249526.01,120,133635.62,0.55,3,0,3,205680.13,Medical,0
33,675728.82,9.6,Self-Employed,674,762082.49,12,281610.55,0.507,2,0,2,275714.31,Vehicle,0
31,423112.75,1.5,Salaried,555,470039.87,24,479177.92,1.221,0,0,3,3890.09,Medical,0
50,792120.5,6.8,Salaried,671,238946.33,120,117711.64,0.173,2,0,4,137606.51,Home,0
53,974835.04,12.8,Business Owner,627,20000.0,36,91983.73,0.096,0,0,0,204414.55,Education,0
52,351210.07,15.0,Salaried,566,887116.69,120,141629.02,0.605,2,0,4,49901.21,Personal,0
62,766787.35,18.5,Salaried,507,606165.18,36,207014.8,0.333,1,0,0,130305.14,Medical,1
54,669606.69,16.8,Salaried,706,632935.73,120,310544.99,0.539,1,0,4,56416.71,Education,0
35,778169.35,0.0,Salaried,690,1314428.77,120,194890.36,0.386,2,0,2,23016.0,Medical,1
25,819836.76,5.4,Salaried,700,743963.74,120,574138.46,0.773,2,0,0,132475.47,Home,0
48,950362.4,11.8,Business Owner,584,1747551.82,120,275752.91,0.437,2,0,0,151930.89,Home,0
61,644201.66,11.4,Contract,665,513450.08,180,340548.39,0.592,3,0,4,607012.73,Home,0
63,959332.51,19.0,Self-Employed,526,314524.42,48,193365.12,0.228,0,0,3,50447.98,Business,0
31,411734.31,4.5,Contract,561,171181.81,60,382129.62,0.961,1,0,2,44150.0,Medical,1
31,299869.5,5.1,Salaried,653,1161375.53,12,163050.87,0.854,2,0,4,241676.7,Education,0
22,90000.0,3.4,Contract,674,1375743.03,48,84039.73,2.157,3,1,4,28284.9,Vehicle,1
27,600464.76,3.7,Self-Employed,503,502802.55,60,362962.07,0.671,1,0,0,173235.17,Business,0
45,466613.39,5.2,Salaried,555,268008.65,120,189688.06,0.452,0,0,2,106441.74,Vehicle,0
45,421438.62,0.0,Unemployed,617,1565138.11,240,244147.65,0.876,0,0,3,11160.9,Education,1
37,155193.15,1.5,Salaried,736,74799.06,84,376738.89,2.466,1,0,3,87748.02,Vehicle,1
34,477205.36,7.1,Salaried,577,1305110.09,24,225017.03,0.69,0,0,2,152476.09,Education,1
57,825567.48,18.6,Salaried,663,514509.32,24,173135.23,0.26,0,0,1,59053.38,Business,0
41,402540.96,4.3,Salaried,672,998547.68,60,103628.67,0.456,0,0,1,162998.44,Debt Consolidation,0
56,807314.19,12.0,Salaried,628,1338460.86,48,391102.55,0.617,1,0,0,153943.29,Education,0
63,586744.35,14.2,Self-Employed,674,1038128.09,240,138489.25,0.378,3,0,2,52731.72,Debt Consolidation,0
34,630797.92,3.8,Contract,529,652371.97,24,190801.91,0.385,0,1,2,139761.04,Personal,1
29,772789.5,4.4,Salaried,591,1498048.63,84,251643.38,0.481,0,1,4,50109.11,Medical,1
62,961199.26,15.1,Self-Employed,779,944550.69,180,250901.34,0.34,0,0,0,178924.93,Debt Consolidation,0
48,704123.1,12.8,Salaried,785,2641254.75,48,382465.92,0.843,1,0,2,69824.46,Debt Consolidation,0
33,432497.43,8.0,Contract,726,20000.0,36,187432.56,0.437,1,0,3,46834.35,Home,0
48,566490.28,14.1,Salaried,749,20000.0,24,447749.23,0.793,1,0,2,383039.19,Home,0
43,825238.84,5.4,Salaried,486,1297130.28,84,155223.78,0.314,1,0,0,390594.98,Medical,0
60,461686.6,19.8,Self-Employed,565,784124.42,84,266737.09,0.714,1,0,3,366129.42,Medical,1
32,738483.35,8.8,Business Owner,622,1196304.7,120,166920.67,0.356,2,0,0,34532.37,Medical,0
64,632528.98,21.9,Contract,867,250809.56,180,576765.2,0.944,0,1,3,126814.09,Education,0
62,697159.55,15.9,Self-Employed,622,827066.37,240,136885.39,0.291,1,0,1,224112.15,Vehicle,0
28,368679.37,0.5,Contract,717,1028658.74,24,153164.26,0.639,1,0,3,90048.67,Personal,0
28,158013.91,0.0,Salaried,684,528144.58,48,220653.38,1.664,2,1,0,162164.22,Business,1
44,799185.65,5.9,Salaried,682,915914.85,36,151980.78,0.282,0,0,3,282214.86,Medical,0
22,844032.86,0.4,Salaried,648,119236.91,180,256607.87,0.315,1,1,0,110785.05,Medical,0
34,190956.26,7.7,Salaried,542,997411.43,24,421235.89,2.624,1,0,1,255948.84,Vehicle,1
40,749231.54,11.5,Salaried,407,1522724.01,84,226514.79,0.465,1,0,3,93430.84,Medical,1
63,996795.73,15.3,Self-Employed,765,181211.02,36,233168.56,0.248,1,1,1,104201.2,Home,0
64,877977.76,17.1,Salaried,595,151023.33,12,158753.02,0.195,3,0,2,97368.51,Home,1
27,513832.46,2.1,Self-Employed,482,1394960.53,84,109086.74,0.429,1,1,2,254800.36,Vehicle,1
60,481125.91,13.7,Self-Employed,689,142181.1,48,217375.36,0.475,2,0,1,41872.15,Personal,0
25,782244.52,3.8,Business Owner,688,1220300.49,120,201367.86,0.382,0,0,2,31601.45,Vehicle,0
53,907946.26,13.9,Business Owner,719,827674.24,48,411187.11,0.526,2,0,1,366087.8,Education,1
58,734951.88,15.2,Salaried,750,591089.03,24,27365.97,0.102,0,0,2,10071.15,Personal,0
60,671966.34,16.7,Salaried,567,1533262.41,24,461816.25,0.87,1,0,3,344245.35,Home,0
30,356337.07,5.4,Self-Employed,571,1264073.9,24,173573.28,0.771,0,0,3,201396.03,Education,0
60,822672.07,17.4,Self-Employed,621,939857.81,48,226736.24,0.367,3,1,1,112208.79,Vehicle,1
26,732713.62,0.0,Salaried,724,20000.0,36,8329.43,0.014,2,1,3,473601.12,Personal,0
43,716205.53,11.5,Salaried,461,1156126.86,24,301148.63,0.55,0,0,3,110066.39,Home,0
41,837748.41,8.8,Business Owner,662,264570.04,36,27114.25,0.058,2,1,2,44952.83,Business,1
34,1058812.37,3.9,Self-Employed,734,689309.03,180,267210.25,0.304,0,0,3,360217.11,Home,0
21,443905.3,0.7,Salaried,730,803667.03,180,249625.89,0.707,3,1,2,190491.24,Personal,0
54,1019358.77,14.2,Salaried,714,1748638.66,48,141388.2,0.276,1,0,0,74652.74,Debt Consolidation,0
35,458493.88,8.8,Contract,746,673378.97,60,0.0,0.117,2,0,2,153361.71,Debt Consolidation,0
50,964237.64,8.5,Salaried,403,88614.08,24,588912.44,0.618,2,1,4,92535.92,Debt Consolidation,1
39,962341.89,11.2,Contract,795,1534821.85,48,10245.55,0.138,2,0,2,108879.31,Medical,0
37,574737.2,6.5,Salaried,680,1162866.11,84,249094.43,0.595,1,0,2,92183.5,Education,0
59,1129240.76,13.7,Self-Employed,770,1181487.9,12,68634.91,0.144,0,1,3,5293.69,Medical,0
25,729258.97,0.0,Salaried,544,1544209.0,180,388640.61,0.702,1,0,4,142329.12,Education,0
53,476681.89,9.8,Salaried,492,1661604.42,240,131692.46,0.555,1,0,2,60698.87,Debt Consolidation,1
53,602460.85,7.6,Contract,811,354132.97,240,64644.54,0.154,0,0,1,45837.69,Vehicle,0
37,931190.58,8.4,Self-Employed,567,104505.12,24,307128.21,0.339,0,0,3,58889.65,Home,0
32,513766.18,0.0,Unemployed,622,1221234.62,240,0.0,0.19,0,0,3,83143.56,Home,1
21,335489.9,0.0,Salaried,697,668766.34,24,125609.85,0.534,0,0,3,66269.1,Home,0
62,688185.67,13.5,Contract,720,714111.0,180,324244.13,0.554,0,0,3,322774.1,Vehicle,0
62,423880.75,0.0,Unemployed,747,239165.3,24,471231.67,1.157,0,0,4,38571.79,Education,0
31,503098.85,3.9,Self-Employed,670,1091948.31,48,26765.92,0.227,1,1,1,133066.32,Medical,0
22,1192449.93,2.9,Salaried,555,1001065.59,240,89919.41,0.143,0,0,1,163270.27,Medical,0
26,823415.94,1.7,Business Owner,714,722250.96,60,263384.78,0.39,2,1,4,374593.22,Education,0
23,590546.95,0.0,Self-Employed,715,105828.88,24,0.0,0.014,4,0,0,301212.87,Home,0
57,655712.76,0.0,Unemployed,487,1404575.01,48,444372.35,0.849,3,1,4,43894.23,Business,1
60,625696.62,8.5,Salaried,778,927852.25,36,20090.52,0.151,2,0,1,158386.63,Home,0
27,869856.9,0.0,Salaried,426,1358921.87,240,121266.21,0.264,0,0,3,183423.42,Debt Consolidation,1
53,279066.9,15.6,Salaried,743,20000.0,48,246951.99,0.891,4,0,4,290595.54,Vehicle,0
28,657586.49,6.4,Business Owner,593,828411.58,12,209222.6,0.419,2,1,4,10245.88,Home,1
37,560267.6,0.0,Unemployed,713,441550.6,24,26549.12,0.11,0,0,3,134467.28,Medical,0
47,1070549.43,11.7,Salaried,696,818073.64,60,509862.6,0.537,2,0,1,20790.93,Personal,0
52,649676.07,5.6,Business Owner,647,1271605.28,12,0.0,0.157,2,1,1,123579.99,Debt Consolidation,0
59,141544.59,0.0,Unemployed,691,984973.68,36,0.0,0.557,0,0,3,53144.81,Home,0
22,744861.61,4.4,Salaried,642,809061.12,84,85380.53,0.202,3,0,3,441230.87,Vehicle,1
29,468241.53,8.1,Salaried,714,806390.22,180,29053.18,0.2,3,0,1,286289.49,Personal,0
33,718855.52,8.9,Business Owner,847,20117.41,12,419519.64,0.586,2,1,2,139548.22,Vehicle,0
34,858101.26,4.5,Self-Employed,529,346715.97,48,0.0,0.032,1,0,4,32782.69,Home,0
64,592974.45,13.3,Salaried,363,1360643.77,48,480343.35,0.994,1,0,0,322082.8,Home,0
55,210643.56,13.5,Contract,613,547231.58,180,149935.93,0.92,0,0,2,56018.47,Personal,0
35,316728.89,5.6,Self-Employed,606,1370209.52,180,0.0,0.346,0,0,2,230935.11,Personal,0
63,728488.9,21.5,Contract,616,1213185.47,240,0.0,0.133,2,0,4,51206.42,Vehicle,0
42,197144.21,9.1,Contract,567,1239602.56,84,161276.49,1.321,0,1,1,231214.27,Medical,1
43,591709.9,8.9,Contract,729,966457.19,24,73645.38,0.255,1,0,0,359554.95,Debt Consolidation,0
40,308975.87,7.8,Self-Employed,526,581995.88,240,242569.07,0.936,0,1,2,38897.31,Home,1
27,1027984.75,3.6,Salaried,691,724423.97,120,118896.99,0.172,1,0,1,107744.81,Education,1
62,1264285.65,18.3,Self-Employed,707,1120192.95,84,372044.48,0.365,0,1,4,392476.64,Personal,0
21,335450.72,0.0,Salaried,678,20000.0,48,174351.58,0.525,1,0,3,36460.7,Home,0
28,835189.67,0.0,Business Owner,694,1421888.2,180,123696.48,0.284,0,0,1,67799.92,Vehicle,0
31,389899.07,8.1,Salaried,735,549940.28,48,375185.77,1.075,1,0,1,364104.22,Home,0
33,558671.1,0.0,Self-Employed,655,756857.92,36,241070.51,0.54,4,0,0,354605.55,Home,1
26,1065867.33,6.9,Salaried,619,761168.73,36,339433.7,0.376,0,1,0,175141.4,Home,0
21,483327.86,0.0,Salaried,694,780083.71,84,406758.93,0.971,1,0,2,142464.13,Home,0
50,615490.63,9.8,Salaried,704,143179.16,84,147115.92,0.258,3,1,3,121550.98,Medical,0
63,490367.68,19.7,Self-Employed,730,875862.52,36,206884.62,0.565,2,0,3,630657.98,Medical,0
26,901547.34,2.0,Contract,496,1097182.32,48,351884.71,0.488,0,0,0,11515.75,Debt Consolidation,1
34,90000.0,1.3,Salaried,633,20000.0,36,0.0,0.018,1,0,0,12256.76,Business,0
43,555300.67,10.1,Contract,554,149607.12,120,181681.88,0.349,0,1,2,446179.89,Medical,0
61,708528.48,16.2,Contract,700,1247932.68,48,159523.88,0.366,4,0,0,76954.84,Debt Consolidation,0
51,524730.67,11.4,Salaried,715,1154898.57,180,267329.43,0.686,4,1,4,3477.87,Medical,0
54,1064886.38,11.3,Business Owner,625,949370.62,36,55800.23,0.124,0,0,2,15848.74,Debt Consolidation,0
46,975506.82,9.9,Salaried,584,458925.95,48,397180.53,0.445,1,0,2,317193.13,Medical,0
39,300990.12,5.5,Salaried,704,1157806.31,12,67202.66,0.531,0,0,3,23846.16,Business,0
29,1147371.66,10.5,Self-Employed,638,198549.65,12,117376.89,0.116,1,0,2,55148.3,Education,0
59,358185.29,14.5,Salaried,778,731331.98,12,80406.21,0.388,0,0,0,82516.46,Debt Consolidation,0
56,1027157.67,12.9,Contract,810,146753.53,12,421378.73,0.422,1,0,1,510282.86,Debt Consolidation,0
22,290456.92,0.0,Unemployed,740,718999.03,240,0.0,0.198,3,0,1,144968.9,Home,0
52,567074.73,17.7,Contract,671,284804.56,36,521638.4,0.96,0,0,0,62477.45,Debt Consolidation,0
24,506658.27,0.0,Self-Employed,814,1177905.43,60,465206.7,1.104,3,0,2,48535.13,Vehicle,1
53,687621.8,13.9,Self-Employed,672,1016590.92,240,98324.24,0.261,1,0,0,82358.85,Education,0
57,410104.47,0.0,Unemployed,607,514712.21,60,384846.28,1.039,1,0,0,248402.56,Business,0
26,384961.41,0.0,Salaried,589,1345149.61,48,223416.17,0.86,0,0,4,212753.93,Education,1
40,598515.01,5.1,Salaried,587,321842.32,120,497524.04,0.874,1,0,0,102613.88,Medical,0
26,422331.79,3.0,Self-Employed,649,782357.77,120,371117.67,1.027,0,0,0,86750.57,Personal,0
45,368237.62,7.0,Salaried,692,492589.34,12,594766.02,1.722,0,0,2,156300.62,Medical,0
61,515672.07,16.8,Salaried,523,1171185.88,240,0.0,0.182,2,1,4,453589.02,Debt Consolidation,0
24,321506.34,6.4,Salaried,610,1121721.23,24,234442.16,1.008,2,0,1,88077.72,Medical,0
38,545961.27,7.3,Self-Employed,669,1450978.27,48,0.0,0.213,0,1,1,51767.83,Medical,0
63,834118.73,12.4,Salaried,708,841492.22,240,106631.53,0.209,4,0,3,168818.37,Education,0
34,669177.59,2.7,Salaried,648,20000.0,84,604937.5,0.906,1,1,4,20836.39,Vehicle,1
26,1108586.19,1.1,Salaried,672,584565.77,84,284276.08,0.299,2,0,1,920.23,Education,0
42,110386.75,7.3,Salaried,539,1582629.85,180,377217.41,3.0,0,0,0,10397.29,Vehicle,1
43,783335.24,9.3,Contract,568,637502.68,60,292508.95,0.439,1,0,1,121297.84,Home,0
50,688605.06,12.5,Salaried,645,20000.0,84,281083.11,0.411,0,1,4,60868.47,Vehicle,0
34,992917.59,10.4,Business Owner,696,1024665.93,60,105977.37,0.189,1,0,1,74360.66,Home,0
63,1055116.3,16.8,Business Owner,671,1062029.69,24,72444.37,0.149,1,0,4,16089.49,Debt Consolidation,0
43,624752.06,5.3,Salaried,574,436400.51,36,101151.62,0.218,0,1,2,952.78,Education,0
33,679162.82,8.3,Contract,629,676625.45,120,0.0,0.08,2,0,2,180592.79,Business,0
63,689982.7,20.6,Business Owner,786,376352.03,36,185233.06,0.312,1,1,3,36773.04,Education,0
61,873419.99,16.7,Self-Employed,699,1061284.85,240,243173.0,0.376,0,0,4,232340.5,Business,0
42,193280.99,7.7,Salaried,635,828299.72,240,88540.4,0.801,2,0,3,147386.35,Home,0
22,797206.61,2.3,Salaried,558,217112.42,120,176477.28,0.243,2,0,1,36954.39,Home,0
47,322206.64,0.0,Unemployed,586,795228.09,12,294508.76,1.111,1,0,1,33346.78,Education,0
45,550234.49,3.4,Contract,651,433487.81,120,359264.43,0.716,2,0,0,191695.23,Vehicle,0
27,209866.7,0.0,Unemployed,675,1530530.35,240,0.0,0.583,1,1,2,86091.37,Business,1
48,641200.94,13.5,Contract,701,1246848.87,120,56940.37,0.244,0,0,4,59186.11,Business,0
57,1032325.94,18.7,Salaried,685,738860.33,84,335532.7,0.382,2,0,1,96652.14,Personal,0
25,1420373.42,0.0,Contract,617,840532.08,84,306021.3,0.263,0,0,1,439919.94,Home,0
52,997967.71,13.1,Self-Employed,604,1306888.11,60,441991.78,0.548,2,0,4,441511.55,Business,0
27,476668.55,3.1,Contract,834,713194.81,36,434526.55,1.031,3,0,0,114190.11,Education,0
53,853445.46,13.1,Salaried,600,1179196.26,60,634677.17,0.854,0,1,1,91909.67,Medical,0
39,822332.29,7.5,Salaried,534,1538693.06,240,147302.14,0.329,0,1,1,209616.74,Business,0
21,518709.82,0.1,Business Owner,503,554558.97,12,484141.52,1.019,2,0,4,170109.7,Education,1
63,410800.18,17.4,Contract,618,1623072.55,24,34397.35,0.4,1,0,4,6566.06,Personal,1
28,605179.77,5.0,Self-Employed,735,1477558.45,180,630929.51,1.238,1,0,4,203747.76,Business,0
47,879926.9,14.1,Salaried,598,924279.4,180,281845.44,0.404,2,0,4,148660.54,Personal,0
28,218047.93,0.5,Salaried,783,578044.0,60,297563.59,1.577,2,0,0,147510.16,Vehicle,0
62,192775.53,0.0,Unemployed,649,918055.77,48,378186.61,2.343,2,1,0,31068.99,Vehicle,1
53,839162.93,11.5,Salaried,750,677749.55,12,0.0,0.065,2,0,4,1777.27,Medical,0
56,715430.9,12.3,Salaried,582,403614.07,120,6544.08,0.054,2,0,1,316458.02,Home,0
40,1011068.41,2.8,Self-Employed,583,1066137.6,60,220821.25,0.303,0,0,0,141623.58,Personal,0
41,307158.14,8.1,Salaried,658,288237.85,180,262229.52,0.929,1,0,2,155982.09,Debt Consolidation,0
48,1269041.23,12.2,Self-Employed,693,630722.71,48,574859.71,0.493,2,1,4,411396.09,Education,0
55,317501.89,13.1,Salaried,634,637299.15,180,29144.02,0.252,0,0,3,49890.39,Education,0
58,203709.07,14.8,Contract,676,117370.27,240,477234.74,2.389,2,0,2,236515.52,Medical,1
21,585271.81,1.3,Contract,703,1129236.01,24,152193.93,0.414,2,1,0,139051.6,Personal,0
50,90000.0,0.0,Unemployed,522,685830.98,120,149685.68,2.273,2,0,3,525279.9,Education,1
25,602311.08,0.3,Self-Employed,619,1449421.66,84,170508.29,0.476,2,0,0,571040.76,Medical,0
33,617568.28,1.3,Salaried,603,677673.5,48,145050.11,0.323,0,0,0,76122.68,Home,0
57,809056.45,14.1,Business Owner,608,596702.41,24,287576.9,0.414,0,1,3,235884.95,Personal,0
32,422397.24,10.1,Contract,687,347678.64,24,128910.25,0.371,0,1,0,540781.63,Home,0
56,813164.04,10.5,Self-Employed,605,819514.6,24,0.0,0.081,2,1,0,62753.75,Business,0
41,730665.72,10.0,Business Owner,470,822339.12,36,151794.31,0.298,1,0,4,9449.96,Debt Consolidation,0
31,1055916.22,7.5,Business Owner,629,1170883.37,60,282195.02,0.356,0,1,2,199299.52,Home,0
35,746906.94,0.0,Business Owner,554,833509.5,60,0.0,0.089,2,0,3,199390.23,Medical,0
44,577838.14,10.4,Business Owner,695,1846958.85,240,304729.4,0.783,1,0,3,398321.7,Vehicle,0
54,277072.36,15.0,Salaried,723,1028108.63,120,412493.54,1.786,2,0,4,131812.34,Home,0
47,634972.64,9.6,Self-Employed,454,306581.51,240,466387.55,0.773,0,0,3,132516.81,Medical,0
62,405698.86,14.5,Self-Employed,580,264261.83,120,260779.52,0.695,0,0,3,112741.22,Debt Consolidation,0
59,376509.54,13.4,Salaried,682,1067398.73,84,0.0,0.227,5,1,2,37643.9,Home,0
54,830864.33,12.2,Contract,523,290835.94,180,316571.6,0.409,1,1,0,65376.45,Education,0
47,233582.48,9.5,Self-Employed,720,1097422.19,120,374090.84,1.977,5,0,3,39635.56,Debt Consolidation,1
33,989048.34,3.3,Salaried,744,1247819.52,180,74623.85,0.176,2,0,2,186041.71,Home,0
39,693929.1,6.2,Contract,635,1259871.09,36,186917.07,0.415,1,0,2,198912.65,Vehicle,0
26,754039.34,5.6,Business Owner,580,365406.37,120,287047.9,0.419,0,0,1,35949.09,Debt Consolidation,1
37,539308.51,2.8,Business Owner,442,1260735.59,36,521706.88,1.154,3,1,4,426137.06,Medical,1
61,911093.07,10.8,Salaried,723,961294.62,36,153947.06,0.253,0,0,3,37420.09,Education,0
39,653273.77,10.8,Contract,830,496064.47,120,360426.06,0.612,1,0,2,147396.37,Home,0
26,443475.84,1.4,Salaried,812,720299.43,60,256933.57,0.709,0,1,0,252177.31,Personal,0
49,733956.17,10.0,Self-Employed,632,1035639.88,180,235896.96,0.434,0,0,2,257488.56,Personal,0
63,305303.64,16.5,Salaried,552,463574.45,120,439484.51,1.561,1,0,1,151461.88,Personal,1
59,305168.22,15.8,Self-Employed,725,950929.73,120,50343.99,0.414,2,0,2,478851.14,Education,0
33,505953.48,3.2,Business Owner,639,1522800.97,24,241473.15,0.718,3,0,0,246085.15,Debt Consolidation,0
40,744381.82,9.1,Self-Employed,693,1282028.07,12,204893.35,0.413,0,0,2,168012.29,Vehicle,0
44,668185.42,6.3,Self-Employed,677,840993.1,36,0.0,0.101,3,0,4,258984.84,Debt Consolidation,0
31,892244.82,3.1,Contract,658,917071.3,48,421865.0,0.555,1,0,1,303552.81,Debt Consolidation,1
32,553002.54,0.0,Business Owner,743,530968.53,180,349223.09,0.708,1,0,2,188562.4,Education,0
31,773666.96,7.5,Salaried,746,545051.8,12,206098.29,0.323,1,0,2,22006.65,Business,0
64,350532.36,0.0,Unemployed,603,31401.85,60,152951.78,0.444,1,0,4,30774.64,Personal,0
53,610238.7,14.8,Business Owner,567,925554.86,180,200039.94,0.449,1,0,4,16679.3,Medical,0
57,454326.92,0.0,Unemployed,425,1141249.22,48,327326.88,0.921,1,0,4,399503.86,Personal,1
56,338497.04,0.0,Unemployed,619,764578.26,36,209521.12,0.8,0,0,2,26247.52,Debt Consolidation,1
63,568720.2,16.8,Contract,552,361337.9,24,79849.94,0.191,1,0,2,490710.13,Medical,0
25,772499.77,2.8,Business Owner,688,833064.24,48,106925.68,0.225,1,0,3,406126.64,Education,0
59,681617.4,12.3,Self-Employed,620,1470882.28,84,197817.61,0.463,1,0,0,406167.48,Business,0
23,567577.98,0.0,Salaried,630,1248990.83,84,32133.23,0.233,0,0,3,163952.96,Home,0
41,556851.71,7.7,Self-Employed,723,785262.82,180,259998.27,0.58,1,0,1,54452.76,Business,0
47,501762.87,8.4,Business Owner,686,1823715.2,12,57257.07,0.405,1,0,2,61350.47,Business,0
36,663691.35,10.3,Self-Employed,639,2149358.49,36,28219.14,0.302,0,0,3,62384.97,Personal,0
27,417321.41,3.5,Contract,802,559928.69,48,774763.77,1.964,1,0,2,63859.16,Home,1
29,368917.78,1.1,Salaried,716,677057.62,48,549173.25,1.635,0,0,1,20897.49,Vehicle,1
57,647825.04,13.6,Salaried,613,1146665.65,120,225910.11,0.49,0,1,0,359092.58,Business,0
35,825506.64,6.0,Self-Employed,617,343511.82,12,353182.93,0.461,2,0,2,61316.09,Business,0
34,685403.38,5.0,Salaried,721,1224567.12,36,383770.65,0.703,1,0,0,24248.04,Personal,0
61,587214.45,16.8,Salaried,668,850733.85,12,186420.11,0.433,0,0,4,44441.0,Personal,1
27,475163.49,2.6,Salaried,549,985819.24,84,250896.04,0.694,3,1,4,255730.48,Education,1
61,878953.32,11.8,Contract,731,512281.08,240,152809.32,0.22,0,1,3,6100.76,Personal,1
61,120816.06,9.5,Self-Employed,763,406148.32,240,426020.67,3.0,0,0,1,256256.72,Medical,1
47,877341.25,9.3,Salaried,756,20000.0,12,428497.94,0.49,0,0,3,86380.04,Debt Consolidation,0
28,152496.06,4.5,Salaried,789,1542390.45,24,481145.4,3.0,1,0,2,22112.75,Personal,1
27,264148.02,1.3,Self-Employed,836,1270723.22,84,247879.74,1.323,1,0,1,19363.65,Home,0
33,507433.54,8.5,Salaried,806,1136679.5,36,590204.89,1.342,0,1,2,65627.34,Education,0
46,1367531.04,9.9,Business Owner,681,974163.08,36,186256.8,0.193,1,0,0,473756.6,Personal,0
27,1037354.84,6.5,Contract,631,20000.0,120,568447.49,0.55,4,0,0,143859.17,Business,0
41,836621.94,11.5,Salaried,485,424449.41,36,116606.05,0.18,1,0,1,144120.87,Medical,0
26,704135.59,5.2,Self-Employed,651,671959.52,84,0.0,0.076,2,1,0,76273.03,Vehicle,0
44,203430.76,5.6,Salaried,697,259326.82,12,565005.44,2.879,1,1,4,111674.93,Debt Consolidation,1
21,639189.54,0.1,Salaried,654,20000.0,240,318867.88,0.501,2,0,4,162781.23,Education,0
52,555694.62,16.1,Contract,480,311318.58,12,293442.05,0.573,2,1,1,102539.83,Home,0
23,401832.67,1.6,Self-Employed,624,824571.47,12,135112.77,0.5,0,0,1,148774.19,Medical,0
29,662700.77,4.9,Contract,708,824699.49,48,47873.16,0.172,4,1,3,294877.92,Home,0
28,503222.5,0.0,Salaried,558,1253761.42,180,64954.7,0.328,0,0,1,248246.34,Vehicle,1
57,925324.89,20.2,Salaried,665,1831589.85,84,224938.51,0.401,1,0,3,224639.89,Education,0
23,122011.31,0.0,Self-Employed,689,1142880.76,60,172963.88,2.167,0,0,0,5192.54,Vehicle,1
39,672752.86,1.2,Self-Employed,751,712225.16,36,0.0,0.085,2,0,2,511585.12,Vehicle,0
47,108225.69,0.0,Unemployed,804,1700163.26,36,504876.66,3.0,1,0,0,109719.56,Personal,1
43,563591.04,1.5,Salaried,616,20000.0,84,124451.94,0.224,0,0,3,13500.05,Debt Consolidation,0
50,763156.6,8.3,Contract,667,20000.0,60,422913.71,0.556,2,1,3,90896.99,Medical,0
56,425673.03,21.7,Contract,669,356638.29,84,72983.35,0.238,2,0,2,168145.05,Education,0
38,692058.03,5.7,Self-Employed,708,1206093.72,48,227871.65,0.469,1,1,4,129013.33,Home,0
57,654915.45,10.1,Salaried,698,884280.13,36,375016.04,0.681,1,0,3,396888.45,Vehicle,0
34,473853.28,5.3,Self-Employed,778,235838.15,24,350182.27,0.779,0,0,1,197612.99,Debt Consolidation,0
64,611356.88,14.5,Salaried,440,436452.73,36,151767.08,0.305,2,0,2,196914.86,Personal,1
43,627362.03,11.4,Contract,688,179258.25,24,291672.9,0.488,1,0,2,365526.05,Vehicle,1
53,504040.87,10.1,Self-Employed,694,179245.8,60,321670.4,0.667,0,0,3,55154.19,Education,0
59,365773.62,0.0,Unemployed,629,1575528.89,36,173372.68,0.819,2,0,3,186221.05,Education,1
55,632455.84,10.2,Self-Employed,446,728282.52,180,0.0,0.092,1,0,3,49249.84,Personal,0
58,558179.37,22.6,Self-Employed,645,1684791.04,60,87577.95,0.398,1,0,0,86612.72,Home,0
44,1216460.56,10.7,Business Owner,586,354992.81,36,131738.79,0.132,0,0,0,267131.78,Personal,0
22,706809.98,0.0,Self-Employed,801,1045562.51,12,204690.58,0.408,0,0,1,60407.64,Debt Consolidation,0
42,567321.94,7.5,Contract,684,913541.33,24,486628.48,0.987,2,0,0,34075.24,Home,0
28,657465.11,1.1,Salaried,578,1239840.79,12,363346.84,0.704,1,0,2,519807.32,Home,0
60,110294.97,0.0,Unemployed,465,927274.25,36,53108.52,1.154,0,0,1,117333.54,Education,1
31,520807.1,1.6,Contract,703,1292541.7,36,530574.01,1.217,1,1,3,70789.08,Medical,1
31,549980.64,9.0,Contract,713,1077098.81,12,185810.66,0.495,1,0,3,13324.53,Home,0
31,318301.52,2.3,Self-Employed,631,254364.06,120,321011.42,1.072,1,0,4,183936.91,Home,0
49,780838.51,4.8,Contract,704,1166357.38,60,30982.37,0.159,0,0,0,220746.75,Home,0
46,548596.82,6.5,Salaried,619,748450.48,240,118597.4,0.325,2,1,2,356331.0,Debt Consolidation,0
62,784133.33,19.2,Business Owner,746,411640.21,180,386828.92,0.535,2,1,3,120863.86,Home,0
39,511820.04,6.4,Salaried,739,1146988.89,12,41802.97,0.261,0,0,1,188420.34,Debt Consolidation,0
33,1375772.65,4.4,Salaried,502,1260779.27,120,209930.83,0.226,1,0,4,185010.41,Medical,1
23,440346.21,4.3,Salaried,524,558217.42,240,284763.93,0.748,3,0,3,21792.51,Education,1
21,90000.0,0.0,Salaried,833,624717.54,180,15871.38,0.732,2,0,2,182810.01,Debt Consolidation,0
37,248017.01,8.3,Salaried,734,106439.85,120,0.0,0.034,2,0,0,648383.37,Home,0
61,909825.66,14.0,Contract,536,20000.0,24,363329.2,0.401,3,0,2,243620.49,Education,0
44,1003113.17,10.9,Salaried,509,678845.85,240,715408.86,0.767,1,0,0,49148.84,Home,1
60,696550.7,14.4,Business Owner,669,1196027.24,180,282595.91,0.543,0,0,1,7974.41,Vehicle,0
25,931737.42,0.9,Salaried,547,513367.15,60,317134.47,0.384,0,0,1,294008.63,Debt Consolidation,0
25,947397.5,4.1,Business Owner,621,1513896.83,240,40867.0,0.171,1,0,0,93369.52,Personal,0
57,660629.97,16.6,Contract,646,697463.0,60,464541.45,0.788,0,0,0,258556.44,Medical,0
25,546888.43,1.1,Salaried,642,699495.34,60,132182.1,0.344,2,1,4,18238.58,Education,1
23,801217.56,0.0,Business Owner,751,655454.14,180,409469.12,0.577,3,1,2,294293.7,Debt Consolidation,1
38,870363.96,11.6,Contract,815,1290796.29,120,309313.58,0.474,2,0,0,37312.67,Debt Consolidation,0
61,819323.64,17.8,Contract,607,320544.71,60,313705.45,0.414,0,0,1,145378.19,Personal,0
51,520797.92,10.8,Salaried,548,735519.92,180,306795.11,0.702,0,0,2,42191.92,Personal,0
25,568448.24,0.0,Self-Employed,685,526314.02,240,301058.32,0.604,2,0,4,11975.59,Business,0
57,1203315.86,17.5,Contract,797,519215.98,84,251010.24,0.243,1,0,2,69560.69,Personal,0
58,773803.45,15.1,Salaried,614,817577.17,240,374467.35,0.568,4,0,0,220817.35,Debt Consolidation,0
56,922331.36,13.5,Contract,727,743338.35,48,69311.22,0.14,4,0,2,144285.64,Vehicle,0
60,851971.25,15.9,Salaried,575,1325835.65,60,157012.33,0.309,0,0,3,37562.42,Education,0
31,698339.44,5.0,Contract,652,794612.9,84,464255.91,0.756,0,0,0,271565.87,Education,0
64,756174.73,17.0,Salaried,545,1077502.87,84,231123.14,0.42,1,0,3,185802.31,Home,1
35,866347.66,9.2,Salaried,651,886377.57,24,141330.83,0.245,2,0,1,35729.53,Debt Consolidation,0
56,534660.56,0.0,Unemployed,640,1501879.5,60,386276.49,0.947,2,0,4,28452.01,Education,0
46,740973.37,11.6,Contract,705,648807.52,24,350737.63,0.543,2,1,2,238932.31,Personal,0
55,528559.37,17.7,Contract,810,650214.3,120,0.0,0.098,0,1,2,18504.54,Personal,0
48,427389.7,0.0,Unemployed,615,1172519.29,180,331387.68,0.995,1,0,3,3976.84,Home,1
49,667248.02,13.3,Salaried,470,641998.58,120,224720.78,0.414,0,0,4,92095.39,Medical,1
48,603936.02,13.8,Salaried,632,1049195.84,180,328142.28,0.682,2,0,0,14669.04,Education,0
55,1371693.99,16.7,Salaried,677,1968957.2,84,201926.87,0.262,2,1,1,332679.43,Debt Consolidation,0
53,311237.17,15.5,Self-Employed,668,310523.67,48,283574.16,0.991,2,0,0,517770.68,Personal,0
26,854628.21,3.9,Salaried,636,1565835.23,12,0.0,0.147,1,0,0,3190.86,Business,0
57,142332.26,0.0,Unemployed,784,553896.69,12,38911.67,0.585,0,0,2,16838.74,Personal,0
44,701798.87,7.6,Salaried,662,1468839.33,240,333218.21,0.642,1,1,2,21222.79,Home,0
35,1284146.88,5.1,Salaried,641,1143022.93,180,671858.54,0.594,1,0,3,230482.63,Business,0
43,425407.75,8.2,Salaried,580,1100163.83,48,266109.55,0.832,0,0,3,71049.36,Debt Consolidation,1
63,545031.84,15.7,Salaried,493,724518.43,240,75295.15,0.244,0,0,4,154151.15,Personal,0
58,706621.57,8.8,Salaried,680,674748.37,36,224373.84,0.394,2,1,1,430862.3,Business,0
57,646195.76,18.5,Business Owner,672,438996.21,120,39183.63,0.115,2,0,2,249858.44,Vehicle,0
41,881014.09,4.9,Salaried,555,803138.02,24,424968.21,0.555,1,0,0,54065.3,Education,0
55,568367.64,14.1,Self-Employed,646,708044.28,120,208654.36,0.467,2,0,2,105939.81,Business,0
37,811502.41,2.1,Contract,637,895509.13,12,389577.45,0.568,0,0,0,425643.11,Debt Consolidation,0
51,357702.72,13.9,Self-Employed,594,94672.45,120,172378.1,0.503,3,0,4,66728.71,Vehicle,0
49,382292.12,8.8,Business Owner,579,811322.56,60,405552.9,1.231,0,0,2,43829.89,Education,1
31,572753.76,0.6,Salaried,686,1431326.49,84,0.0,0.2,1,0,0,352770.92,Education,0
32,240873.04,5.0,Salaried,630,1272024.27,12,204406.03,1.271,1,0,1,55024.9,Personal,1
23,985567.23,0.0,Salaried,597,811500.89,48,297125.95,0.367,0,0,3,477251.55,Medical,0
27,90000.0,0.0,Unemployed,572,2081209.05,24,151696.84,3.0,0,0,3,49424.79,Business,1
40,397578.33,8.1,Self-Employed,638,511323.35,84,264711.81,0.769,2,1,3,27971.3,Education,1
42,766404.97,10.8,Salaried,733,756663.98,12,261657.92,0.42,1,0,3,8082.45,Home,0
28,474409.01,0.3,Self-Employed,669,74742.5,240,388790.0,0.832,3,0,4,5449.21,Business,1
39,274403.01,4.2,Contract,629,598182.34,24,311874.75,1.311,0,0,4,161401.15,Medical,1
47,1337991.04,10.5,Business Owner,678,1693907.06,60,270727.06,0.304,1,1,2,202898.38,Vehicle,0
31,379591.55,5.6,Self-Employed,773,617259.41,240,358303.46,1.074,2,0,4,16260.94,Personal,0
35,592935.55,10.0,Contract,694,36084.4,48,0.0,0.005,2,0,3,58556.85,Education,0
37,745701.87,3.2,Business Owner,673,1235999.44,60,64566.21,0.219,0,0,0,381168.47,Personal,0
43,843577.29,7.8,Self-Employed,707,994605.12,240,0.0,0.094,2,0,3,170492.4,Vehicle,0
37,763588.12,9.9,Salaried,636,1215323.03,12,298748.34,0.519,0,1,1,114378.77,Medical,0
53,489299.74,18.7,Salaried,667,651474.46,84,274486.51,0.667,1,0,4,74966.95,Debt Consolidation,1
35,210543.2,0.0,Unemployed,606,296438.07,84,449353.11,2.247,0,0,1,83516.97,Home,1
40,600269.39,5.4,Self-Employed,510,708188.35,120,263299.88,0.533,5,1,2,45283.02,Debt Consolidation,1
37,835239.87,7.5,Salaried,681,1077422.49,84,86293.74,0.207,1,0,4,111526.09,Home,0
29,331919.52,1.5,Self-Employed,681,763836.53,60,224120.15,0.859,3,0,3,88654.17,Education,0
51,1194527.64,9.7,Salaried,624,993977.59,60,0.0,0.067,0,0,0,32549.19,Education,0
31,440204.15,4.7,Contract,743,531590.86,36,126519.27,0.384,0,0,4,15804.57,Home,0
34,636812.65,9.8,Salaried,585,1012548.26,48,0.0,0.127,2,0,2,106164.8,Education,0
55,412002.64,9.7,Contract,491,798493.03,240,259133.72,0.784,2,0,2,24101.22,Business,1
62,398460.25,20.9,Self-Employed,587,447063.04,84,149726.28,0.466,0,0,0,584942.54,Personal,0
50,468392.9,9.9,Salaried,511,869975.08,120,176190.38,0.525,0,1,0,44604.31,Personal,1
61,477369.2,17.0,Salaried,680,606653.93,24,32314.84,0.169,2,0,2,43713.04,Medical,0
58,607435.74,19.6,Contract,582,1108582.23,48,79605.82,0.277,1,0,1,37812.14,Education,0
42,418258.74,9.4,Salaried,739,1236578.46,24,324670.95,1.013,0,0,0,118973.32,Home,0
54,872888.11,12.3,Salaried,737,1050768.9,240,0.0,0.096,2,0,0,352587.91,Vehicle,0
35,596254.03,7.8,Business Owner,567,20000.0,240,291023.78,0.491,1,0,3,346675.71,Business,0
41,436546.13,7.5,Salaried,577,317614.62,48,53980.04,0.182,3,0,2,142021.06,Education,0
44,570757.78,10.8,Salaried,698,481711.57,48,0.0,0.068,2,0,2,367104.45,Business,0
63,974209.72,16.2,Salaried,738,401842.98,120,420741.9,0.465,0,0,2,402849.53,Home,0
58,764719.04,17.4,Contract,469,528576.51,24,439252.54,0.63,2,0,4,54825.99,Home,0
42,638077.62,4.2,Salaried,675,1262624.24,84,102895.78,0.32,0,0,2,205459.31,Vehicle,0
49,325738.81,8.2,Salaried,452,1149327.22,24,101130.52,0.593,0,0,4,6917.21,Education,1
29,338322.89,0.0,Salaried,601,588074.34,60,154842.57,0.597,1,1,1,221952.15,Personal,0
56,385397.51,13.8,Salaried,748,1095896.83,120,54188.25,0.368,0,0,3,105237.57,Vehicle,0
45,998712.81,5.0,Salaried,900,964421.03,120,85907.48,0.163,0,0,3,172139.61,Personal,0
44,801640.78,7.1,Salaried,629,783570.59,24,281010.97,0.429,2,0,1,135985.0,Medical,0
54,483594.87,9.9,Salaried,538,1374112.35,36,573300.88,1.413,1,1,0,90349.19,Education,1
48,539907.09,15.2,Salaried,604,469351.85,48,136152.24,0.322,0,0,0,55946.53,Home,0
24,402677.46,0.0,Contract,656,826379.77,120,384158.75,1.118,0,0,3,115446.69,Home,1
33,414534.7,0.9,Salaried,590,274569.95,36,263520.54,0.689,0,1,0,720634.81,Vehicle,1
28,736075.26,3.5,Salaried,567,298535.27,60,0.0,0.032,4,0,3,132082.27,Business,0
53,624115.94,17.9,Contract,612,119617.49,36,195601.51,0.329,3,0,3,235379.85,Debt Consolidation,0
22,1123291.94,0.1,Contract,686,307071.42,48,172990.62,0.176,1,0,3,182681.52,Business,0
29,1086589.96,3.1,Business Owner,635,841550.28,60,463616.84,0.489,1,0,0,41065.52,Personal,0
47,1005370.09,14.3,Salaried,571,648757.91,24,470927.61,0.52,0,0,0,217290.91,Personal,0
51,857839.24,14.6,Salaried,590,665064.35,12,267823.94,0.374,2,0,1,247358.12,Education,0
43,560335.23,10.1,Salaried,613,650418.44,24,418566.65,0.84,2,0,2,117048.26,Vehicle,0
58,860447.72,13.1,Salaried,560,1686371.31,60,173655.19,0.359,0,0,0,94802.97,Medical,1
61,632791.83,17.4,Salaried,586,231409.93,24,401484.09,0.664,0,0,2,69941.13,Home,0
26,1022569.01,0.0,Self-Employed,708,177953.34,12,218060.74,0.227,1,0,0,47623.13,Vehicle,0
62,824069.85,14.5,Salaried,629,377288.7,180,397581.43,0.519,3,0,0,136393.29,Medical,0
48,746590.09,15.1,Self-Employed,492,764052.58,240,415893.86,0.639,1,0,1,52266.44,Debt Consolidation,0
48,712768.17,14.7,Salaried,742,1057385.66,60,328961.14,0.58,3,1,2,215841.41,Business,0
25,1047066.61,2.9,Salaried,688,1109293.81,84,66514.18,0.148,0,0,2,258825.3,Debt Consolidation,0
48,322562.42,5.0,Contract,526,1272319.16,24,124302.09,0.701,1,0,3,61460.58,Medical,0
52,1152571.96,8.8,Contract,617,745880.57,12,335405.96,0.343,1,0,0,27024.73,Education,0
46,628461.55,8.0,Salaried,579,601839.44,12,360822.87,0.651,1,0,0,212744.33,Education,0
24,257462.76,0.7,Self-Employed,711,1616730.35,24,228510.23,1.39,1,1,4,20306.32,Debt Consolidation,1
44,480947.57,5.4,Salaried,617,20000.0,24,143787.6,0.302,0,0,2,26287.8,Medical,0
62,310298.18,15.7,Salaried,643,831379.51,120,234449.98,0.97,4,0,3,2467.86,Business,1
52,1006414.19,17.7,Business Owner,633,1015003.47,120,149874.38,0.23,3,1,3,224016.19,Personal,0
27,358426.76,3.6,Salaried,517,1736842.0,120,150875.93,0.809,1,0,1,158153.48,Education,1
63,768166.92,17.5,Salaried,776,20000.0,36,552806.02,0.722,0,0,0,125047.41,Medical,0
63,1009554.26,13.7,Self-Employed,710,589931.18,48,114412.34,0.16,1,0,4,160743.19,Business,0
28,452995.77,0.0,Salaried,583,121194.9,48,291401.93,0.665,1,0,3,245529.53,Education,0
56,637974.08,10.3,Salaried,667,20000.0,24,227526.37,0.359,3,0,2,206230.22,Education,0
38,325158.35,1.8,Salaried,738,697737.15,60,0.0,0.172,1,0,4,51352.0,Personal,0
47,230910.72,0.0,Unemployed,655,1216546.88,60,0.0,0.421,0,1,2,132453.44,Home,1
40,1300505.91,8.8,Self-Employed,790,1402984.79,24,185398.86,0.229,1,0,0,120922.65,Home,1
55,896483.29,10.7,Salaried,900,534063.6,36,0.0,0.048,0,0,3,166392.62,Business,0
64,662817.4,17.6,Salaried,639,1133263.12,60,529473.04,0.936,1,0,4,56033.75,Debt Consolidation,1
55,549077.99,18.0,Self-Employed,598,701140.65,12,134909.35,0.348,2,0,1,287711.29,Vehicle,0
61,709341.65,21.9,Salaried,561,1078286.89,84,120225.52,0.291,1,0,0,226720.33,Home,1
62,755512.69,18.7,Self-Employed,451,1377237.62,48,420151.47,0.702,1,0,4,94530.86,Debt Consolidation,1
24,654232.57,0.7,Business Owner,762,702884.78,120,174670.5,0.353,1,0,0,55644.66,Debt Consolidation,0
32,765514.8,6.6,Salaried,618,1338487.19,120,317187.77,0.554,0,0,0,125161.07,Personal,0
52,454638.13,16.5,Salaried,729,193486.36,48,96934.77,0.247,1,0,4,69924.8,Debt Consolidation,0
46,435403.08,4.0,Salaried,747,1128255.26,48,208178.02,0.685,2,0,1,98261.43,Medical,1
23,698548.86,5.2,Salaried,553,1316836.64,60,374326.07,0.687,1,1,3,123758.84,Medical,0
25,319839.56,0.0,Salaried,566,1265104.6,12,44873.61,0.457,1,0,2,254460.7,Business,0
43,848254.31,7.2,Contract,807,207489.34,24,294992.32,0.367,4,1,4,310500.23,Education,0
48,677429.85,9.7,Salaried,644,697094.5,24,0.0,0.082,0,1,4,234242.5,Business,0
28,164022.7,3.8,Self-Employed,591,951087.57,36,427790.86,3.0,1,0,2,41351.08,Education,1
28,798374.78,0.0,Business Owner,556,1021526.22,84,99845.05,0.227,2,0,3,197221.13,Education,0
26,193713.34,1.1,Salaried,637,857937.97,36,184581.65,1.307,0,0,0,181707.31,Home,0
45,845340.5,11.2,Salaried,786,1514593.14,60,182368.35,0.359,3,0,4,210721.86,Education,0
21,537821.42,0.7,Salaried,712,152176.99,120,24525.78,0.068,3,0,4,281818.38,Business,0
46,1287771.05,11.1,Business Owner,666,679874.58,120,10706.54,0.051,1,0,1,319552.35,Debt Consolidation,0
41,927828.21,7.0,Salaried,793,20000.0,60,293842.01,0.318,1,0,2,24626.92,Home,0
41,544826.87,10.1,Business Owner,776,1110624.41,84,302300.39,0.718,3,0,4,283689.66,Vehicle,0
50,181815.03,14.8,Contract,680,1077309.72,48,40650.77,0.698,0,0,1,106476.03,Education,0
43,627224.69,11.8,Business Owner,900,2474301.68,60,297391.47,0.79,1,0,0,41172.58,Medical,0
53,90000.0,0.0,Unemployed,628,1313179.83,180,300420.95,3.0,0,1,4,129214.14,Debt Consolidation,1
54,1305434.52,16.0,Business Owner,749,965682.57,60,131920.56,0.16,1,0,0,274362.25,Home,0
61,717421.34,18.6,Contract,615,927447.54,48,0.0,0.103,1,0,0,82330.04,Vehicle,0
56,938354.7,22.0,Contract,731,641694.54,240,193242.2,0.261,1,0,2,143680.28,Medical,0
43,744742.27,12.5,Business Owner,628,865243.85,240,265714.74,0.45,2,0,2,185779.48,Debt Consolidation,1
42,618083.13,8.1,Contract,692,938124.48,180,189404.29,0.428,1,0,1,12782.97,Education,0
31,271843.24,0.0,Unemployed,865,20000.0,180,93351.07,0.349,0,1,4,50465.54,Personal,0
47,954634.83,9.6,Self-Employed,736,898456.8,48,284054.49,0.373,2,0,0,213768.02,Business,0
27,695906.19,1.4,Self-Employed,693,850504.78,240,427758.41,0.712,2,0,4,85663.22,Business,0
61,455666.54,17.5,Self-Employed,580,1677006.64,84,61346.56,0.429,2,0,3,7028.19,Business,1
58,1116628.53,12.7,Contract,667,734164.12,240,146358.65,0.184,2,1,1,100010.51,Business,0
26,541796.13,5.6,Salaried,559,417227.32,12,693765.67,1.342,3,0,2,38825.25,Medical,0
55,588119.97,9.4,Contract,730,934266.04,12,252356.18,0.556,0,0,0,12588.74,Home,0
26,90000.0,0.0,Contract,728,837174.04,12,0.0,0.744,2,0,4,29787.91,Education,1
52,501599.9,0.0,Unemployed,634,734699.69,240,114035.14,0.345,3,0,3,22230.04,Business,0
24,634253.16,0.0,Salaried,800,160505.59,36,63754.26,0.121,3,0,4,53357.5,Education,0
42,837981.41,4.6,Business Owner,787,721990.25,12,268470.78,0.389,0,0,0,175108.2,Medical,0
49,733293.83,9.3,Business Owner,663,510404.06,120,255390.89,0.404,0,0,4,89041.21,Home,0
53,202195.54,0.0,Unemployed,701,691759.25,180,85432.31,0.696,2,0,4,89509.45,Medical,0
39,561604.89,7.2,Contract,597,1166076.61,240,534135.98,1.117,1,0,2,472.1,Vehicle,1
61,835790.22,14.1,Self-Employed,626,462742.83,84,215324.0,0.302,0,0,3,2536.45,Medical,0
55,861779.44,12.0,Self-Employed,553,689383.76,120,117968.59,0.201,2,0,1,249630.26,Vehicle,0
30,569242.1,3.6,Salaried,607,1070602.48,84,0.0,0.15,1,0,2,292030.53,Business,0
50,574234.37,0.0,Unemployed,641,665298.86,120,38942.22,0.161,4,0,4,38262.62,Personal,0
53,676256.45,17.2,Salaried,501,2104592.99,60,0.0,0.249,0,1,4,419791.37,Business,1
35,665943.4,6.0,Business Owner,702,924433.25,12,165697.75,0.36,4,0,1,79290.16,Debt Consolidation,0
53,745603.89,13.5,Contract,742,179051.48,24,40706.54,0.074,4,0,2,178981.38,Vehicle,0
60,377153.4,15.1,Salaried,649,380348.63,240,341117.12,0.985,1,0,1,279311.3,Business,0
56,763179.58,15.4,Salaried,407,330032.61,12,94802.22,0.159,2,0,1,34119.31,Personal,1
54,313454.47,14.4,Salaried,627,387486.86,12,351236.18,1.219,1,1,3,140780.04,Vehicle,0
48,424068.26,14.8,Contract,525,1068489.06,180,288464.12,0.882,1,0,2,202790.49,Medical,1
32,128327.15,0.0,Self-Employed,595,246745.27,240,316191.36,2.618,3,0,3,172342.2,Business,0
55,658220.76,12.9,Salaried,781,634397.12,60,361414.83,0.626,2,0,4,15539.33,Vehicle,0
37,1200408.43,7.4,Business Owner,431,1371373.45,24,558798.22,0.557,0,0,0,75869.9,Vehicle,0
44,639730.83,9.1,Salaried,577,540113.92,84,47180.47,0.141,1,0,2,61392.19,Vehicle,1
34,799896.34,2.4,Contract,725,1135743.28,12,352279.87,0.554,0,0,0,179480.46,Vehicle,0
34,1227078.47,1.3,Salaried,587,20000.0,48,271661.42,0.223,3,0,0,50644.13,Education,0
27,719013.96,4.8,Salaried,580,614692.47,84,391390.48,0.613,0,1,0,77830.05,Home,1
63,534696.99,14.5,Salaried,833,357027.31,180,219943.55,0.465,1,1,1,61390.74,Vehicle,0
27,461107.85,0.0,Self-Employed,684,949885.48,24,411682.03,1.058,0,0,0,29275.87,Business,0
24,609164.55,3.8,Self-Employed,734,282610.94,84,0.0,0.037,4,0,3,350414.43,Debt Consolidation,0
62,714776.34,17.8,Business Owner,695,1834828.44,12,19224.46,0.232,2,0,1,154664.4,Education,0
45,532478.25,9.3,Self-Employed,665,20000.0,60,97542.16,0.186,0,1,1,8564.91,Vehicle,0
40,903313.48,4.9,Salaried,764,1367890.57,120,186545.05,0.328,0,0,4,1733.75,Education,0
53,952539.07,12.5,Salaried,821,1239138.54,12,208344.07,0.323,3,0,3,876680.39,Debt Consolidation,0
37,236276.88,10.0,Salaried,498,954930.58,120,66795.09,0.606,2,0,3,458970.12,Vehicle,0
26,90000.0,0.0,Unemployed,647,827216.63,240,21642.95,0.976,3,1,3,9006.85,Home,1
53,579998.9,8.1,Salaried,646,1727479.34,36,82047.78,0.38,0,0,1,48482.86,Business,0
28,420772.24,0.0,Unemployed,611,2035481.94,120,0.0,0.387,2,0,3,5788.78,Education,0
45,957768.9,9.5,Salaried,738,696366.66,60,148135.71,0.213,0,1,0,217568.2,Debt Consolidation,0
62,1398491.98,14.9,Salaried,673,878884.69,240,189486.85,0.186,0,0,2,83591.03,Personal,0
62,606581.68,18.3,Salaried,823,523799.89,84,279386.56,0.53,1,0,4,186054.71,Personal,0
36,541067.82,9.3,Salaried,749,215356.3,180,230036.91,0.457,0,0,1,134562.86,Personal,0
55,849142.5,14.4,Contract,773,1031556.38,24,522811.67,0.713,1,0,3,60935.78,Debt Consolidation,0
47,507445.82,12.1,Self-Employed,542,924811.2,36,346227.2,0.828,2,0,0,576654.18,Education,0
42,627759.53,9.2,Salaried,577,20000.0,48,332716.4,0.533,1,0,2,245095.29,Vehicle,0
27,664240.47,2.4,Business Owner,585,1028000.99,240,265646.32,0.524,0,1,0,160648.78,Home,1
37,90000.0,2.5,Self-Employed,769,941569.93,84,296430.53,3.0,1,0,4,141430.23,Medical,1
49,364808.31,0.0,Unemployed,563,499377.66,24,160266.85,0.549,3,0,2,200597.24,Medical,0
64,333409.76,0.0,Unemployed,566,466738.67,180,217931.88,0.766,0,0,4,360663.27,Debt Consolidation,1
21,1067807.76,0.0,Business Owner,549,1011889.88,84,545880.27,0.587,2,0,4,109015.05,Medical,0
52,694372.6,13.1,Contract,898,1604440.83,48,187390.18,0.455,1,0,0,172345.73,Personal,0
58,397313.13,10.5,Contract,637,999197.81,48,0.0,0.201,1,0,2,118435.38,Medical,0
62,658475.28,16.6,Self-Employed,698,1190242.13,120,325425.43,0.639,1,1,3,32191.01,Personal,1
39,281229.29,4.6,Business Owner,547,383901.8,180,357537.56,1.381,1,0,2,149008.49,Debt Consolidation,1
26,312270.54,0.0,Salaried,736,592863.81,60,227814.22,0.881,1,0,3,201394.2,Home,0
32,941876.49,2.5,Business Owner,490,1104008.39,180,0.0,0.094,0,0,2,411549.84,Vehicle,0
58,299164.89,0.0,Unemployed,562,120827.56,120,431589.15,1.475,0,0,4,39080.2,Debt Consolidation,1
59,944627.06,17.0,Salaried,584,903600.85,12,241383.21,0.332,2,0,3,35540.48,Medical,0
49,192276.94,10.7,Contract,670,1046711.52,180,144153.48,1.185,1,0,2,577158.14,Education,0
26,204384.65,0.0,Unemployed,579,780732.95,84,413850.64,2.33,0,1,4,52871.82,Business,1
26,496121.88,0.7,Salaried,787,959686.02,60,0.0,0.155,2,1,3,291756.17,Personal,0
42,901962.15,7.2,Self-Employed,695,828909.92,84,220135.02,0.318,3,0,1,2452.52,Medical,0
46,493190.69,0.0,Unemployed,588,488919.2,12,102657.2,0.287,0,0,1,446388.92,Business,1
22,413563.04,0.0,Unemployed,740,210946.62,240,468586.32,1.174,1,0,0,82742.84,Business,1
51,1075352.51,15.9,Salaried,615,754843.33,180,243718.92,0.283,2,0,2,25646.36,Personal,0
44,576978.22,14.2,Salaried,597,1452253.0,240,44362.15,0.278,1,0,2,47471.78,Business,0
21,1083770.21,2.3,Business Owner,731,1312190.37,84,404882.25,0.47,0,0,2,214726.3,Business,0
25,350948.46,0.6,Salaried,429,627333.85,36,0.0,0.143,0,0,3,144258.59,Personal,0
40,386780.56,11.9,Salaried,716,616947.78,84,291422.31,0.881,0,0,1,183621.56,Business,1
52,881186.64,11.4,Salaried,586,580143.81,36,0.0,0.053,2,0,1,52698.68,Vehicle,0
57,331814.82,12.3,Salaried,586,580208.07,60,116761.22,0.492,0,0,3,23098.72,Business,0
39,797191.41,6.0,Self-Employed,826,943874.71,180,156678.08,0.291,0,0,3,83217.83,Business,0
33,811328.3,3.1,Business Owner,602,1328740.7,24,363820.23,0.579,1,0,2,108869.08,Home,0
63,993963.18,14.0,Self-Employed,736,1931404.62,60,596614.04,0.756,0,0,3,46635.55,Personal,1
41,645139.01,11.3,Contract,675,385076.24,60,0.0,0.048,2,0,4,191596.56,Education,0
34,653012.24,2.9,Salaried,684,1125590.17,240,280334.76,0.567,1,0,2,83763.69,Education,0
40,784316.25,7.5,Salaried,627,1071167.2,60,596442.1,0.87,1,0,3,465506.66,Debt Consolidation,0
21,434337.61,0.0,Salaried,623,635126.79,48,96872.66,0.34,2,0,1,480159.4,Business,0
34,462448.42,5.3,Salaried,788,286995.38,48,85700.17,0.235,1,0,2,8412.58,Education,0
43,784607.36,5.3,Salaried,734,937686.55,36,242470.32,0.405,1,0,1,32441.39,Medical,0
61,712678.05,12.5,Salaried,605,1859939.89,24,349190.3,0.699,1,0,3,129312.69,Medical,1
53,594171.52,12.5,Salaried,556,934523.55,120,318367.65,0.662,0,1,1,418070.94,Education,0
55,681303.98,16.8,Salaried,597,406384.2,120,135433.62,0.247,1,0,4,217724.09,Personal,0
44,1217639.88,10.5,Business Owner,738,721366.85,24,55543.35,0.093,1,0,4,131174.09,Medical,0
25,501245.4,3.1,Self-Employed,756,229912.99,60,436903.39,0.908,1,0,1,84008.79,Debt Consolidation,0
38,182995.1,0.0,Unemployed,700,809255.14,120,60577.26,0.685,4,0,0,11369.51,Personal,1
64,302138.94,16.2,Contract,504,1141704.01,120,0.0,0.302,2,0,3,50997.89,Education,0
22,592411.77,2.8,Self-Employed,718,453699.96,12,0.0,0.061,1,1,4,10531.75,Personal,1
59,878220.88,13.5,Salaried,767,20000.0,12,96294.83,0.111,3,0,4,9165.51,Business,0
51,899049.53,14.5,Self-Employed,666,938440.54,12,468651.0,0.605,1,1,1,126287.24,Education,0
33,663054.4,8.5,Salaried,828,549223.72,60,0.0,0.066,2,1,0,396.9,Vehicle,0
55,940958.39,11.1,Salaried,531,424665.08,240,473945.27,0.54,2,1,0,20374.36,Home,1
57,890807.6,12.3,Salaried,712,420349.2,12,435227.4,0.526,2,0,2,2608.95,Education,0
22,881237.56,0.0,Salaried,558,1000125.96,120,240541.61,0.364,1,0,1,652840.82,Home,0
25,858075.66,0.0,Salaried,745,596047.04,120,0.0,0.056,1,0,0,36875.01,Personal,0
50,1229494.55,10.2,Business Owner,705,1265222.82,240,0.0,0.082,2,0,0,303692.08,Medical,0
64,686576.71,21.1,Contract,812,1276225.83,84,85963.47,0.274,2,0,1,90553.59,Personal,0
22,421235.49,0.0,Business Owner,695,664684.0,240,511526.31,1.341,2,0,0,135303.96,Home,1
50,852929.69,15.6,Self-Employed,614,539567.01,60,97549.79,0.165,1,0,4,68999.59,Home,0
27,813138.3,1.1,Self-Employed,606,863854.25,36,60872.21,0.16,0,0,4,105489.7,Personal,0
49,1076498.85,17.5,Salaried,627,727303.41,240,233894.35,0.271,1,0,0,16110.87,Education,0
48,1151322.59,8.8,Business Owner,604,20000.0,60,0.0,0.001,2,1,2,113717.39,Education,0
24,1095368.11,0.8,Self-Employed,771,1757051.88,36,195568.13,0.307,0,0,0,87824.58,Debt Consolidation,0
50,841963.5,8.9,Salaried,765,1157167.87,84,56259.68,0.177,2,0,0,134950.32,Vehicle,0
60,774202.65,13.5,Salaried,515,568257.48,48,683794.96,0.942,0,0,1,57874.11,Medical,1
58,90000.0,0.0,Unemployed,653,20000.0,120,34827.7,0.405,1,0,4,26957.17,Personal,1
22,680024.13,1.8,Self-Employed,656,709784.07,120,547388.24,0.888,1,0,3,9685.85,Medical,1
31,491874.16,7.1,Self-Employed,580,506011.59,12,0.0,0.082,0,0,3,67122.28,Vehicle,0
31,682877.5,0.1,Self-Employed,689,769713.4,60,247299.58,0.452,1,0,0,52399.56,Vehicle,0
40,670628.3,9.6,Salaried,781,20000.0,180,290056.52,0.435,5,0,1,734290.47,Debt Consolidation,0
27,735933.4,0.0,Self-Employed,730,563876.68,84,225517.62,0.368,0,0,2,78919.0,Personal,0
58,686667.32,10.8,Salaried,771,594339.05,120,214472.14,0.382,4,1,1,406121.43,Business,0
55,935755.05,14.3,Salaried,585,703862.36,240,355062.18,0.44,4,1,3,33540.91,Home,0
56,174211.42,14.7,Business Owner,653,681896.16,48,275126.23,1.892,1,0,2,327811.23,Vehicle,1
29,671498.39,3.4,Salaried,581,826125.42,120,168877.57,0.35,1,0,2,512084.46,Education,0
21,900622.44,2.2,Contract,672,1560588.69,12,78602.02,0.226,2,1,2,237495.35,Home,0
61,1187512.13,18.6,Salaried,680,542492.91,24,170166.32,0.18,0,0,4,913073.54,Debt Consolidation,0
33,968990.33,9.2,Business Owner,736,344421.02,120,167944.16,0.202,1,0,2,73486.09,Business,0
49,1105220.76,7.6,Self-Employed,768,20000.0,24,164402.32,0.15,2,0,3,474626.98,Education,0
61,912234.0,20.5,Business Owner,712,544444.42,180,213715.91,0.282,1,0,2,55385.04,Education,0
22,603715.64,6.0,Self-Employed,573,99374.54,180,0.0,0.013,2,0,0,423641.36,Personal,0
21,382353.91,0.0,Unemployed,528,1280048.15,240,15035.83,0.307,0,0,2,156748.33,Vehicle,1
21,599201.43,0.0,Self-Employed,697,751947.08,12,349719.28,0.684,1,0,4,41259.22,Debt Consolidation,0
27,572410.63,0.0,Business Owner,785,1269732.49,36,0.0,0.177,2,0,3,140620.8,Personal,0
23,627189.94,0.0,Business Owner,648,1532848.53,60,415465.76,0.858,1,0,2,3711.91,Medical,0
57,429961.77,20.4,Salaried,513,367471.07,12,99394.27,0.3,1,0,4,259629.7,Medical,0
47,810094.27,10.5,Salaried,838,626320.12,240,500504.92,0.68,2,0,4,103588.63,Education,0
64,731847.95,15.3,Salaried,694,1465843.4,240,420718.8,0.735,6,0,4,84077.91,Personal,0
56,614928.47,11.9,Salaried,665,894608.79,120,141068.01,0.346,1,0,4,505765.07,Personal,0
63,584329.06,12.8,Salaried,545,1060754.97,36,159731.05,0.419,0,0,1,140644.74,Business,0
31,756264.09,6.6,Salaried,651,1316488.79,24,486786.95,0.783,1,0,0,412881.74,Personal,0
33,831112.05,4.5,Self-Employed,712,1248257.33,180,429182.17,0.637,2,1,2,85752.56,Home,1
58,428371.5,21.1,Salaried,695,1005179.78,120,375093.23,1.063,2,0,1,34350.37,Personal,0
31,308078.83,5.9,Contract,589,1498180.74,240,405954.42,1.707,0,0,0,167859.25,Business,1
23,844627.49,3.3,Salaried,645,765872.85,48,4246.06,0.078,3,0,3,62943.37,Business,0
50,493216.69,10.9,Business Owner,595,1059707.2,24,236953.51,0.652,1,0,0,47285.98,Education,0
56,841871.71,10.7,Salaried,800,711620.75,240,61332.19,0.14,2,0,0,4002.91,Personal,0
63,1130227.3,14.2,Self-Employed,731,1310275.83,12,0.0,0.093,2,0,0,202152.44,Medical,0
61,1124808.7,11.9,Salaried,603,449617.68,84,229499.79,0.236,0,0,2,348978.39,Business,0
26,949468.15,4.7,Business Owner,545,20000.0,60,125508.33,0.134,0,0,3,120865.71,Vehicle,0
54,876202.38,12.0,Salaried,675,1127462.39,60,170075.07,0.297,2,0,4,227928.58,Vehicle,0
58,923976.86,0.0,Unemployed,606,289930.73,48,109993.69,0.144,3,0,3,220421.12,Debt Consolidation,0
51,106401.08,12.4,Salaried,612,240378.67,12,0.0,0.181,1,0,2,36353.07,Medical,0
57,591916.08,13.5,Self-Employed,548,1432464.97,84,505422.76,1.047,1,0,1,23244.3,Education,1
57,920122.96,10.9,Salaried,559,1283139.78,36,228048.77,0.359,1,0,1,64303.44,Vehicle,0
40,572678.25,8.5,Self-Employed,665,628749.63,24,0.0,0.088,0,0,3,337679.76,Home,0
22,912944.58,0.0,Self-Employed,626,20000.0,48,232754.76,0.257,2,1,0,283555.05,Business,0
41,650161.48,10.7,Salaried,875,1066620.07,36,473850.16,0.86,2,0,0,282310.63,Vehicle,0
29,656935.97,1.1,Salaried,703,1131252.44,120,372570.95,0.705,1,0,3,96713.66,Business,0
26,546331.33,3.8,Salaried,546,1058405.67,48,106629.96,0.35,2,0,4,24126.07,Debt Consolidation,0
26,484372.26,6.9,Salaried,512,1035426.75,60,110952.65,0.4,1,0,4,170400.46,Vehicle,1
51,203222.51,0.0,Unemployed,686,709305.41,60,27726.4,0.416,2,0,3,46165.95,Debt Consolidation,0
43,733791.57,11.2,Salaried,614,594765.43,180,66394.31,0.155,4,0,4,27515.97,Vehicle,0
44,475358.76,10.9,Salaried,770,246919.07,12,81040.5,0.212,1,0,3,57885.39,Vehicle,0
53,584301.22,0.0,Unemployed,675,451301.66,12,0.0,0.062,2,0,0,204598.6,Business,0
45,835306.48,10.7,Salaried,472,960742.33,180,120083.58,0.236,2,0,1,107981.22,Home,0
48,955854.11,12.9,Salaried,558,968963.48,36,261916.14,0.355,2,0,0,706572.57,Medical,0
24,476768.91,1.1,Business Owner,589,1194912.27,120,125480.54,0.464,1,0,1,22937.93,Education,0
58,286130.86,12.5,Contract,690,96784.37,84,239123.61,0.863,1,0,4,294253.15,Medical,0
40,805953.56,4.0,Business Owner,555,20000.0,120,491947.98,0.612,3,0,4,106479.84,Education,0
27,1342700.15,6.2,Self-Employed,664,610147.44,84,530419.76,0.431,0,0,4,260072.72,Debt Consolidation,0
56,671552.19,0.0,Unemployed,530,290026.18,36,187773.12,0.314,1,0,2,78753.97,Vehicle,0
53,557388.42,15.0,Salaried,651,892993.73,60,358432.79,0.771,1,0,1,11642.95,Education,0
23,362128.03,0.0,Unemployed,683,145061.69,36,170003.65,0.502,2,0,1,91010.19,Business,0
29,805896.73,6.0,Contract,782,1390116.07,48,112182.69,0.277,1,0,0,17342.29,Personal,0
21,90000.0,0.0,Unemployed,672,388969.82,60,0.0,0.346,0,0,4,147803.68,Medical,0
32,975406.47,2.0,Salaried,576,1596337.12,12,215590.23,0.352,2,0,2,29460.08,Education,0
25,570143.97,2.7,Salaried,784,1062150.93,12,395188.81,0.842,1,0,0,211432.57,Education,0
52,820329.79,11.5,Business Owner,634,272383.97,120,0.0,0.027,1,0,1,346887.83,Education,0
43,671946.16,5.1,Self-Employed,720,1847372.51,12,148323.14,0.441,1,0,2,20034.34,Business,0
64,1015135.03,23.0,Self-Employed,595,932726.16,240,139638.52,0.211,2,0,3,237943.11,Medical,0
53,157204.46,0.0,Unemployed,658,883059.7,84,244438.2,2.004,1,0,4,133240.57,Vehicle,1
47,251257.5,7.4,Self-Employed,578,767393.97,180,247297.82,1.229,0,0,1,24747.92,Home,1
43,746738.82,8.1,Salaried,679,1033276.66,60,296702.4,0.508,2,0,3,238065.85,Medical,0
23,95085.48,4.6,Salaried,722,1062710.31,120,541456.8,3.0,0,0,4,468388.88,Education,1
24,533724.1,0.0,Salaried,605,367513.02,24,43310.76,0.136,1,0,3,48922.24,Debt Consolidation,0
48,977718.57,14.3,Salaried,600,693224.27,84,33418.56,0.091,0,0,1,51397.86,Education,0
21,744773.48,0.0,Salaried,682,857850.48,36,244525.8,0.42,0,0,1,471335.41,Vehicle,0
22,863589.02,1.2,Contract,576,1091370.23,120,461490.24,0.635,0,0,0,107665.35,Personal,0
30,932087.84,1.6,Business Owner,513,1099844.64,48,0.0,0.094,1,0,2,22183.18,Education,0
59,1316583.62,21.2,Self-Employed,682,882270.9,120,259647.02,0.251,1,1,1,4768.07,Debt Consolidation,0
41,512940.09,8.4,Salaried,640,524838.52,240,163759.05,0.401,2,0,2,155336.19,Medical,0
52,942532.92,10.3,Business Owner,638,499204.04,12,353771.87,0.418,3,0,0,46622.55,Medical,0
39,544469.88,6.3,Contract,697,204255.8,12,313074.22,0.605,1,0,4,211631.47,Home,0
28,860200.32,3.1,Contract,709,1096300.58,48,208733.03,0.345,0,1,3,71786.99,Medical,0
37,632606.28,6.9,Self-Employed,636,492011.45,60,287754.08,0.517,5,0,1,14205.03,Business,0
25,1041711.22,2.9,Contract,549,704122.75,180,81509.95,0.132,3,0,0,15328.76,Vehicle,0
54,566296.01,13.2,Self-Employed,593,918871.95,48,344040.37,0.737,3,0,1,10397.93,Business,0
29,975781.63,0.0,Self-Employed,703,801967.08,180,449574.24,0.526,0,0,0,26085.3,Home,0
37,796284.88,5.4,Contract,662,797194.34,120,218028.89,0.354,1,0,0,53432.02,Medical,1
64,720884.73,19.0,Salaried,601,347519.04,120,126568.51,0.214,0,0,3,766075.76,Business,0
47,813610.58,8.4,Salaried,579,934431.28,240,173872.63,0.306,1,0,0,256321.06,Medical,0
41,725316.1,10.0,Salaried,706,643585.67,36,342147.19,0.543,0,0,2,19894.03,Home,0
44,757988.67,9.3,Self-Employed,630,756799.78,120,192464.13,0.334,0,0,3,115038.14,Personal,0
55,650282.23,12.9,Self-Employed,718,1378984.25,180,0.0,0.17,4,0,2,19487.03,Business,1
32,607602.87,8.0,Business Owner,729,1052659.1,240,371378.86,0.75,1,0,0,137805.5,Home,0
49,600232.22,6.0,Salaried,622,514597.2,36,23089.59,0.107,4,0,1,75636.6,Vehicle,0
59,293213.76,13.2,Salaried,735,725543.04,180,276408.93,1.141,4,0,0,167084.63,Business,0
46,885487.08,13.7,Contract,662,1599718.45,36,0.0,0.145,1,0,4,47504.21,Personal,0
40,348209.01,13.1,Salaried,674,646308.77,240,219467.14,0.779,2,0,3,411139.61,Personal,0
27,213588.24,0.0,Unemployed,453,819940.62,60,187706.71,1.186,1,1,4,148185.8,Personal,1
31,792011.26,4.2,Salaried,563,1132072.78,180,0.0,0.114,3,0,0,22577.03,Personal,0
62,932849.18,17.8,Self-Employed,567,907595.74,84,259906.61,0.356,0,0,1,69947.08,Education,0
44,225337.02,11.7,Self-Employed,621,613590.94,12,1755.14,0.226,0,0,1,24061.32,Home,1
34,616037.98,9.0,Contract,660,428289.72,48,215255.35,0.405,2,0,3,423377.37,Medical,0
39,768936.17,8.1,Salaried,664,794950.53,84,125887.83,0.246,0,0,0,271638.64,Business,0
46,688004.03,12.8,Contract,676,1129009.67,84,0.0,0.131,0,0,4,74138.18,Education,0
44,1005018.74,10.6,Self-Employed,588,1460450.1,60,11769.31,0.128,2,0,2,218544.66,Vehicle,0
51,484548.28,13.6,Self-Employed,712,67322.96,120,26175.15,0.065,0,0,4,16442.18,Education,0
32,120739.72,1.6,Self-Employed,813,1681392.16,84,376834.31,3.0,2,1,1,48676.38,Education,1
49,886581.5,10.2,Salaried,618,655795.47,24,350446.8,0.454,1,0,4,44128.54,Vehicle,0
40,522728.47,6.0,Self-Employed,590,1262413.33,12,595010.26,1.331,2,0,4,48804.22,Business,0
62,283364.85,12.8,Salaried,588,431232.36,36,107862.26,0.502,1,0,2,31495.47,Business,0
27,578371.9,0.0,Salaried,658,20000.0,24,102068.13,0.179,2,0,4,63305.64,Debt Consolidation,0
27,925639.49,1.1,Self-Employed,603,143526.91,120,224277.13,0.255,2,0,1,193972.5,Vehicle,0
41,344186.85,7.2,Self-Employed,494,634521.63,240,136052.01,0.543,2,0,3,115714.05,Education,1
43,1249998.99,9.1,Salaried,519,1062046.58,240,95138.65,0.144,0,0,4,71287.81,Debt Consolidation,0
51,480529.6,13.7,Salaried,742,815596.23,84,209796.47,0.572,3,1,0,229424.64,Home,0
38,672752.71,7.4,Salaried,765,674882.68,180,326649.55,0.566,1,1,2,4041.52,Home,0
61,415216.9,15.2,Salaried,794,1359011.66,84,0.0,0.262,0,0,0,527631.19,Business,0
41,670402.59,5.3,Self-Employed,670,800992.91,24,97003.85,0.24,0,0,2,44203.83,Home,0
26,581563.04,4.6,Salaried,561,939892.34,84,0.0,0.129,1,0,1,47514.54,Personal,1
26,242626.52,1.7,Contract,611,2355513.66,84,172310.4,1.487,0,0,0,54609.54,Debt Consolidation,1
63,1432456.74,15.5,Salaried,516,795980.75,60,277873.4,0.238,0,0,4,4772.47,Debt Consolidation,0
26,491165.71,1.4,Salaried,512,452077.44,180,401049.53,0.89,2,1,1,4380.93,Education,1
62,599384.36,14.2,Contract,673,1040479.88,240,121925.79,0.342,1,0,3,108522.98,Education,0
33,878258.97,3.2,Salaried,699,1167044.47,36,219129.06,0.356,1,0,0,416493.03,Education,0
25,1065563.72,0.0,Salaried,826,950491.73,12,0.0,0.071,3,0,1,385630.48,Personal,0
34,570609.22,0.0,Unemployed,643,878456.23,84,45116.15,0.202,4,0,0,18886.1,Business,1
48,90000.0,0.0,Unemployed,528,1541115.48,12,237285.55,3.0,1,0,3,470678.95,Education,1
39,857477.25,8.4,Business Owner,639,1478623.61,48,0.0,0.138,0,0,1,77623.13,Education,0
55,231656.88,18.2,Salaried,625,741449.42,240,422662.17,2.081,5,0,4,149856.28,Vehicle,1
47,903426.27,14.0,Self-Employed,606,478252.72,84,294232.95,0.368,1,0,2,188334.77,Medical,0
38,90000.0,0.0,Unemployed,681,1014601.42,240,37175.32,1.315,0,0,0,270452.64,Vehicle,1
48,130199.67,0.0,Unemployed,541,475383.32,12,0.0,0.292,1,0,3,10990.95,Home,0
63,725199.62,18.4,Salaried,662,1242580.83,120,70526.49,0.234,0,0,4,119358.31,Debt Consolidation,0
39,765251.64,5.7,Salaried,709,1012028.14,36,38122.39,0.156,1,0,3,239524.88,Debt Consolidation,0
27,552766.34,4.9,Salaried,778,2135015.52,12,0.0,0.309,1,0,3,54109.96,Personal,0
38,1030770.92,4.8,Salaried,678,1536648.45,36,0.0,0.119,1,0,4,6072.51,Personal,0
57,1038809.9,10.0,Business Owner,744,260629.75,240,158527.98,0.173,1,1,0,17450.19,Vehicle,0
30,788181.19,8.2,Salaried,610,540605.66,48,331806.94,0.476,1,0,1,238559.36,Personal,0
62,415649.77,12.7,Salaried,623,20000.0,240,72005.2,0.177,2,0,3,23591.93,Business,0
46,1099841.97,11.3,Salaried,771,20000.0,24,280079.04,0.256,1,0,3,82151.73,Vehicle,0
47,477233.71,7.8,Self-Employed,527,856913.43,84,141006.32,0.439,1,0,0,65310.15,Business,0
34,1073385.61,8.6,Salaried,614,203808.15,48,310217.0,0.304,2,0,0,158791.81,Vehicle,0
61,1225548.76,19.8,Salaried,752,1620592.87,36,58434.03,0.153,2,0,2,164350.63,Education,0
22,731164.13,2.0,Salaried,631,1378957.73,60,250578.46,0.494,4,0,1,23769.59,Education,0
34,547003.27,0.0,Unemployed,624,664252.78,84,221623.64,0.502,1,1,0,104061.88,Personal,1
39,90000.0,7.2,Salaried,626,635843.78,12,445217.5,3.0,1,0,2,262101.22,Debt Consolidation,1
42,614249.4,15.1,Self-Employed,661,1542686.48,84,300573.77,0.69,2,0,1,5518.85,Medical,0
41,935541.41,10.2,Salaried,748,1657303.65,36,246081.28,0.405,1,0,4,530515.31,Vehicle,0
27,849127.57,0.0,Salaried,733,333701.05,180,0.0,0.031,2,0,4,55513.41,Home,0
30,322069.17,3.8,Salaried,651,269408.43,24,105455.3,0.394,0,0,0,15404.95,Education,0
25,538569.49,1.1,Salaried,748,649454.43,36,55928.34,0.2,0,1,4,94165.01,Vehicle,0
46,90000.0,9.2,Salaried,681,1015595.85,240,52003.07,1.481,3,0,1,167616.42,Personal,0
36,748248.21,1.0,Self-Employed,727,543164.17,36,202791.21,0.329,2,0,0,209920.37,Education,0
45,351167.9,10.8,Business Owner,557,1026107.08,24,243347.79,0.927,1,0,0,111805.52,Education,1
46,957619.46,5.8,Salaried,806,1775149.32,60,250389.4,0.41,0,0,1,283325.85,Education,0
51,985681.22,4.4,Salaried,670,96984.4,84,427059.9,0.441,4,0,2,173268.92,Education,0
45,553408.3,8.6,Self-Employed,403,577162.06,84,287038.87,0.602,2,0,4,60005.99,Business,1
49,814318.98,8.9,Salaried,799,106504.04,48,0.0,0.01,0,0,1,148320.66,Education,0
46,620725.32,7.4,Salaried,650,381707.59,12,236457.36,0.43,1,0,3,106439.85,Education,0
49,744477.1,1.9,Salaried,614,652661.75,36,305187.94,0.48,3,0,0,43090.33,Home,0
48,394185.14,8.2,Salaried,595,436394.42,12,427194.02,1.172,0,0,4,61760.41,Home,0
34,794623.16,4.7,Self-Employed,690,1059988.78,180,172245.51,0.323,3,0,2,318163.35,Debt Consolidation,0
31,90000.0,0.0,Unemployed,570,875478.14,36,173995.85,2.711,2,0,2,311860.44,Business,1
55,90000.0,0.0,Unemployed,598,949509.54,84,394201.38,3.0,5,0,2,26270.49,Education,0
36,264517.92,0.0,Unemployed,600,646651.11,36,232145.0,1.073,2,1,3,38148.98,Education,1
45,619189.18,11.1,Salaried,624,692696.01,84,0.0,0.089,0,0,3,87646.0,Home,0
29,692075.43,6.3,Salaried,604,624654.73,12,0.0,0.072,2,0,1,203651.29,Home,0
39,491623.13,10.5,Salaried,727,675671.14,12,531339.85,1.191,0,0,4,166724.29,Business,0
44,1140422.92,6.1,Salaried,674,1009504.66,36,0.0,0.071,1,0,0,34245.25,Vehicle,0
48,721151.25,12.1,Salaried,685,20000.0,36,169901.86,0.238,0,0,4,6819.7,Personal,0
44,727220.44,12.2,Salaried,705,943970.66,36,358961.06,0.597,3,0,3,309188.91,Business,0
36,694308.47,4.7,Self-Employed,642,365634.72,36,0.0,0.042,1,0,0,13754.02,Vehicle,0
63,976727.47,14.4,Salaried,558,630571.18,120,5319.09,0.057,3,0,2,427472.52,Debt Consolidation,0
43,810004.35,10.4,Salaried,812,20000.0,48,0.0,0.002,1,1,1,282110.56,Personal,0
56,965504.47,9.6,Business Owner,733,620664.15,24,524202.73,0.594,1,1,0,96107.2,Education,0
53,879996.03,9.5,Salaried,795,938942.02,240,563267.73,0.725,2,0,4,5153.18,Personal,0
45,215846.34,7.6,Contract,743,1028542.18,84,67849.09,0.696,1,0,4,4734.29,Vehicle,0
60,270288.09,17.0,Salaried,609,206834.24,48,304309.69,1.187,3,0,2,173139.65,Vehicle,0
26,595985.31,2.7,Self-Employed,439,1004419.31,60,255451.24,0.563,1,1,0,32710.17,Medical,0
61,670581.53,19.1,Salaried,539,1369888.05,36,149457.21,0.386,0,0,1,286004.4,Business,0
58,855952.46,12.0,Self-Employed,707,553154.98,48,0.0,0.052,0,0,3,310207.23,Personal,0
43,671004.23,5.9,Salaried,641,800456.56,12,615343.52,1.012,1,1,2,55274.08,Business,1
53,841466.23,14.4,Salaried,612,20000.0,180,0.0,0.002,1,1,2,121399.8,Vehicle,0
43,354601.18,6.4,Self-Employed,425,351482.97,48,238178.91,0.751,0,0,4,380175.78,Vehicle,1
32,630313.86,2.6,Salaried,649,935260.11,120,83432.41,0.251,1,0,0,53775.14,Business,0
56,369735.82,8.4,Salaried,553,1277733.7,12,381451.04,1.308,1,0,4,88246.94,Education,1
31,376714.48,0.0,Unemployed,585,500361.1,12,352270.4,1.041,0,0,4,83762.4,Education,1
34,169428.74,9.8,Salaried,727,2134693.04,48,23813.58,1.148,2,0,1,145356.98,Personal,0
43,753077.52,5.7,Self-Employed,557,956944.82,12,57777.16,0.178,1,1,4,4811.52,Home,1
57,340750.15,17.5,Self-Employed,566,163321.56,240,0.0,0.038,1,0,1,769367.13,Education,0
37,552118.05,6.2,Salaried,667,1443591.36,12,235064.22,0.635,1,0,3,525537.4,Medical,0
42,886731.92,3.1,Self-Employed,729,173528.43,84,327957.91,0.386,1,0,3,102997.79,Education,0
22,659845.0,0.0,Salaried,614,964213.51,48,120500.46,0.3,1,1,4,139567.1,Home,0
26,353584.94,0.0,Business Owner,782,335379.47,24,155935.24,0.517,0,0,0,466283.81,Vehicle,0
23,437901.54,0.0,Salaried,535,121282.78,24,543412.41,1.263,0,0,2,79750.86,Business,1
24,233655.37,2.5,Salaried,519,1281076.09,36,368522.78,2.016,0,1,4,122478.95,Vehicle,1
59,290310.38,20.7,Salaried,511,670111.52,12,442597.65,1.709,1,1,0,62450.33,Vehicle,1
58,740415.79,10.5,Contract,501,1662836.03,84,0.0,0.18,2,1,0,76527.59,Education,1
57,848074.59,12.9,Contract,680,291033.21,36,298494.57,0.379,2,0,0,655857.37,Vehicle,0
23,366151.48,0.0,Unemployed,562,20179.65,12,245247.04,0.674,1,0,2,36996.35,Personal,1
24,909656.7,0.0,Business Owner,523,560167.26,24,0.0,0.049,2,0,2,3343.56,Vehicle,0
33,783022.29,5.1,Business Owner,684,2245254.4,240,12098.39,0.245,1,0,3,146543.51,Medical,0
45,603652.45,9.6,Self-Employed,724,1216957.8,36,160681.56,0.427,3,0,2,27932.11,Personal,0
35,373732.67,0.2,Contract,745,1076946.51,84,0.0,0.231,0,0,4,112391.81,Medical,0
42,552980.08,8.5,Self-Employed,729,1093469.61,48,56233.96,0.26,1,0,0,135573.67,Business,0
28,290662.9,0.0,Salaried,567,557578.28,60,116913.25,0.556,1,0,3,83052.88,Business,1
53,484708.62,12.8,Self-Employed,675,2164675.14,180,303233.46,0.983,2,0,2,682859.34,Debt Consolidation,0
34,661231.72,9.0,Self-Employed,695,1029042.71,120,72774.92,0.235,0,0,2,24728.71,Home,0
23,576548.48,2.2,Salaried,607,982158.14,60,119497.27,0.344,2,1,2,172759.85,Education,1
53,1462182.01,13.3,Salaried,665,1292431.47,24,384380.35,0.334,0,0,3,138134.76,Education,0
60,380551.1,14.0,Salaried,537,163378.39,180,0.0,0.034,0,0,3,70016.14,Business,0
21,568725.32,0.2,Contract,594,360326.54,12,240911.55,0.474,1,0,4,120628.0,Personal,1
40,301066.97,9.3,Salaried,683,677243.05,84,270092.67,1.077,0,0,1,10780.21,Home,0
57,611053.53,15.8,Contract,786,1295664.11,84,275029.17,0.62,1,0,0,353683.58,Personal,0
52,606226.7,12.1,Salaried,754,150973.49,240,109756.14,0.201,2,0,0,120414.63,Personal,0
58,1072220.01,15.5,Business Owner,709,766322.79,24,8324.67,0.065,3,1,3,300848.77,Education,0
39,541583.37,3.3,Salaried,657,695575.24,36,473512.66,0.977,2,0,0,19793.81,Vehicle,0
37,250170.1,0.0,Unemployed,643,20000.0,12,45830.82,0.19,2,0,3,195243.68,Vehicle,0
52,585420.51,14.5,Self-Employed,520,545534.18,36,0.0,0.075,2,0,0,33485.58,Personal,0
27,267737.06,4.9,Salaried,575,1071126.06,240,203636.22,1.081,1,0,4,123264.76,Education,0
31,466974.41,4.3,Salaried,578,58365.18,12,66957.97,0.153,1,0,4,198416.82,Personal,0
47,582515.82,14.8,Salaried,702,1505667.3,180,389144.7,0.875,2,0,1,33283.42,Personal,0
50,705456.47,13.1,Salaried,735,1034022.69,240,152268.53,0.333,0,0,4,11592.25,Personal,0
26,904736.82,1.3,Business Owner,716,973003.33,24,412485.24,0.542,1,0,4,34803.08,Personal,0
43,257350.87,0.0,Unemployed,756,804094.04,48,280779.44,1.341,3,0,4,91447.4,Business,0
37,734955.93,10.7,Business Owner,657,253839.01,240,130122.11,0.205,1,0,3,303592.01,Medical,1
43,235796.71,11.1,Self-Employed,562,475151.57,120,400523.01,1.86,0,0,1,10187.9,Personal,1
63,860933.63,22.2,Salaried,646,980927.36,12,82849.33,0.187,1,1,1,46693.64,Medical,0
24,435025.53,7.7,Contract,585,474172.4,180,142374.24,0.414,2,0,1,9522.2,Home,0
64,915780.81,13.3,Contract,709,894374.54,180,295248.64,0.401,2,0,4,41910.63,Education,0
40,986109.99,3.7,Salaried,618,350559.34,36,240792.47,0.273,1,0,3,46786.68,Education,0
54,302021.24,0.0,Unemployed,641,1025714.96,48,78736.42,0.532,2,0,0,24331.23,Business,0
39,398172.18,10.0,Salaried,712,1063040.3,36,0.0,0.214,3,0,0,66682.51,Vehicle,0
34,634825.35,7.2,Contract,583,20000.0,60,196644.17,0.312,1,1,4,58088.12,Education,1
54,436175.5,0.0,Unemployed,737,833654.27,180,69118.72,0.311,1,0,2,67366.31,Medical,1
51,761120.0,8.3,Business Owner,529,39166.04,120,205336.24,0.274,2,0,2,266934.43,Medical,0
27,476990.4,2.1,Salaried,678,20000.0,240,124224.72,0.264,1,0,4,355367.35,Business,0
52,833883.05,13.0,Self-Employed,642,503053.87,12,70837.79,0.133,1,0,2,141424.52,Medical,1
54,823394.57,15.5,Salaried,724,2198458.78,240,151731.89,0.398,3,0,2,207821.35,Debt Consolidation,0
38,564427.59,7.6,Contract,526,1187693.98,240,186783.6,0.499,1,0,4,166392.12,Education,1
61,306483.46,18.0,Salaried,512,1496052.02,48,325101.73,1.451,0,0,1,383195.7,Personal,1
49,948094.55,10.8,Business Owner,718,1104208.27,24,276174.01,0.384,1,0,4,122606.23,Education,0
35,450168.2,9.1,Contract,615,902721.69,36,576996.16,1.442,2,0,0,56998.29,Vehicle,1
21,653585.27,1.9,Salaried,642,1247695.81,240,225458.47,0.498,0,0,4,36502.68,Home,0
50,724789.31,8.0,Salaried,591,480214.32,12,78872.42,0.162,5,0,0,172708.8,Vehicle,0
30,154763.14,7.8,Self-Employed,732,1035257.31,12,170066.87,1.634,0,0,2,49301.95,Medical,0
54,719270.42,16.9,Salaried,677,1388548.91,12,302298.19,0.575,4,0,1,80211.08,Vehicle,0
44,797633.13,10.6,Salaried,672,1149710.86,24,380616.62,0.592,1,0,3,82358.32,Vehicle,0
41,819288.1,8.8,Salaried,545,1421389.98,180,441464.61,0.678,2,0,2,72143.73,Medical,0
28,650341.44,7.8,Salaried,695,891300.08,12,16939.23,0.136,1,0,3,11358.43,Debt Consolidation,0
52,198703.49,7.5,Self-Employed,561,1646040.33,240,430521.31,2.829,1,0,2,126562.28,Education,1
28,940270.27,6.5,Self-Employed,591,695884.12,48,191716.28,0.263,0,1,1,312371.04,Medical,0
39,756755.67,5.8,Salaried,527,1858846.22,60,33148.84,0.24,1,0,3,232707.42,Debt Consolidation,0
57,407170.17,17.7,Self-Employed,636,1086803.71,84,163319.97,0.615,1,0,1,311547.64,Home,0
61,523059.24,16.4,Salaried,746,608026.87,180,417935.93,0.892,1,0,1,16186.81,Vehicle,0
64,786806.05,13.5,Salaried,670,210434.91,84,282309.6,0.38,1,0,4,4254.2,Vehicle,0
63,1045946.05,15.3,Business Owner,610,396004.48,12,0.0,0.03,1,0,4,49931.6,Debt Consolidation,0
45,550009.29,12.7,Salaried,660,320319.17,180,0.0,0.047,1,0,2,274344.62,Home,0
29,830381.35,2.6,Self-Employed,659,755640.4,12,0.0,0.073,4,1,4,341380.46,Debt Consolidation,0
57,90000.0,0.0,Unemployed,656,163020.83,60,68323.13,0.904,0,1,1,598564.27,Medical,1
56,444385.25,12.1,Self-Employed,666,1446379.22,180,213940.94,0.742,1,1,0,153066.86,Home,0
64,212909.0,19.1,Self-Employed,556,855361.44,60,0.0,0.321,2,0,4,136763.65,Debt Consolidation,0
49,459648.71,16.5,Salaried,660,835074.84,48,122901.27,0.413,2,0,4,51242.14,Business,1
27,995019.3,0.0,Salaried,492,217306.59,36,452366.47,0.472,1,1,2,81640.24,Business,0
43,1180450.56,17.2,Salaried,702,415481.15,180,491205.47,0.444,1,1,4,113398.8,Vehicle,0
40,865647.62,8.2,Business Owner,551,20000.0,84,479085.19,0.555,1,0,4,337716.63,Education,0
58,551392.7,16.5,Contract,756,1608902.57,180,0.0,0.233,2,0,1,201459.98,Business,0
38,595590.02,5.5,Salaried,430,91141.68,240,501270.0,0.854,2,0,0,25590.37,Education,1
35,760334.97,5.6,Salaried,801,129048.13,84,216505.52,0.298,2,0,3,279430.13,Personal,0
24,218254.79,1.8,Salaried,502,1506586.7,48,214034.54,1.533,2,0,4,7159.28,Debt Consolidation,1
57,564875.21,11.3,Self-Employed,542,993782.33,84,385202.57,0.823,1,0,2,204632.8,Debt Consolidation,1
54,1057723.27,10.8,Self-Employed,677,860368.39,48,326622.64,0.374,0,0,2,103932.76,Home,0
22,491572.48,4.0,Business Owner,706,970134.24,24,0.0,0.158,3,0,1,332751.55,Business,0
40,469743.78,2.9,Contract,624,1276950.19,48,89756.08,0.409,1,0,1,317050.88,Medical,0
42,666298.41,9.7,Salaried,730,849937.66,60,134107.67,0.303,0,0,3,201294.77,Business,0
41,880785.56,6.9,Business Owner,578,28232.63,36,0.0,0.003,2,0,1,45703.05,Education,1
61,563748.99,13.1,Self-Employed,614,1166594.94,36,379488.24,0.839,1,0,2,194604.44,Business,0
27,637241.1,8.3,Salaried,623,1011171.94,84,459007.33,0.847,1,1,3,81703.87,Vehicle,1
34,790984.88,2.3,Contract,602,1385776.67,24,198098.83,0.391,0,0,1,127371.06,Vehicle,0
28,1111362.96,0.0,Salaried,476,175450.57,12,253746.7,0.241,1,0,1,108446.08,Home,0
31,748438.91,3.4,Business Owner,648,435329.05,120,197969.15,0.311,1,0,3,192053.03,Medical,0
60,856675.67,13.3,Business Owner,640,996044.44,180,217847.61,0.347,1,0,3,3367.97,Education,0
62,1104863.09,16.4,Contract,747,327744.22,36,401182.75,0.387,0,0,3,54342.81,Vehicle,0
22,465708.54,0.9,Self-Employed,534,20000.0,24,0.0,0.003,3,0,2,280646.07,Home,0
48,349911.74,11.5,Salaried,592,898665.29,60,287498.59,1.027,1,0,0,64571.73,Personal,1
31,692562.24,3.6,Contract,758,1247503.82,24,202133.67,0.436,1,0,3,173076.96,Personal,0
29,893043.76,1.1,Contract,676,735534.09,180,71575.09,0.146,0,0,0,172359.21,Medical,0
33,726261.78,6.7,Self-Employed,699,1074067.56,12,109396.54,0.269,1,0,1,112996.82,Personal,0
29,749746.09,2.9,Business Owner,691,1001683.76,60,529826.69,0.814,3,0,3,90761.2,Business,1
42,300901.66,6.9,Salaried,691,805247.68,48,0.0,0.214,1,0,1,107723.74,Personal,0
64,714407.69,21.6,Self-Employed,814,867981.58,60,169659.7,0.335,1,0,4,183378.56,Home,0
46,983288.73,9.6,Contract,658,1474569.06,120,493307.62,0.622,0,0,3,34573.84,Home,0
52,384470.73,15.7,Salaried,559,317874.71,36,0.0,0.066,1,1,4,174652.86,Education,1
42,601813.21,12.1,Self-Employed,707,1186522.41,240,117890.24,0.354,2,0,2,134394.07,Business,0
21,153128.82,0.0,Unemployed,599,209561.12,240,207615.69,1.465,1,0,2,351293.85,Vehicle,1
24,434573.86,3.3,Contract,640,402609.89,48,274278.85,0.705,1,0,0,138824.31,Home,0
32,694980.75,4.4,Contract,683,1397958.66,48,185543.78,0.428,3,0,4,342351.63,Vehicle,0
31,740826.31,3.8,Salaried,576,195084.3,36,38834.56,0.073,2,0,3,294208.6,Business,0
57,466206.73,0.0,Unemployed,604,679204.38,180,280532.45,0.718,1,0,4,10043.25,Business,1
58,466797.56,8.3,Salaried,693,1980673.55,120,181891.5,0.729,2,0,1,441920.22,Vehicle,0
58,299504.08,17.0,Self-Employed,601,1312775.33,60,312996.09,1.396,2,1,1,102507.2,Education,1
49,749597.11,11.9,Self-Employed,738,431414.02,120,366264.93,0.535,0,0,1,318835.67,Personal,0
45,545520.24,12.1,Contract,561,517087.37,48,0.0,0.076,0,0,2,36195.9,Vehicle,0
49,1143578.09,10.8,Contract,561,714941.94,120,385963.36,0.388,1,0,4,576254.98,Medical,0
38,1272127.42,8.8,Business Owner,822,1455972.12,180,154166.75,0.213,3,0,1,389153.03,Medical,0
50,1184672.45,7.5,Self-Employed,512,299176.43,48,348537.94,0.314,1,0,1,127914.44,Medical,1
55,466972.27,10.1,Salaried,648,268915.53,84,288897.04,0.665,0,0,0,195357.07,Business,0
54,841342.27,5.8,Self-Employed,817,1156676.53,84,533734.81,0.744,3,1,2,580550.42,Personal,0
48,898738.13,10.4,Self-Employed,647,20000.0,12,201125.73,0.226,4,0,0,18723.97,Medical,0
23,795588.56,0.0,Salaried,771,344461.42,12,127403.2,0.195,0,1,0,101668.98,Vehicle,0
52,604400.51,9.7,Self-Employed,709,757455.51,36,107666.09,0.278,1,0,1,232810.39,Education,0
37,967791.23,7.4,Contract,649,783089.89,36,13323.07,0.078,2,0,2,90126.3,Personal,0
53,846118.75,11.5,Business Owner,638,117690.05,24,345458.35,0.419,2,0,2,67037.94,Medical,0
44,701026.53,4.9,Contract,459,976870.2,240,1744.5,0.114,0,0,4,52941.67,Home,1
59,329541.64,22.8,Salaried,621,1076882.51,84,343879.08,1.305,1,0,4,31576.67,Personal,0
35,803191.24,5.5,Self-Employed,671,468755.34,12,159770.48,0.246,0,0,2,121809.17,Education,0
61,654897.07,12.8,Salaried,671,1630378.66,240,0.0,0.199,1,0,4,34622.39,Education,0
58,827194.72,12.8,Salaried,872,969803.03,36,467888.88,0.659,1,0,4,61211.52,Business,0
35,700778.42,5.1,Self-Employed,675,297570.51,240,0.0,0.034,0,0,0,85268.0,Vehicle,0
42,708234.14,7.9,Salaried,707,1610390.27,36,185283.42,0.444,1,0,2,76676.73,Medical,0
44,657571.61,13.1,Salaried,755,538337.81,12,242112.57,0.434,3,1,1,4865.29,Personal,0
54,1045649.93,13.0,Business Owner,699,889436.73,24,0.0,0.068,0,0,0,153683.89,Vehicle,0
51,640276.87,17.6,Salaried,642,556609.39,48,279425.68,0.506,3,0,3,3250.62,Personal,0
58,347200.65,13.5,Salaried,643,1112076.55,240,79438.17,0.485,2,0,2,338209.64,Business,0
37,790238.9,7.7,Salaried,618,559235.86,60,155266.63,0.253,2,0,3,262029.53,Personal,0
43,463748.62,11.9,Self-Employed,690,589571.84,24,441741.91,1.054,0,0,1,105973.32,Business,0
39,322934.54,10.8,Salaried,635,720011.18,36,225689.62,0.877,1,0,4,3107.0,Vehicle,0
61,464439.17,19.9,Self-Employed,706,549024.87,60,136898.61,0.389,2,0,2,70135.43,Personal,0
34,709833.09,4.4,Self-Employed,559,1335907.29,60,169317.27,0.389,0,0,1,162493.31,Vehicle,1
46,650870.3,10.0,Salaried,663,171103.36,180,519698.62,0.819,0,1,1,391687.26,Debt Consolidation,0
26,90000.0,0.0,Contract,790,781426.16,12,272830.38,3.0,1,0,1,45278.97,Debt Consolidation,1
58,615086.01,14.2,Salaried,630,844732.53,12,40922.7,0.176,1,0,0,277797.67,Education,0
37,940307.81,9.7,Self-Employed,816,737682.86,120,112102.9,0.182,1,1,4,42563.03,Education,0
35,529176.08,8.3,Salaried,665,1284149.31,12,0.0,0.194,1,0,1,277560.28,Vehicle,0
46,633630.86,9.7,Self-Employed,645,48026.0,120,118692.18,0.193,1,0,3,86921.35,Home,0
42,923747.86,13.5,Salaried,660,1083958.62,48,489420.84,0.624,1,0,2,52414.08,Home,0
58,909872.31,13.6,Contract,622,177523.88,48,170059.93,0.203,1,0,0,28657.12,Home,0
44,924437.77,7.1,Salaried,472,545611.74,24,0.0,0.047,1,0,4,116555.25,Education,0
43,90000.0,7.4,Self-Employed,729,126154.93,120,277566.94,3.0,0,0,4,54913.34,Medical,1
25,1045380.76,0.0,Salaried,847,633954.41,24,129335.95,0.172,1,1,3,669757.8,Business,0
21,759100.11,1.9,Salaried,693,510894.36,12,301053.81,0.45,0,0,1,298682.49,Home,0
38,1266369.1,7.7,Salaried,699,1619135.9,84,156368.22,0.226,0,0,0,208390.19,Medical,0
64,533418.49,19.0,Self-Employed,634,920683.2,24,460148.66,1.001,4,0,3,143429.12,Medical,0
61,279137.35,14.8,Self-Employed,754,1019893.01,24,36083.72,0.422,2,1,3,712711.27,Education,1
48,332804.61,0.0,Unemployed,646,246248.22,24,0.0,0.059,1,1,4,6559.19,Medical,1
48,762156.92,4.3,Business Owner,674,1170038.56,84,368768.07,0.607,5,0,0,65798.83,Medical,0
38,464416.0,0.0,Unemployed,509,1619112.99,120,0.0,0.279,1,0,4,9129.6,Debt Consolidation,1
28,889732.09,3.1,Salaried,602,1234954.58,240,169052.08,0.301,1,0,0,472328.47,Education,0
21,578176.46,0.0,Contract,683,143993.71,240,344110.56,0.615,0,0,0,98575.33,Home,0
35,581822.99,5.3,Self-Employed,732,567929.07,36,0.0,0.078,2,1,3,269653.66,Vehicle,0
34,769679.95,4.4,Self-Employed,734,854245.06,24,211635.75,0.364,3,0,3,253303.25,Medical,0
29,209917.83,0.0,Unemployed,508,511418.41,24,0.0,0.195,1,0,1,71941.89,Debt Consolidation,1
32,698004.47,1.2,Business Owner,517,2066495.43,24,0.0,0.237,2,0,3,869266.12,Medical,0
22,862283.73,1.4,Contract,703,558861.78,12,8130.6,0.061,1,0,1,63012.31,Vehicle,0
47,1142944.46,7.1,Business Owner,583,778324.32,84,166989.35,0.201,1,0,0,310121.35,Education,0
61,990991.56,14.3,Salaried,731,499886.01,12,72942.4,0.114,2,1,1,23978.86,Medical,0
51,797942.57,12.8,Business Owner,503,915841.86,12,399272.01,0.592,2,0,4,82122.95,Medical,1
40,122052.75,7.0,Self-Employed,641,1491175.01,48,214829.54,2.738,2,0,2,27229.92,Home,1
39,616948.48,7.2,Contract,647,857427.73,180,111987.9,0.293,0,0,3,292594.02,Debt Consolidation,0
34,449505.0,6.2,Contract,693,690493.37,60,0.0,0.123,1,0,3,316493.24,Vehicle,0
27,585568.75,0.9,Salaried,557,263044.78,48,240339.64,0.446,0,0,3,187863.44,Personal,0
47,510227.28,13.1,Salaried,473,1404418.18,24,570601.81,1.339,3,0,3,181965.62,Vehicle,1
45,666815.04,8.7,Salaried,665,728153.03,120,73475.03,0.198,0,0,0,112542.21,Vehicle,0
21,340181.09,0.0,Self-Employed,697,706651.86,36,94600.68,0.444,3,0,0,12349.59,Business,0
39,333820.64,8.3,Salaried,741,20000.0,240,9071.37,0.032,3,0,0,44449.66,Personal,0
33,1091672.87,5.5,Business Owner,618,736391.7,24,413152.28,0.432,0,0,0,172883.76,Education,0
28,378585.6,4.7,Self-Employed,720,599447.51,180,366861.0,1.096,1,0,3,2528.09,Vehicle,0
51,690082.91,13.0,Contract,694,20000.0,120,119671.21,0.176,1,1,2,409670.01,Vehicle,0
44,907628.71,10.6,Salaried,769,1294805.72,48,92172.05,0.216,2,1,1,46415.66,Business,0
48,909576.03,9.8,Self-Employed,645,532378.79,48,30106.44,0.08,1,0,4,5724.18,Education,0
52,891712.05,9.2,Salaried,494,1747784.44,240,147923.9,0.323,1,0,2,97980.77,Vehicle,1
64,804716.63,12.9,Contract,644,1507220.77,120,383578.23,0.627,4,0,3,10550.69,Personal,0
56,886000.83,9.0,Salaried,658,440048.19,12,207474.51,0.274,1,0,3,137832.06,Home,0
48,1024272.03,16.1,Salaried,697,1484656.83,60,431776.51,0.538,2,1,0,1824582.76,Education,0
59,820255.65,8.6,Salaried,512,1605271.1,120,70371.0,0.242,2,0,1,25076.5,Personal,0
42,203699.41,12.0,Contract,622,520482.22,48,0.0,0.204,1,1,1,41792.83,Education,0
64,596866.7,14.7,Salaried,728,283669.95,120,668960.38,1.159,1,0,3,109747.66,Medical,0
54,873092.52,16.8,Self-Employed,641,20000.0,84,238624.97,0.275,2,0,1,115505.22,Personal,0
49,677226.02,4.6,Business Owner,622,990220.8,36,340134.7,0.619,1,1,2,132892.85,Debt Consolidation,0
60,1272026.53,14.9,Business Owner,822,313337.06,12,58247.24,0.065,2,0,4,26571.57,Personal,0
43,650205.04,13.2,Salaried,554,1005246.46,12,0.0,0.124,2,0,1,146978.26,Personal,0
52,714312.19,14.5,Salaried,761,516074.51,120,227854.71,0.377,1,0,4,163720.05,Vehicle,0
33,917186.05,3.8,Salaried,742,410134.2,120,0.0,0.036,2,0,1,90951.54,Home,0
63,680287.53,11.0,Salaried,630,519254.38,48,151928.97,0.284,1,0,0,350394.84,Debt Consolidation,0
48,875069.26,6.8,Business Owner,647,150091.54,60,384016.06,0.453,3,0,0,93411.34,Education,0
55,926780.87,17.8,Salaried,647,519023.36,60,280724.73,0.348,0,0,2,301887.21,Education,0
41,291932.35,7.0,Salaried,666,431693.67,180,245882.36,0.961,1,0,0,122184.18,Home,0
59,642675.46,15.0,Salaried,596,792922.18,60,513873.09,0.898,3,0,1,66082.88,Medical,0
24,816288.32,2.1,Self-Employed,611,852129.04,84,267561.54,0.411,0,0,1,632556.58,Vehicle,0
26,631400.04,0.0,Salaried,618,264412.46,84,0.0,0.034,1,0,1,525019.88,Personal,0
43,1182833.45,10.0,Business Owner,621,1350402.6,24,173167.39,0.238,0,0,0,120652.61,Home,0
53,302019.16,11.5,Salaried,622,720215.68,120,546557.23,2.0,0,0,2,248101.36,Vehicle,0
56,90000.0,0.0,Unemployed,448,1551219.67,240,144301.38,2.982,1,1,1,395089.75,Vehicle,1
40,999421.63,5.9,Business Owner,659,920541.15,12,535537.28,0.61,3,0,3,26696.36,Medical,0
49,900451.8,6.5,Salaried,603,834552.02,12,384255.94,0.501,0,0,2,4933.76,Medical,0
45,623687.5,8.3,Salaried,482,554510.95,60,126474.35,0.274,1,1,2,203722.39,Education,1
63,826098.6,18.7,Salaried,618,1107419.7,120,5510.66,0.114,1,0,3,2762.34,Debt Consolidation,0
49,870301.74,12.4,Salaried,616,816783.38,12,261180.87,0.375,2,1,2,125429.82,Debt Consolidation,0
39,450534.2,7.3,Salaried,765,1229232.85,120,428690.0,1.17,1,0,0,58950.23,Home,1
63,549287.91,19.5,Contract,601,1602331.2,36,0.0,0.233,0,0,3,156834.7,Business,0
25,659431.54,1.0,Self-Employed,710,436573.57,24,221669.75,0.389,2,0,4,240638.02,Business,0
64,955022.24,17.4,Salaried,774,1106731.79,24,0.0,0.093,1,0,2,39787.96,Business,0
27,326510.77,1.0,Self-Employed,593,1092558.09,60,138873.62,0.693,0,0,3,16458.0,Debt Consolidation,0
33,586513.09,7.7,Salaried,646,1029055.95,84,0.0,0.14,1,0,3,83282.8,Debt Consolidation,0
57,296940.84,0.0,Unemployed,806,583400.41,60,301202.45,1.172,1,0,0,243258.69,Vehicle,0
53,800489.78,11.1,Salaried,671,593516.8,84,75980.36,0.154,1,0,0,383445.33,Debt Consolidation,0
63,873825.41,12.3,Business Owner,684,508058.91,180,408446.53,0.514,0,0,3,109763.02,Education,0
53,559529.1,16.1,Contract,613,498141.47,180,102711.49,0.255,2,1,1,193173.89,Education,0
49,996141.45,9.0,Salaried,712,379937.77,120,86317.0,0.117,2,0,1,283212.89,Business,0
36,510185.63,6.2,Salaried,646,747751.36,60,0.0,0.117,3,0,2,339962.79,Debt Consolidation,0
21,526975.91,7.1,Salaried,485,421090.82,24,270389.0,0.577,2,0,2,45216.42,Education,1
26,217125.59,4.4,Contract,618,1017821.85,120,288578.17,1.704,2,1,4,194377.85,Business,0
34,460593.53,10.0,Self-Employed,544,828477.04,120,369153.98,0.945,2,1,4,160062.86,Business,1
22,882019.02,0.0,Business Owner,660,884561.29,240,317936.24,0.441,1,1,0,13767.62,Personal,0
43,746150.49,12.0,Contract,567,663255.44,120,272228.55,0.436,2,1,2,60144.3,Debt Consolidation,1
55,851879.25,13.7,Contract,693,834449.15,24,307253.21,0.439,0,0,3,100730.69,Personal,0
63,863745.57,17.9,Self-Employed,654,676338.76,84,325429.62,0.439,0,0,1,533661.71,Personal,0
42,1184928.51,14.5,Self-Employed,538,1189771.54,120,363378.23,0.387,0,1,2,74425.39,Personal,1
59,677035.29,14.4,Business Owner,606,578805.36,240,0.0,0.068,1,0,3,105016.2,Medical,0
64,324144.06,17.3,Salaried,706,987762.23,36,116872.75,0.604,4,1,3,97101.8,Personal,1
58,448361.75,12.1,Contract,753,146814.53,180,0.0,0.026,2,0,4,157161.32,Debt Consolidation,1
41,484087.04,10.7,Salaried,569,1156037.42,36,259784.07,0.728,3,0,0,75096.56,Vehicle,1
35,398418.27,3.9,Salaried,551,520369.55,48,493392.71,1.343,3,0,2,81234.0,Education,1
64,752415.21,20.3,Contract,826,343864.3,240,361341.45,0.517,1,0,2,188796.7,Medical,0
31,943163.73,0.0,Salaried,649,230600.18,24,90730.54,0.116,1,0,4,244043.71,Personal,0
39,1038914.77,8.8,Salaried,658,191039.28,24,290974.43,0.295,2,0,2,78967.94,Business,0
24,735077.13,0.0,Salaried,583,559264.33,180,262809.23,0.418,0,0,0,41735.57,Debt Consolidation,0
55,1237318.05,15.8,Self-Employed,669,1549313.85,240,241963.34,0.296,2,0,1,5995.59,Debt Consolidation,0
49,594906.74,11.2,Contract,804,478338.57,12,0.0,0.064,1,0,4,182100.96,Business,0
24,200870.24,0.0,Salaried,673,20000.0,180,436724.41,2.182,1,0,0,224518.66,Medical,1
30,890294.52,2.4,Salaried,746,982733.14,84,0.0,0.088,0,0,4,135451.27,Personal,0
45,212351.4,7.0,Self-Employed,653,242871.73,180,133986.16,0.722,2,0,2,294401.5,Debt Consolidation,0
44,130249.24,0.0,Unemployed,558,1207403.79,60,372645.52,3.0,1,0,1,89736.17,Vehicle,1
56,835028.06,10.9,Salaried,589,589461.62,84,132785.08,0.215,0,0,1,85266.69,Debt Consolidation,0
32,257404.63,0.0,Unemployed,549,662995.99,36,214274.28,1.038,1,1,1,38956.03,Debt Consolidation,1
61,672261.81,17.0,Contract,670,1398655.43,84,221529.09,0.496,0,0,4,53937.14,Medical,0
40,361802.49,12.4,Salaried,760,1108864.76,48,211864.41,0.831,1,0,4,4693.9,Debt Consolidation,0
57,705299.4,14.4,Contract,664,176811.47,48,220709.95,0.333,2,0,3,40453.63,Education,0
31,1030915.62,3.3,Business Owner,622,250370.71,36,238505.37,0.251,2,0,0,141580.21,Home,0
22,607991.98,1.2,Self-Employed,579,20000.0,48,213446.47,0.354,0,0,0,70993.19,Personal,0
23,398443.53,0.0,Salaried,682,2101610.48,24,38812.16,0.519,1,0,4,590.09,Vehicle,0
37,336115.38,2.8,Contract,539,368646.36,180,0.0,0.088,1,0,1,64788.33,Debt Consolidation,0
62,520601.35,15.3,Contract,548,1384906.49,48,379663.21,0.942,0,0,0,8763.47,Medical,1
23,854083.44,0.0,Business Owner,731,533862.72,48,387880.18,0.504,3,0,1,84274.79,Home,0
37,383900.57,0.0,Unemployed,625,260072.23,240,260745.23,0.733,4,0,3,151312.59,Medical,0
25,411873.22,4.2,Self-Employed,623,810780.39,60,259242.11,0.787,1,0,3,899337.42,Business,0
61,167310.14,16.8,Contract,635,636667.91,120,35266.12,0.515,1,0,1,180253.02,Vehicle,0
50,792003.19,12.0,Contract,715,1200937.34,240,0.0,0.121,0,1,2,166893.57,Debt Consolidation,0
54,474573.15,11.1,Salaried,665,1207191.96,180,155236.07,0.531,1,0,4,16286.72,Business,0
52,865265.62,12.6,Salaried,583,504929.49,48,0.0,0.047,3,0,1,249148.25,Business,0
49,494972.59,12.7,Salaried,586,80022.79,60,233191.95,0.484,1,1,0,191786.88,Vehicle,0
55,455024.89,12.8,Contract,632,201417.97,180,434763.05,0.991,3,0,1,31919.61,Debt Consolidation,0
21,638292.98,1.3,Salaried,677,20000.0,60,89095.06,0.142,2,0,4,145665.35,Medical,0
59,1453424.81,12.8,Business Owner,647,662770.18,36,99434.83,0.105,1,1,2,58766.46,Business,0
53,883257.5,13.1,Salaried,639,794099.83,60,18951.03,0.093,1,0,3,51947.64,Business,0
53,730054.82,16.2,Salaried,654,228586.04,12,207965.37,0.31,1,0,1,56002.33,Debt Consolidation,0
38,740712.88,10.5,Self-Employed,647,168174.45,180,194018.54,0.28,1,0,4,74433.84,Medical,0
56,267221.03,18.0,Salaried,580,791958.06,84,16556.5,0.299,1,0,0,87867.5,Debt Consolidation,0
37,367414.91,7.3,Contract,750,484022.68,36,364263.42,1.097,2,1,0,63372.15,Education,0
23,90000.0,0.9,Salaried,607,693535.52,60,686426.57,3.0,1,0,4,51270.86,Medical,1
60,1149468.47,14.3,Contract,662,616387.58,12,414174.59,0.403,1,0,3,871991.23,Personal,0
31,1011846.51,0.0,Salaried,465,924365.12,180,180091.24,0.251,1,0,4,347170.67,Medical,0
25,360204.63,0.0,Unemployed,631,517360.49,60,177942.34,0.609,1,0,2,106634.81,Debt Consolidation,0
48,714778.78,10.3,Self-Employed,551,555627.9,12,107559.34,0.213,2,1,3,427290.18,Debt Consolidation,0
31,242102.5,3.7,Salaried,562,20000.0,60,103848.87,0.436,0,0,2,160207.52,Home,1
58,656175.01,19.0,Salaried,868,774833.72,12,372468.2,0.662,3,0,0,244190.05,Business,0
40,1105097.97,11.5,Salaried,672,844345.91,48,380307.25,0.405,1,0,1,103519.87,Debt Consolidation,0
21,632854.0,0.0,Self-Employed,760,711150.28,180,0.0,0.09,1,0,4,12220.79,Medical,0
62,581838.38,18.9,Contract,727,1755917.02,84,265936.77,0.698,1,1,4,76588.51,Medical,0
43,226482.33,7.4,Salaried,738,881389.35,60,400002.57,2.077,0,0,2,427233.43,Medical,0
32,978076.43,6.4,Salaried,632,721761.45,60,136967.24,0.199,2,0,4,16452.67,Debt Consolidation,0
50,669479.05,14.0,Self-Employed,795,1049572.48,60,161923.91,0.367,1,0,1,111538.34,Home,0
44,229816.54,12.9,Self-Employed,726,1856431.77,12,325276.88,2.062,2,0,1,59439.56,Business,0
22,521933.58,0.0,Business Owner,654,926361.52,36,330395.23,0.775,3,0,3,176041.78,Debt Consolidation,0
54,379615.5,16.2,Self-Employed,674,20000.0,180,277230.5,0.735,3,0,0,107921.12,Home,0
38,768064.12,1.2,Business Owner,638,1016029.28,240,245761.18,0.426,0,0,0,718819.28,Vehicle,0
51,391834.74,0.0,Unemployed,655,360382.29,24,269945.77,0.763,0,0,1,68366.39,Medical,0
60,591195.73,15.5,Salaried,646,20000.0,240,150010.89,0.256,2,0,0,13320.69,Home,0
47,872261.65,10.4,Salaried,684,1648780.62,12,0.0,0.151,0,0,2,8974.08,Education,0
50,706700.56,5.5,Salaried,807,1540723.25,60,0.0,0.174,3,0,3,1000.28,Vehicle,0
32,898578.1,3.2,Self-Employed,542,347411.24,180,307201.06,0.373,4,0,3,1947.76,Debt Consolidation,0
31,540701.48,8.1,Salaried,753,350684.44,24,219475.48,0.458,3,0,0,67012.56,Personal,0
39,1065331.4,0.0,Unemployed,617,880083.61,240,281993.53,0.331,0,0,4,191324.93,Debt Consolidation,0
58,569877.82,16.9,Self-Employed,764,357410.58,240,50801.73,0.139,1,0,2,1055.2,Debt Consolidation,0
44,443167.5,9.3,Self-Employed,620,732463.18,48,218465.47,0.625,2,0,1,65881.4,Medical,0
36,388424.86,9.2,Contract,687,443408.99,240,214155.2,0.643,2,0,2,142413.0,Medical,0
55,649264.82,14.2,Salaried,636,599798.84,12,430221.32,0.737,2,0,0,58584.38,Medical,0
58,281115.98,12.0,Contract,494,97822.4,60,353315.89,1.285,3,0,4,97756.96,Home,1
60,790640.71,15.8,Salaried,807,1213449.16,36,66807.11,0.207,0,0,2,235501.68,Vehicle,0
34,162674.06,10.0,Self-Employed,565,1401894.52,84,290819.53,2.477,0,0,1,463703.21,Home,1
52,383417.73,0.0,Unemployed,658,749898.01,36,65559.54,0.327,1,0,3,45013.7,Education,0
46,337187.06,9.7,Contract,555,781878.75,48,0.0,0.186,3,0,1,628319.28,Vehicle,0
40,561676.65,14.4,Contract,530,1114578.51,120,510671.19,1.068,1,0,3,254947.15,Debt Consolidation,1
38,802135.1,10.3,Salaried,632,800950.57,24,132512.64,0.245,0,0,2,113239.82,Debt Consolidation,0
26,1191009.42,4.5,Contract,597,1664781.92,180,387103.36,0.437,2,0,4,37943.27,Vehicle,0
33,366499.87,5.8,Self-Employed,545,141818.57,120,80958.25,0.252,1,0,2,560159.86,Vehicle,0
45,634420.64,11.8,Self-Employed,647,1230470.98,36,54677.28,0.241,1,0,3,157539.08,Debt Consolidation,0
60,536060.33,17.9,Salaried,517,742898.82,120,101613.28,0.3,0,0,2,120470.53,Debt Consolidation,0
59,496532.42,8.7,Salaried,661,239393.75,36,245476.88,0.533,3,0,4,79207.78,Personal,0
29,445256.67,4.4,Self-Employed,639,1923544.37,60,231706.38,0.866,0,0,4,30415.0,Home,1
50,893016.62,11.1,Salaried,427,1992600.19,84,289585.41,0.503,1,0,2,249456.26,Vehicle,1
24,636986.03,0.0,Business Owner,603,696065.03,180,110653.59,0.261,2,0,3,419061.69,Personal,0
50,1249328.17,11.0,Contract,692,1022362.67,48,207276.87,0.231,1,1,1,22313.68,Business,1
36,398994.81,0.0,Unemployed,554,564406.87,60,48229.19,0.234,1,0,4,225418.48,Debt Consolidation,0
40,404497.33,2.2,Salaried,696,644852.58,48,464473.62,1.276,1,0,3,123294.35,Medical,1
52,251323.7,0.0,Unemployed,689,233750.41,180,0.0,0.074,0,0,1,218280.66,Personal,0
39,453538.25,8.6,Salaried,558,159868.9,180,52045.29,0.143,2,0,4,82405.97,Personal,0
56,905017.16,6.8,Self-Employed,649,1722074.99,24,123783.64,0.289,1,0,3,121731.34,Personal,0
44,259305.09,7.5,Contract,724,780616.06,12,630007.73,2.67,2,0,0,246028.11,Medical,1
64,393762.15,19.8,Salaried,571,825292.46,240,338029.64,1.026,1,0,4,210014.56,Vehicle,1
49,536113.47,10.4,Salaried,631,394740.89,24,46355.71,0.145,7,0,1,30974.75,Education,0
34,809736.7,8.9,Salaried,754,894985.1,24,347994.4,0.518,0,0,0,115709.83,Business,0
55,1010265.07,16.7,Self-Employed,573,48102.91,24,292849.38,0.294,4,0,1,93186.8,Business,0
38,996135.55,2.7,Contract,691,413130.72,24,249274.01,0.283,0,0,2,163283.72,Debt Consolidation,0
44,801450.38,8.8,Salaried,553,200112.64,12,325246.53,0.426,1,0,0,64765.32,Medical,1
27,597277.62,1.1,Salaried,636,1446442.06,84,210452.87,0.546,1,0,2,20939.24,Vehicle,0
26,813656.45,0.0,Self-Employed,690,20000.0,60,230743.59,0.286,0,0,2,11523.88,Debt Consolidation,0
46,388874.85,5.6,Salaried,434,210392.25,12,0.0,0.043,1,1,2,36935.67,Debt Consolidation,1
29,312835.69,0.8,Business Owner,602,20000.0,84,459757.81,1.475,1,0,2,107269.18,Medical,1
64,488159.39,0.0,Unemployed,689,354993.83,24,119449.08,0.303,1,0,2,60954.38,Home,0
58,609580.4,15.6,Business Owner,670,570239.51,60,0.0,0.075,2,0,0,63383.96,Debt Consolidation,0
51,673673.32,15.1,Contract,603,1288890.19,120,109221.75,0.315,2,0,4,100642.13,Medical,0
53,725906.75,14.3,Self-Employed,551,689001.08,48,116470.22,0.236,0,0,3,5108.33,Education,0
47,740029.89,12.7,Contract,707,594706.55,36,55777.63,0.14,0,0,1,49178.37,Vehicle,0
23,840447.88,0.0,Salaried,621,949954.06,240,339976.98,0.495,0,1,0,343910.88,Home,0
38,859018.8,8.6,Salaried,699,578548.44,180,375354.76,0.491,2,0,4,167846.45,Home,0
42,861750.02,8.0,Business Owner,684,2004953.93,180,0.0,0.186,2,0,2,120638.99,Vehicle,1
61,609496.18,14.7,Salaried,610,504498.29,24,107340.34,0.242,3,0,4,3946.46,Medical,0
30,653940.52,9.3,Contract,747,1006855.89,36,120241.15,0.307,1,0,2,368.51,Medical,0
42,663947.4,1.4,Business Owner,597,1213227.89,48,169013.84,0.401,0,0,1,351262.81,Personal,0
36,245892.77,0.0,Unemployed,757,490143.0,24,507137.06,2.222,0,0,1,251422.76,Medical,0
26,1269543.36,3.1,Salaried,769,882686.17,48,53555.84,0.098,1,0,0,288272.08,Personal,0
25,657547.43,0.8,Self-Employed,745,549577.27,36,481234.18,0.799,2,1,2,343335.63,Medical,0
37,910561.25,2.1,Business Owner,634,937010.4,60,173682.27,0.273,2,0,3,23490.4,Business,0
24,432629.84,0.0,Salaried,879,850462.1,120,482910.99,1.273,1,0,0,62571.93,Debt Consolidation,0
23,861018.35,0.0,Self-Employed,664,729858.5,48,144027.75,0.235,0,1,0,754371.02,Personal,0
36,985068.11,8.7,Business Owner,672,222218.22,120,122945.29,0.143,1,0,0,268048.65,Medical,0
29,465838.14,0.0,Unemployed,648,1731847.4,48,195925.28,0.718,1,0,2,409834.44,Vehicle,1
45,875722.81,14.5,Business Owner,548,1093199.62,60,432605.13,0.594,1,0,2,419574.13,Business,0
21,858547.52,0.0,Salaried,767,20000.0,36,228496.94,0.268,0,0,2,188907.21,Business,0
34,956921.3,1.1,Self-Employed,598,589815.2,12,237665.45,0.298,0,1,4,258978.58,Education,0
40,727774.73,3.3,Self-Employed,733,20000.0,12,314605.58,0.434,1,0,4,761292.01,Business,0
63,697346.91,20.7,Salaried,754,1181040.68,24,41649.81,0.195,1,0,4,247827.02,Home,0
48,904642.75,12.1,Salaried,704,789108.65,84,260603.86,0.358,1,0,1,285994.93,Personal,0
59,487968.67,15.4,Salaried,588,802038.89,12,86933.35,0.31,2,0,2,453055.78,Debt Consolidation,0
36,465509.93,6.7,Salaried,619,378816.39,60,464827.76,1.064,1,0,3,13808.2,Medical,0
40,643674.91,7.4,Self-Employed,409,642218.01,24,275359.17,0.508,2,0,1,143062.4,Home,0
39,218660.73,3.8,Salaried,640,1193592.05,48,324690.77,1.922,0,0,4,268684.21,Personal,1
60,923898.82,17.1,Self-Employed,722,1327916.08,36,0.0,0.115,2,0,0,192032.42,Business,0
63,485271.53,16.2,Salaried,629,1223210.56,24,327211.75,0.876,0,0,2,433333.76,Medical,0
63,758127.24,13.2,Business Owner,597,23916.57,60,168042.67,0.224,3,0,3,263577.05,Debt Consolidation,0
54,645680.1,14.9,Salaried,623,706941.99,240,0.0,0.088,0,0,0,424936.64,Vehicle,0
43,675821.71,7.5,Contract,759,926656.73,84,217096.28,0.431,2,0,4,230129.57,Personal,1
44,583086.68,9.9,Salaried,645,432612.21,36,0.0,0.059,1,0,0,123404.38,Business,0
64,712157.24,16.8,Self-Employed,817,20000.0,180,309985.14,0.438,2,0,1,100826.2,Medical,0
33,621093.09,7.5,Salaried,599,156684.73,240,458114.79,0.758,1,0,1,103550.82,Medical,0
36,533242.26,6.7,Salaried,670,1549887.38,120,0.0,0.233,0,0,3,242038.03,Education,0
60,523701.39,12.9,Self-Employed,611,204269.31,24,194603.3,0.403,3,0,1,20713.49,Medical,0
37,918368.48,7.4,Contract,837,823780.35,24,170319.67,0.257,0,0,2,44245.67,Vehicle,0
31,103898.57,5.1,Contract,666,721832.5,240,0.0,0.556,1,1,1,598307.34,Debt Consolidation,1
45,620571.21,11.1,Salaried,842,723109.16,240,364970.72,0.681,1,0,1,224.99,Personal,0
35,524775.13,8.7,Salaried,612,640069.27,48,312627.88,0.693,1,0,2,113360.32,Personal,0
60,971697.87,13.8,Business Owner,787,1194568.51,60,564695.92,0.679,4,0,1,80089.73,Home,0
60,353426.8,17.6,Self-Employed,661,817806.46,60,289310.14,1.004,1,1,2,137997.71,Debt Consolidation,1
34,514053.66,0.0,Salaried,725,487172.67,180,41780.05,0.157,1,0,2,279123.68,Education,0
44,793410.07,8.8,Business Owner,540,825671.91,36,292580.47,0.452,4,0,1,117660.15,Vehicle,0
64,996518.4,16.4,Self-Employed,681,161227.92,120,431265.28,0.446,1,0,2,265248.06,Vehicle,0
53,929046.24,17.1,Business Owner,554,1037972.3,240,116323.43,0.215,2,1,2,328776.94,Debt Consolidation,1
30,331127.95,3.1,Salaried,673,459516.57,36,353434.52,1.178,0,0,2,324361.69,Medical,0
46,553130.82,11.8,Salaried,513,488314.42,36,0.0,0.071,3,1,3,9148.14,Personal,0
48,902512.84,5.5,Salaried,642,1056523.77,24,465512.06,0.609,2,1,1,416529.71,Medical,0
49,533806.28,10.1,Business Owner,749,596342.04,120,344069.84,0.734,1,0,2,165468.24,Personal,1
22,583338.93,0.0,Salaried,699,624491.92,36,0.0,0.086,1,0,2,251649.1,Vehicle,0
34,636719.89,12.6,Contract,539,1383815.12,12,268878.09,0.596,1,1,3,108516.52,Debt Consolidation,1
58,614554.24,12.8,Contract,479,313406.13,60,0.0,0.041,1,0,3,652940.56,Personal,0
31,1453937.95,4.2,Business Owner,695,1049192.5,84,90004.7,0.12,1,0,1,300162.57,Debt Consolidation,0
34,535817.14,5.6,Salaried,792,1274762.01,12,322196.25,0.792,2,0,1,16484.1,Home,0
35,754441.29,0.8,Salaried,563,1383448.6,120,175515.3,0.379,3,0,1,202347.42,Education,0
28,429424.72,1.2,Self-Employed,839,1888260.01,84,426190.3,1.344,2,1,1,168529.96,Personal,0
27,749937.0,3.6,Self-Employed,649,478929.88,60,211472.23,0.333,0,1,2,26741.5,Home,1
36,862696.9,6.3,Contract,474,366032.08,48,193259.06,0.258,1,0,1,71993.95,Education,1
59,567008.99,8.3,Salaried,510,1208607.73,84,397729.06,0.872,1,0,4,25498.5,Business,1
21,586324.55,0.0,Contract,719,1270120.56,120,139232.61,0.411,1,1,4,113289.23,Vehicle,0
33,412180.06,7.9,Salaried,662,404632.68,120,195470.07,0.553,1,0,3,27767.65,Vehicle,0
23,319899.05,2.6,Salaried,783,1042402.25,48,219200.42,0.946,0,0,3,138165.98,Home,0
45,931198.86,13.3,Salaried,542,2162103.43,60,187849.76,0.387,1,0,1,619422.82,Home,1
32,644499.76,1.4,Business Owner,661,852332.2,36,408839.23,0.74,2,0,2,197338.32,Debt Consolidation,0
55,98596.92,17.4,Salaried,651,1261749.4,24,79975.68,1.835,1,0,0,138004.08,Education,0
46,1116339.04,9.9,Salaried,637,1588368.69,180,50544.86,0.159,0,0,0,79930.77,Home,0
55,501476.17,18.4,Contract,616,2051873.07,48,8897.53,0.345,2,1,2,172713.08,Vehicle,1
48,619406.74,10.8,Self-Employed,617,922849.82,36,0.0,0.119,2,1,0,413979.74,Vehicle,0
40,1067226.63,1.5,Salaried,666,1426516.77,120,467073.57,0.545,1,0,4,153108.88,Business,0
58,675564.48,17.3,Salaried,677,405752.94,120,37858.4,0.104,1,0,3,544362.01,Vehicle,0
41,619165.85,6.7,Self-Employed,673,812440.47,36,157052.85,0.359,1,0,3,189991.97,Home,0
62,415956.74,15.3,Salaried,759,576773.76,24,480437.5,1.266,3,0,4,380471.78,Debt Consolidation,0
64,320291.58,12.8,Salaried,542,20000.0,84,174460.33,0.55,2,0,2,69447.02,Personal,0
46,633403.43,14.9,Self-Employed,487,20000.0,240,292592.8,0.464,3,1,4,135312.92,Vehicle,1
50,777702.44,10.0,Salaried,742,1015016.29,24,0.0,0.104,1,0,0,37149.26,Home,0
32,709381.35,9.1,Self-Employed,565,1024844.46,36,451703.81,0.752,1,0,4,169783.97,Education,0
56,584684.73,12.7,Salaried,616,279185.71,240,178112.35,0.343,5,0,0,77152.89,Medical,0
50,692064.45,8.8,Salaried,595,1578692.68,120,16707.02,0.207,3,0,0,54055.69,Business,0
60,257697.5,19.6,Salaried,593,245009.2,84,16575.68,0.14,3,0,3,199141.83,Debt Consolidation,0
32,748041.76,4.2,Salaried,519,928634.48,48,504195.66,0.773,1,0,3,127659.41,Medical,1
55,742351.46,13.4,Salaried,599,592380.27,60,94488.13,0.191,0,0,1,494386.63,Vehicle,0
41,1153415.22,4.2,Salaried,708,853474.01,24,20612.99,0.077,2,0,0,219018.82,Vehicle,0
29,625869.91,1.8,Contract,650,1249266.63,180,122047.5,0.355,3,0,1,47733.08,Debt Consolidation,0
28,385332.66,4.1,Contract,695,1178671.01,60,208167.03,0.785,1,0,2,77222.14,Vehicle,1
45,659319.22,5.7,Salaried,605,1153921.13,180,227327.5,0.485,2,0,1,150061.41,Debt Consolidation,0
35,560050.05,4.0,Self-Employed,731,1090077.81,180,279984.37,0.656,1,0,4,271388.91,Debt Consolidation,1
25,720676.97,0.3,Self-Employed,604,163627.78,12,242256.99,0.354,4,0,4,122456.53,Vehicle,1
39,660723.02,7.4,Contract,460,1367264.82,180,316484.97,0.645,1,1,2,232230.45,Personal,1
49,369013.32,15.6,Salaried,678,269855.75,36,150905.62,0.467,1,1,1,262837.95,Education,0
35,233064.18,4.7,Salaried,719,746982.95,36,572992.31,2.715,0,0,0,58696.82,Medical,1
63,791727.05,14.7,Salaried,600,624336.54,60,112080.77,0.205,0,0,0,12319.79,Vehicle,0
55,1047778.64,21.8,Salaried,758,975061.65,36,443430.88,0.498,0,0,0,456715.94,Education,0
43,685836.97,7.5,Salaried,573,557642.38,48,92177.77,0.199,2,0,1,82379.34,Debt Consolidation,1
62,926324.34,15.8,Contract,710,720744.69,120,0.0,0.062,0,0,4,85203.43,Personal,0
40,910202.29,6.5,Contract,807,1609434.02,36,0.0,0.141,0,0,3,160574.96,Vehicle,0
27,684697.96,1.6,Salaried,653,152373.31,84,254711.13,0.39,1,0,0,46419.74,Home,0
22,399377.13,0.6,Self-Employed,630,798766.78,48,409152.62,1.184,1,0,2,55142.25,Personal,0
62,771827.02,19.2,Salaried,640,242936.42,36,0.0,0.025,2,0,1,225449.23,Home,0
63,1027768.22,18.0,Self-Employed,797,1137174.82,24,42051.0,0.129,2,1,3,145552.69,Education,0
53,828472.64,16.0,Self-Employed,686,436635.59,180,269503.08,0.367,1,0,2,43464.99,Home,0
25,799061.34,4.7,Salaried,843,819268.22,24,199542.44,0.332,2,0,3,191768.76,Education,0
33,520363.44,5.4,Contract,675,137667.53,60,94583.49,0.203,2,0,0,3703.02,Debt Consolidation,0
22,202411.56,0.0,Unemployed,591,1445769.92,36,0.0,0.571,0,0,1,32937.52,Debt Consolidation,1
23,726318.17,4.1,Business Owner,597,836394.96,240,255633.61,0.444,3,0,1,33337.53,Personal,0
31,767165.5,0.7,Business Owner,656,868882.76,12,317527.66,0.505,3,0,4,301049.74,Debt Consolidation,0
46,966989.58,17.5,Self-Employed,466,1214530.81,48,288514.9,0.399,1,1,3,302613.45,Personal,1
23,90000.0,0.0,Salaried,607,174295.74,60,204772.45,2.43,1,0,0,304137.95,Vehicle,1
64,736634.58,16.1,Salaried,609,492488.85,240,9973.13,0.067,4,0,0,40961.57,Medical,0
41,640125.91,4.4,Self-Employed,672,885027.08,24,256619.83,0.511,0,0,3,40945.58,Medical,0
32,290124.71,0.9,Salaried,825,20000.0,180,243169.07,0.844,2,0,1,35639.04,Vehicle,0
43,833941.8,11.7,Contract,655,20000.0,12,0.0,0.002,0,1,2,33474.0,Medical,0
55,520874.95,20.4,Salaried,477,389368.84,36,145578.52,0.339,2,0,1,131495.88,Medical,1
34,549741.84,3.5,Salaried,568,229501.18,180,265957.46,0.517,2,0,1,33730.32,Vehicle,0
23,1068195.48,1.8,Salaried,674,628068.33,48,185916.73,0.221,2,0,0,88381.83,Debt Consolidation,0
23,508493.41,0.0,Unemployed,658,1061216.07,84,0.0,0.167,0,0,2,89420.28,Medical,0
58,854621.73,17.8,Salaried,796,1174940.16,48,84736.31,0.209,2,0,3,471719.1,Home,0
25,707194.23,8.3,Salaried,736,1704705.32,240,72762.21,0.296,0,0,2,116399.44,Debt Consolidation,0
48,639829.99,15.4,Salaried,734,788687.78,12,300672.89,0.569,0,0,0,570188.21,Debt Consolidation,0
37,1297844.32,5.7,Business Owner,630,877179.4,240,667709.01,0.569,2,0,1,90216.85,Business,0
55,552541.91,0.0,Unemployed,749,787559.72,36,224113.74,0.52,1,0,3,20124.78,Personal,1
23,418612.52,2.7,Salaried,569,960134.13,84,0.0,0.183,1,0,3,337269.74,Personal,1
60,366974.43,15.5,Contract,737,999183.7,36,171108.92,0.684,0,0,4,19177.71,Education,0
51,831709.5,8.7,Salaried,625,1261058.88,180,201914.24,0.364,2,0,2,142427.64,Medical,0
40,643032.72,5.2,Self-Employed,520,1259104.13,120,336187.17,0.679,1,0,4,324904.9,Vehicle,1
30,269765.46,7.0,Salaried,703,1059681.64,24,423581.95,1.884,2,1,3,65053.14,Business,1
63,833146.54,20.6,Self-Employed,776,1555086.41,36,450383.21,0.69,1,1,4,23716.71,Personal,0
34,721743.21,4.6,Business Owner,613,813378.53,120,296701.26,0.501,5,0,0,13669.28,Business,0
42,795666.23,9.2,Self-Employed,791,494216.15,60,199857.33,0.301,4,0,1,232722.47,Medical,0
38,761435.05,10.4,Salaried,501,575977.47,60,467012.36,0.674,2,0,1,205.18,Debt Consolidation,0
31,477933.99,0.0,Contract,542,747082.58,48,137449.6,0.413,1,0,0,173767.06,Business,0
39,462211.19,0.0,Unemployed,637,258182.46,120,209806.32,0.499,0,0,2,245741.73,Business,0
27,493523.73,8.5,Self-Employed,617,493316.22,240,156181.32,0.396,1,0,0,14542.37,Education,0
21,491779.53,0.9,Self-Employed,590,230081.19,12,0.0,0.037,2,0,3,6660.03,Home,0
33,502932.15,1.4,Contract,662,971980.13,120,428916.29,1.007,0,0,1,19348.41,Personal,0
25,894743.61,2.0,Salaried,602,976910.55,240,321593.46,0.447,0,0,1,98527.6,Business,0
39,583856.9,10.3,Contract,618,20000.0,24,0.0,0.003,2,0,1,186277.14,Business,0
58,1054110.8,7.2,Salaried,675,472958.93,48,380315.73,0.397,0,0,1,471548.87,Home,0
28,1066871.22,3.3,Contract,590,1712594.42,84,145381.29,0.265,4,0,2,104637.48,Debt Consolidation,0
21,415320.22,0.0,Salaried,640,1114890.0,120,377938.29,1.125,0,0,4,27768.76,Business,1
25,90000.0,0.0,Salaried,592,1027168.25,120,213642.21,3.0,1,0,0,58364.8,Debt Consolidation,1
43,927127.39,9.0,Self-Employed,541,467873.37,240,0.0,0.04,1,0,0,122170.66,Home,0
33,550507.03,4.4,Self-Employed,719,943641.28,84,204743.63,0.509,4,0,1,150506.13,Personal,0
42,446453.4,8.3,Contract,804,792745.04,180,38278.56,0.228,2,0,3,71456.93,Vehicle,0
22,105820.47,0.0,Unemployed,746,401626.82,60,0.0,0.304,0,0,3,101756.65,Medical,0
35,538296.54,2.5,Salaried,680,553105.26,36,356065.22,0.744,1,1,4,240154.35,Vehicle,0
39,978298.27,2.8,Salaried,592,564373.29,120,270478.21,0.323,1,0,3,111407.02,Debt Consolidation,0
39,693977.81,5.1,Salaried,624,55663.37,48,469562.38,0.683,2,0,1,170911.12,Debt Consolidation,0
45,992899.66,12.2,Self-Employed,745,138216.37,84,129010.7,0.141,0,0,3,93014.16,Debt Consolidation,0
55,825555.03,14.3,Self-Employed,445,700265.61,84,26677.39,0.1,3,0,2,105353.29,Debt Consolidation,0
41,582692.32,7.8,Contract,617,376000.95,12,314984.8,0.592,0,0,3,10622.91,Personal,0
58,613410.7,11.7,Contract,716,649540.93,60,49937.25,0.166,2,1,2,113712.51,Personal,0
44,809402.19,8.1,Salaried,548,20000.0,12,144164.93,0.18,1,0,4,318957.18,Personal,1
32,838106.41,6.6,Self-Employed,688,1200663.0,48,294517.18,0.466,2,0,3,94466.5,Personal,0
31,879198.17,5.5,Self-Employed,684,1840239.72,84,177329.79,0.369,2,0,4,65838.16,Medical,0
35,576615.37,4.2,Self-Employed,519,1313697.8,84,112028.42,0.377,1,0,4,186945.15,Personal,0
47,721801.46,2.6,Salaried,658,1365267.35,12,0.0,0.151,1,0,2,3538.21,Education,0
31,776010.1,2.0,Salaried,594,1113061.25,240,368640.45,0.59,1,0,1,97170.65,Medical,0
61,624008.74,14.6,Salaried,687,932792.92,120,133683.17,0.334,2,0,1,404572.15,Vehicle,0
42,379264.99,5.7,Salaried,710,843261.45,36,311256.73,0.999,1,0,1,51067.2,Home,0
58,659432.23,13.6,Business Owner,686,342736.69,60,287478.66,0.478,1,0,0,84116.55,Debt Consolidation,0
51,629741.14,14.4,Salaried,657,1145027.88,24,396431.67,0.775,3,1,1,306757.59,Vehicle,0
35,807551.78,5.5,Self-Employed,676,1115354.22,48,157597.7,0.306,3,0,4,76145.68,Personal,0
31,944744.37,7.0,Self-Employed,544,568495.21,120,137410.62,0.194,3,0,0,275710.96,Medical,0
53,356988.2,8.3,Contract,647,1063002.04,180,511.67,0.24,1,0,4,67062.39,Education,0
35,492663.75,4.7,Salaried,578,453027.35,84,102322.85,0.281,1,0,0,38385.54,Education,0
31,540534.38,0.0,Salaried,743,484872.32,36,261409.42,0.555,2,1,0,281764.71,Personal,0
61,918679.26,14.7,Salaried,711,1187552.67,240,52930.2,0.161,1,0,4,490514.5,Medical,0
42,530972.37,5.3,Salaried,711,1015263.72,60,256841.66,0.637,0,0,2,169927.57,Debt Consolidation,0
23,498566.92,4.6,Salaried,804,684027.83,120,464112.56,1.041,0,0,1,290349.46,Debt Consolidation,0
42,460001.86,9.6,Business Owner,620,626166.92,120,119861.8,0.369,1,0,0,31515.64,Debt Consolidation,0
41,780851.83,11.0,Salaried,601,887386.37,48,0.0,0.091,0,0,0,228234.44,Business,0
59,673650.23,13.9,Salaried,618,20000.0,12,125587.79,0.189,1,0,1,121844.15,Business,0
52,529488.74,9.3,Salaried,506,421115.29,84,0.0,0.064,5,1,0,262169.1,Personal,0
29,559121.69,0.0,Contract,513,167445.44,240,440160.24,0.811,5,0,3,151663.56,Vehicle,1
27,899748.88,3.2,Contract,706,805926.53,180,215273.24,0.311,1,0,4,198644.97,Education,0
47,576778.27,15.8,Business Owner,524,1344309.23,180,68878.33,0.306,3,0,1,47647.71,Business,0
23,395585.09,2.0,Self-Employed,553,1038579.36,48,99225.89,0.461,1,0,0,106946.21,Vehicle,0
35,1105063.11,4.5,Business Owner,641,544251.02,240,0.0,0.039,2,0,4,175893.48,Debt Consolidation,0
27,786943.71,1.8,Business Owner,613,446701.58,12,382005.23,0.531,3,1,3,36217.26,Home,0
21,767438.52,0.0,Salaried,730,423066.8,36,530695.32,0.736,0,0,1,40462.49,Personal,0
61,820437.98,22.1,Self-Employed,655,1799808.56,84,0.0,0.175,0,0,3,139108.46,Education,0
24,600166.36,4.9,Contract,578,834031.15,36,387786.97,0.757,1,0,3,99996.6,Vehicle,0
21,512925.22,0.8,Salaried,737,899875.47,12,155746.87,0.444,2,0,3,30276.63,Debt Consolidation,0
62,1080889.51,16.7,Business Owner,716,20000.0,24,428148.26,0.398,2,0,0,51034.28,Education,0
29,914584.14,4.1,Self-Employed,523,209530.71,240,0.0,0.018,0,1,1,33451.75,Debt Consolidation,1
56,976047.09,15.5,Self-Employed,673,777911.56,48,240571.05,0.31,0,0,2,431389.41,Debt Consolidation,1
22,306632.09,0.0,Salaried,586,550918.97,24,126578.09,0.557,2,0,3,137378.42,Medical,0
27,1094227.75,0.0,Business Owner,583,866529.04,84,318636.03,0.355,0,0,2,60858.88,Debt Consolidation,1
25,522516.19,4.7,Contract,818,859939.44,48,211005.54,0.535,0,0,1,77558.53,Medical,0
52,504242.62,12.5,Salaried,661,1100226.12,48,204006.08,0.579,0,0,1,163500.47,Debt Consolidation,0
48,638668.08,13.6,Salaried,630,20000.0,240,180922.42,0.286,3,1,2,151559.84,Education,0
41,867782.11,12.9,Salaried,658,247385.71,60,481213.8,0.577,1,1,0,88558.24,Vehicle,1
31,765116.05,5.6,Salaried,729,750193.84,12,168504.73,0.299,3,0,4,219199.99,Vehicle,0
24,195153.4,0.0,Unemployed,587,476298.4,240,355570.98,2.017,4,0,3,58364.47,Debt Consolidation,1
46,884416.47,19.6,Self-Employed,602,644861.21,12,313132.4,0.412,0,0,3,22009.64,Education,0
31,664965.15,4.6,Salaried,709,854513.71,120,359985.64,0.644,1,1,3,91845.41,Debt Consolidation,0
46,531757.13,6.7,Salaried,514,427533.48,12,17344.92,0.097,1,0,2,142327.25,Debt Consolidation,0
51,162991.18,0.0,Unemployed,739,896135.06,36,327291.15,2.448,2,0,2,377974.87,Personal,1
58,813558.71,19.5,Salaried,506,1071992.27,240,260636.5,0.426,2,0,3,44788.17,Business,0
42,792370.57,4.5,Business Owner,628,832539.53,24,0.0,0.084,0,1,3,112639.84,Home,1
21,256123.71,0.0,Salaried,506,1160363.89,240,161768.77,0.994,2,0,3,285899.44,Vehicle,1
33,847790.37,8.1,Salaried,555,20000.0,36,612970.32,0.725,1,0,0,98580.94,Vehicle,0
58,740931.24,14.0,Business Owner,767,506982.52,48,129474.84,0.229,1,0,4,300489.94,Vehicle,0
44,1067029.91,8.9,Salaried,744,1246165.45,240,133823.04,0.219,1,0,2,127728.33,Home,0
48,480252.5,14.0,Business Owner,754,367823.46,120,281127.82,0.647,2,0,3,38868.23,Home,1
41,614822.85,5.8,Salaried,520,299970.47,36,102643.3,0.206,2,0,0,113069.75,Vehicle,0
28,596005.58,0.0,Business Owner,555,736865.91,120,225281.57,0.477,0,0,2,329798.44,Education,1
60,623144.37,11.4,Business Owner,681,791340.48,60,119196.36,0.293,2,0,2,129828.37,Debt Consolidation,0
55,730302.32,15.3,Business Owner,714,532651.54,12,272429.5,0.431,1,0,1,227959.83,Education,0
64,1171641.9,18.0,Salaried,578,1721786.92,36,188860.31,0.279,0,0,4,25637.59,Business,0
58,896842.54,12.7,Business Owner,598,943245.38,36,551358.7,0.699,2,1,2,18659.14,Education,0
33,90000.0,0.0,Unemployed,548,348558.56,60,208281.25,2.624,3,0,4,3375.47,Debt Consolidation,1
32,175842.9,3.6,Salaried,799,80246.28,240,159930.03,0.946,4,0,2,670891.71,Debt Consolidation,0
31,199659.36,7.3,Salaried,607,1002788.27,84,385298.53,2.332,2,0,2,127046.37,Home,1
61,585884.21,13.5,Contract,653,336710.63,24,0.0,0.046,3,0,2,51302.7,Home,0
45,513578.0,7.6,Salaried,658,1876309.65,84,504510.06,1.275,2,1,3,376.31,Debt Consolidation,1
40,750987.32,4.0,Business Owner,750,1013971.4,60,22073.47,0.137,0,0,3,99457.74,Personal,0
63,307954.05,15.7,Business Owner,564,1079985.99,48,414640.57,1.627,0,0,4,12426.28,Medical,1
47,655079.6,11.4,Salaried,755,924343.58,36,462189.75,0.818,1,0,1,38768.98,Vehicle,0
61,976932.44,22.3,Self-Employed,535,1360784.72,120,105354.87,0.219,1,0,3,47537.13,Home,0
64,1134710.31,17.9,Self-Employed,755,20000.0,84,122651.68,0.11,0,0,4,59739.37,Vehicle,0
24,135388.46,1.0,Salaried,496,198364.98,48,180347.96,1.449,1,1,4,125219.58,Business,1
36,444651.81,8.6,Contract,641,1317069.0,24,311878.35,0.938,1,0,2,15556.22,Education,0
53,482441.53,14.9,Salaried,796,1550289.96,24,20349.53,0.299,3,0,2,9720.38,Vehicle,0
56,741430.36,12.3,Salaried,713,182358.99,24,180339.29,0.263,3,0,3,49219.74,Business,1
27,313056.88,9.3,Contract,688,20000.0,84,143583.54,0.464,1,0,2,61961.38,Personal,1
35,1062565.81,5.5,Salaried,556,883760.89,12,0.0,0.067,2,0,0,105230.12,Vehicle,0
45,682880.62,10.3,Contract,584,1042706.21,12,11899.23,0.14,0,1,3,41115.07,Medical,0
56,674213.43,15.7,Salaried,771,873691.19,240,223084.45,0.435,0,0,3,57348.05,Medical,0
25,1010178.43,2.6,Self-Employed,693,770185.46,36,219894.56,0.279,2,1,2,46775.84,Medical,0
47,673988.09,15.0,Salaried,730,20000.0,24,62484.1,0.095,1,0,2,3382.14,Vehicle,0
34,889075.85,3.4,Business Owner,657,612494.93,240,214263.57,0.296,1,0,2,266459.75,Debt Consolidation,0
30,439300.43,6.0,Contract,625,687049.48,48,83548.5,0.315,3,0,2,85912.1,Debt Consolidation,0
43,323374.48,9.3,Contract,719,525879.9,12,435276.38,1.476,0,0,3,67144.12,Medical,0
39,151409.59,0.0,Unemployed,673,20000.0,48,181463.26,1.209,1,0,0,61358.67,Education,1
48,1377743.96,10.2,Business Owner,635,1092368.27,12,397556.3,0.352,1,1,1,254383.84,Vehicle,0
34,947255.24,4.1,Business Owner,523,1232881.24,36,0.0,0.104,1,0,4,176153.69,Business,0
57,776633.71,16.6,Self-Employed,736,402677.72,240,258097.85,0.374,1,0,4,59229.44,Business,0
24,364906.65,2.3,Contract,690,707014.2,180,307294.18,0.997,4,0,0,40723.78,Business,0
58,938812.7,12.3,Self-Employed,595,551544.23,48,175180.99,0.234,0,0,0,31303.19,Personal,0
22,263576.68,4.4,Contract,756,556403.87,48,103006.38,0.56,1,0,0,145802.55,Debt Consolidation,0
53,304235.89,15.0,Salaried,672,1046582.94,84,172300.8,0.842,4,0,4,1634.17,Vehicle,0
36,505278.22,5.8,Self-Employed,674,1058659.48,84,333643.73,0.828,1,0,4,45710.46,Debt Consolidation,0
37,1286622.73,5.0,Business Owner,730,1337385.62,120,0.0,0.083,3,0,2,64458.98,Debt Consolidation,0
21,1074473.56,1.1,Salaried,710,1326964.51,60,326088.16,0.402,0,0,3,77824.34,Medical,0
51,577190.77,14.0,Salaried,676,714096.95,12,257305.83,0.545,2,0,3,301956.27,Debt Consolidation,0
28,102450.25,0.0,Unemployed,633,2221052.22,180,153057.36,3.0,3,0,4,114954.58,Business,1
50,276909.49,12.7,Salaried,829,1574975.98,48,160748.72,1.036,2,0,4,308898.03,Education,0
52,712507.68,14.4,Salaried,584,470930.03,180,211134.83,0.349,1,0,4,9259.18,Personal,0
58,751503.19,7.7,Salaried,717,863299.39,180,498551.52,0.755,2,0,1,77351.25,Education,0
52,890389.06,13.0,Salaried,642,20000.0,24,262640.44,0.297,0,0,1,234051.26,Debt Consolidation,0
34,866676.88,7.3,Self-Employed,691,813628.82,60,30315.41,0.11,0,0,0,42660.53,Debt Consolidation,0
53,296644.52,0.0,Unemployed,761,1636847.38,120,121646.33,0.852,2,0,4,105661.06,Medical,1
57,497006.97,0.0,Unemployed,622,2190652.24,48,0.0,0.353,1,1,2,186443.39,Home,0
34,613840.28,4.2,Business Owner,704,739360.73,180,0.0,0.096,1,0,0,62490.35,Business,0
26,899260.63,0.0,Business Owner,674,967441.19,60,0.0,0.086,2,0,4,323984.48,Education,0
60,590191.98,10.2,Salaried,592,1102656.01,240,221613.75,0.525,1,0,4,124957.15,Education,0
27,732864.63,5.7,Contract,763,1789851.79,240,429312.34,0.781,0,0,4,282665.35,Home,0
47,772625.33,12.5,Salaried,714,308512.83,240,379239.21,0.523,0,0,3,7167.93,Home,0
31,647200.91,7.5,Salaried,611,2127756.52,24,0.0,0.263,0,0,4,97251.55,Debt Consolidation,1
26,463634.93,0.0,Unemployed,749,641464.06,120,56423.0,0.232,3,0,4,233376.42,Home,0
55,309400.23,16.0,Contract,575,214923.03,120,31036.9,0.156,1,1,2,34712.71,Personal,0
27,351770.95,0.0,Salaried,647,642369.4,60,0.0,0.146,2,0,2,121716.32,Medical,0
50,769485.08,9.0,Business Owner,611,395197.5,24,169824.63,0.262,0,0,1,45763.78,Medical,0
51,329184.15,12.4,Self-Employed,718,1009627.85,36,344585.89,1.292,1,0,3,29014.21,Business,0
23,504283.87,2.8,Salaried,607,20000.0,60,154569.73,0.31,2,0,4,24084.93,Business,0
28,527342.43,7.8,Salaried,718,870820.02,180,0.0,0.132,2,1,4,350179.78,Education,0
55,1029420.95,12.9,Salaried,704,1131984.47,240,47873.32,0.134,1,0,4,394770.72,Medical,0
43,701633.43,6.2,Self-Employed,616,1541417.0,240,140807.58,0.376,0,0,1,30396.39,Medical,1
26,872357.39,0.0,Salaried,815,1140303.04,240,338639.6,0.493,2,0,3,49556.12,Education,0
64,804418.68,15.1,Self-Employed,583,1510637.24,12,167092.77,0.358,2,1,1,199763.05,Personal,1
32,499083.18,11.1,Salaried,523,497166.16,240,314283.68,0.709,2,0,0,14294.94,Medical,1
21,283429.2,0.0,Unemployed,727,997095.13,60,185358.56,0.935,1,1,4,173773.41,Medical,1
61,902356.58,19.3,Self-Employed,457,20000.0,12,242622.02,0.271,2,0,1,660983.15,Medical,0
21,898350.33,0.0,Contract,784,743006.02,24,30769.56,0.1,2,0,4,218.87,Education,0
45,638922.48,9.6,Salaried,659,993375.64,36,76547.94,0.244,0,0,2,425483.02,Business,0
64,317122.34,19.3,Self-Employed,522,1038616.27,36,0.0,0.262,1,0,3,373861.16,Education,0
46,245549.44,8.5,Contract,565,20000.0,12,308297.97,1.262,1,0,2,16522.8,Personal,1
46,593396.85,9.1,Salaried,503,604917.04,48,147586.68,0.33,1,0,2,187282.54,Business,1
38,90000.0,4.8,Salaried,684,674619.75,60,0.0,0.6,1,0,4,22843.49,Debt Consolidation,0
26,1063776.12,0.7,Salaried,531,585462.45,36,286607.8,0.313,0,0,0,27677.56,Home,0
46,824233.31,10.1,Salaried,695,1162502.92,120,375345.43,0.568,3,0,0,65392.11,Debt Consolidation,0
60,558083.25,13.1,Salaried,623,691586.28,120,53892.1,0.196,2,1,3,140942.84,Medical,1
25,334588.1,2.5,Salaried,607,849663.48,48,286451.29,1.059,2,0,4,94470.04,Education,0
59,971029.77,16.1,Salaried,696,555190.2,12,162249.01,0.213,2,0,4,279190.82,Home,0
39,375590.71,6.7,Self-Employed,706,1332412.22,36,0.0,0.284,2,0,3,29338.46,Education,0
44,414443.31,6.7,Salaried,753,1369617.09,84,551534.17,1.595,1,0,0,12547.17,Home,1
28,429513.51,3.1,Salaried,593,645829.13,48,163330.47,0.501,0,0,0,67368.79,Vehicle,0
48,859521.85,9.3,Business Owner,647,2225294.62,84,236254.85,0.482,1,1,1,34396.76,Education,0
29,779199.36,3.3,Salaried,593,416761.1,180,87573.62,0.155,1,0,3,263123.61,Home,0
33,934168.06,8.1,Salaried,665,1303598.46,180,146804.57,0.269,0,0,0,48525.58,Vehicle,0
52,954242.82,8.6,Salaried,580,324499.66,84,229099.23,0.267,2,0,1,33693.31,Business,0
23,606193.43,7.3,Salaried,612,1186512.12,12,12342.86,0.177,2,0,1,66614.4,Debt Consolidation,0
40,912130.49,7.4,Self-Employed,612,1147502.0,120,504913.65,0.654,0,0,0,15773.16,Debt Consolidation,0
47,510250.1,11.6,Salaried,676,294130.94,36,350866.42,0.734,0,0,2,3139.79,Personal,0
26,159783.5,0.0,Salaried,650,734698.52,48,293029.14,2.202,1,0,1,64846.15,Medical,0
33,118217.23,0.0,Unemployed,696,1733869.72,120,174479.18,2.649,1,0,0,108232.48,Personal,1
36,443434.87,5.6,Contract,640,392849.21,180,62980.63,0.213,1,0,2,16845.8,Medical,0
50,529003.23,10.4,Salaried,598,1000932.99,120,385416.13,0.88,5,1,2,15992.32,Business,0
63,486156.32,15.1,Salaried,667,967741.94,36,309924.81,0.797,2,0,1,10168.6,Vehicle,1
57,592722.61,13.6,Self-Employed,567,778858.52,60,128103.97,0.321,0,0,0,107249.93,Education,1
29,779004.3,4.5,Contract,701,20000.0,48,4786.02,0.008,3,0,0,103838.65,Debt Consolidation,0
21,1028814.28,0.5,Contract,624,1214312.52,60,0.0,0.094,0,1,4,337714.94,Medical,1
23,174663.38,0.7,Salaried,668,805808.14,120,205143.0,1.544,0,0,4,58109.08,Personal,1
47,356066.34,8.3,Salaried,670,1351922.84,240,155193.65,0.74,2,0,3,46610.88,Medical,1
27,420138.44,0.1,Salaried,794,915879.05,48,413412.42,1.158,3,0,1,198355.84,Home,0
31,821435.47,2.6,Contract,684,832234.62,36,378596.81,0.542,3,0,3,14645.97,Business,0
58,659763.14,16.2,Contract,657,986270.52,180,207000.98,0.433,2,0,4,84713.26,Business,0
59,532972.69,17.2,Salaried,588,306234.59,24,185398.45,0.394,2,0,4,37814.71,Home,0
57,887183.25,16.8,Self-Employed,722,1579053.11,48,0.0,0.142,1,0,3,158101.54,Education,0
32,872097.57,4.4,Salaried,626,612292.83,240,390975.95,0.504,4,1,0,18632.24,Medical,0
48,826310.01,12.0,Business Owner,513,618719.23,180,189788.62,0.29,1,0,2,103594.73,Business,1
47,473945.19,9.9,Contract,632,1446148.16,180,308950.58,0.896,0,0,4,307695.96,Home,1
29,691569.89,0.0,Self-Employed,667,923671.1,180,411824.74,0.702,1,1,3,215398.1,Education,1
45,613682.95,9.0,Salaried,576,681774.98,36,98190.64,0.249,3,1,0,80387.78,Personal,0
44,608746.69,8.1,Self-Employed,639,1006910.05,12,50975.17,0.216,0,0,4,291031.12,Home,0
38,522899.95,3.7,Salaried,644,1112992.04,180,644367.02,1.403,1,0,2,151053.08,Vehicle,1
54,930245.81,11.5,Contract,645,740830.19,60,307004.38,0.394,2,0,0,587198.53,Personal,0
50,749470.06,12.0,Salaried,761,1261165.04,36,149852.28,0.335,2,0,0,87068.82,Business,0
44,927925.22,5.8,Contract,532,164722.82,60,423181.24,0.47,0,1,2,414912.14,Education,1
52,1027081.54,10.3,Salaried,833,930904.89,180,144513.75,0.213,1,0,4,80021.9,Business,0
54,813745.19,17.8,Salaried,647,1200134.84,60,258587.37,0.436,1,0,3,191688.86,Education,1
45,545380.72,4.8,Salaried,702,1110897.55,84,97718.01,0.342,2,0,2,238058.58,Medical,0
32,893081.56,3.9,Salaried,662,20000.0,60,196945.31,0.222,0,0,2,226029.09,Education,0
54,815416.18,9.7,Salaried,495,736703.72,60,150667.38,0.257,0,1,1,28972.12,Education,1
52,1493841.94,10.1,Business Owner,555,192981.54,240,64661.43,0.054,0,0,0,225679.28,Business,0
64,806525.72,16.6,Salaried,603,1442885.85,240,243715.25,0.445,1,0,2,17834.76,Vehicle,0
27,792422.01,0.0,Salaried,739,604663.05,48,85052.87,0.168,0,0,0,6194.96,Debt Consolidation,0
39,726605.97,8.9,Salaried,525,1387351.93,180,303677.67,0.571,4,0,4,424044.08,Vehicle,0
61,695225.35,20.1,Salaried,573,191478.08,120,145182.03,0.231,2,0,1,329124.34,Education,0
43,601302.11,11.3,Contract,665,995321.39,24,0.0,0.132,0,0,1,102871.57,Education,0
62,446560.96,0.0,Unemployed,693,803970.3,180,311752.66,0.842,0,0,2,80160.56,Vehicle,0
21,730293.94,0.0,Salaried,690,2182034.63,120,314767.55,0.67,0,0,1,97236.06,Vehicle,0
22,1041596.97,0.0,Business Owner,561,1388963.84,180,605639.36,0.688,1,0,3,334102.42,Education,0
56,932212.64,15.4,Business Owner,506,1356942.13,180,203189.93,0.334,1,0,0,210121.22,Vehicle,1
36,179277.71,0.0,Unemployed,699,1813903.87,240,232997.9,2.109,1,0,4,192823.91,Medical,1
43,584286.5,14.1,Salaried,779,941883.8,60,286146.2,0.619,2,0,1,104283.27,Vehicle,0
39,323265.76,10.4,Salaried,619,750246.87,12,383546.39,1.372,1,0,3,6539.0,Home,1
38,1066303.46,9.5,Self-Employed,547,693238.06,36,372295.88,0.401,1,0,4,239571.5,Business,0
62,587706.6,24.3,Contract,611,963908.33,24,257381.37,0.569,2,0,0,70154.95,Home,0
25,1003860.12,1.9,Business Owner,685,20000.0,36,194064.45,0.195,2,1,2,132499.17,Medical,1
54,768137.71,12.3,Self-Employed,629,801163.1,84,351679.13,0.541,1,0,2,86053.32,Education,0
60,792932.96,16.1,Salaried,777,913395.77,240,186572.12,0.327,2,1,0,505683.37,Business,0
49,804638.03,8.5,Business Owner,733,722074.76,120,0.0,0.072,1,1,3,131848.77,Personal,0
38,454050.28,7.0,Contract,667,34546.24,48,0.0,0.006,1,0,4,173107.76,Business,0
28,378866.15,0.0,Salaried,474,725081.71,60,147212.34,0.542,2,1,0,53303.35,Vehicle,1
51,1272116.35,10.4,Business Owner,588,33150.4,60,221594.43,0.176,2,0,4,88558.87,Education,0
41,688490.27,7.7,Salaried,601,1686878.87,48,644965.26,1.133,0,0,2,49199.2,Home,1
27,899316.94,5.2,Self-Employed,583,671324.9,84,178395.41,0.258,1,0,4,56115.99,Debt Consolidation,0
36,991226.73,9.3,Self-Employed,667,20000.0,240,208388.1,0.212,1,0,1,102634.01,Debt Consolidation,0
63,623288.27,13.9,Contract,669,696744.52,12,127220.09,0.294,4,0,0,195001.59,Medical,0
32,388876.44,0.0,Unemployed,499,1247699.19,48,311385.07,1.057,4,0,3,50603.65,Business,0
28,632252.69,3.2,Salaried,722,888039.04,12,250461.75,0.509,0,0,2,10286.03,Business,0
51,400696.55,12.7,Salaried,651,343071.96,180,85099.42,0.281,1,1,3,265003.61,Home,0
29,577630.01,0.0,Salaried,682,460875.91,24,17937.11,0.095,0,0,4,6380.97,Debt Consolidation,0
61,866876.65,14.1,Salaried,717,656576.38,84,127573.96,0.208,3,0,4,15241.84,Debt Consolidation,0
58,586242.69,17.9,Salaried,581,580168.29,12,48193.21,0.161,1,0,0,52777.01,Business,0
64,647789.2,17.7,Salaried,763,170216.93,60,158391.03,0.266,0,1,0,50561.05,Medical,0
61,676658.29,16.3,Salaried,637,766201.13,240,225466.36,0.424,0,0,1,40283.31,Personal,0
31,1157882.33,4.7,Salaried,786,133132.88,240,109785.17,0.104,2,0,0,3894.89,Vehicle,0
30,168487.77,0.0,Salaried,570,1274522.42,24,461809.8,3.0,1,0,4,52707.61,Personal,1
36,770410.82,5.7,Contract,779,1335552.92,84,408691.06,0.669,1,0,2,87335.82,Education,0
41,596665.23,12.2,Salaried,569,298406.28,36,158679.62,0.306,0,0,0,45599.3,Personal,0
59,553836.27,18.5,Self-Employed,879,441678.04,120,26450.08,0.112,1,0,2,56699.37,Vehicle,0
53,626531.07,12.4,Contract,564,588499.93,60,194637.12,0.386,0,0,3,98620.19,Debt Consolidation,0
49,850844.06,15.9,Self-Employed,745,784241.1,180,175930.7,0.281,4,0,3,101633.73,Home,0
59,895130.9,11.4,Salaried,617,928423.87,240,188699.16,0.294,3,0,4,192026.56,Home,0
49,730504.28,8.3,Salaried,714,1031526.36,48,128355.48,0.289,4,0,3,143854.86,Business,0
37,921185.33,12.0,Self-Employed,646,1019860.93,12,11108.69,0.101,2,0,3,114045.98,Vehicle,0
39,971208.25,8.9,Self-Employed,552,1576932.78,36,206280.11,0.342,2,0,0,425555.68,Personal,0
43,870093.99,7.9,Salaried,398,830182.03,24,136844.35,0.234,1,0,4,76679.99,Education,1
24,472451.89,1.0,Salaried,876,148759.24,24,152851.64,0.349,1,0,3,717386.06,Education,0
53,819610.39,10.4,Self-Employed,657,20000.0,120,216913.01,0.267,1,0,3,193954.49,Personal,0
49,808800.16,12.0,Salaried,385,1617893.44,240,187515.49,0.392,1,0,4,145246.02,Home,0
53,492092.14,13.4,Self-Employed,677,1054827.93,60,212999.59,0.604,3,0,4,22660.42,Medical,0
44,276640.28,9.3,Salaried,712,903226.17,60,128506.95,0.726,2,0,2,66988.46,Home,0
55,196306.09,10.1,Salaried,586,1024505.72,84,264826.06,1.767,2,1,3,374292.31,Business,1
62,740463.87,17.2,Contract,586,880134.46,240,70796.15,0.191,1,1,4,65667.98,Vehicle,1
46,749509.93,8.4,Salaried,648,1016594.45,12,4170.52,0.114,1,0,0,65961.16,Home,0
40,361554.61,4.6,Self-Employed,758,613705.79,60,39803.77,0.246,0,0,0,167590.24,Personal,0
25,873508.08,5.4,Salaried,659,1327598.29,180,78195.89,0.211,2,0,1,80208.88,Personal,0
55,740054.54,20.1,Salaried,782,537567.38,24,0.0,0.058,2,0,3,272854.7,Home,0
60,1054363.15,21.4,Contract,752,348356.44,84,0.0,0.026,0,1,4,55493.44,Vehicle,0
51,782633.97,14.0,Salaried,629,20000.0,12,290622.96,0.373,1,0,1,38556.22,Vehicle,0
59,447416.61,14.4,Salaried,509,681137.65,180,429363.78,1.081,0,0,1,76874.82,Business,1
58,825570.3,14.6,Contract,630,1433751.28,84,300386.73,0.503,2,0,0,101432.08,Business,0
56,1022527.67,15.2,Business Owner,697,571324.93,240,113042.56,0.155,1,0,1,269902.58,Education,0
43,679094.1,7.5,Business Owner,655,110726.06,36,0.0,0.013,1,0,0,82391.25,Debt Consolidation,0
25,251476.75,5.6,Salaried,707,942414.04,120,234549.91,1.232,2,0,2,29423.5,Education,0
21,625074.02,0.0,Salaried,728,474466.1,120,0.0,0.061,0,0,4,217680.77,Personal,0
29,373788.84,2.3,Self-Employed,698,1574133.55,12,184401.32,0.83,1,0,2,35592.29,Education,0
39,934221.92,9.6,Salaried,625,1337298.88,120,56075.68,0.175,1,0,2,650153.67,Education,0
53,594205.83,10.3,Salaried,697,164552.6,120,0.0,0.022,2,0,4,336526.14,Personal,0
41,1091150.28,7.3,Contract,851,713052.63,84,466496.14,0.48,3,0,0,476994.7,Education,0
22,90000.0,2.2,Salaried,516,422364.33,84,0.0,0.375,3,0,4,382339.76,Home,1
30,660698.9,8.2,Salaried,694,219747.71,180,135957.61,0.232,1,1,1,126841.7,Debt Consolidation,0
64,1086348.16,13.3,Salaried,815,772032.75,12,176785.29,0.22,1,0,0,114782.28,Medical,0
64,506423.92,13.1,Salaried,544,1209116.38,48,115318.88,0.419,0,0,2,120191.81,Medical,0
37,608199.77,3.6,Self-Employed,740,759146.36,36,283624.43,0.566,0,1,0,12327.51,Debt Consolidation,0
56,604241.07,9.4,Contract,752,541924.37,180,66625.33,0.182,0,0,2,30441.72,Business,0
52,522058.09,8.0,Salaried,517,20000.0,24,268743.48,0.518,2,1,3,61912.49,Education,1
61,781155.66,13.1,Salaried,714,467092.34,12,257330.89,0.377,2,0,3,229877.1,Debt Consolidation,0
60,393144.6,19.3,Self-Employed,626,1075902.38,240,0.0,0.219,3,0,0,17702.53,Personal,0
48,653257.8,9.9,Salaried,645,129029.53,48,242451.3,0.387,2,0,3,130935.21,Business,0
38,779998.56,6.9,Self-Employed,621,1441281.06,180,10284.98,0.161,0,0,1,164899.72,Debt Consolidation,0
48,277226.57,0.0,Unemployed,768,508182.57,36,0.0,0.147,1,0,0,166027.08,Home,0
35,391948.95,7.5,Self-Employed,640,896859.91,120,252301.27,0.827,2,0,1,173339.48,Business,0
36,902546.35,11.6,Salaried,608,600430.42,240,126496.32,0.193,2,1,2,268484.94,Home,0
47,510564.24,0.0,Unemployed,610,211841.63,120,267128.78,0.556,1,0,1,54733.36,Business,0
46,414703.21,15.2,Salaried,619,1020148.03,36,268712.89,0.845,2,0,2,1195.14,Medical,0
46,90000.0,0.0,Unemployed,553,500993.65,84,0.0,0.445,0,0,3,144524.17,Education,1
37,410018.9,6.5,Self-Employed,608,383484.42,180,333311.22,0.888,2,0,0,263334.24,Debt Consolidation,0
39,790318.29,8.4,Self-Employed,661,20000.0,180,251302.95,0.32,2,0,1,29393.49,Personal,0
21,318893.22,0.0,Unemployed,686,1451343.39,36,94405.2,0.66,1,0,1,35173.74,Vehicle,0
47,875520.68,16.0,Self-Employed,758,803074.37,36,175542.68,0.274,0,0,3,417493.49,Debt Consolidation,0
46,593462.45,11.6,Salaried,672,1353284.69,48,338445.68,0.753,1,1,1,309852.04,Personal,0
62,491816.44,18.0,Salaried,607,1110096.2,36,142470.01,0.47,0,0,3,183287.52,Education,0
43,1045711.62,7.5,Business Owner,559,1353216.21,120,580746.71,0.659,0,0,3,163992.78,Debt Consolidation,0
41,521637.87,10.5,Self-Employed,677,517927.59,84,468324.74,0.977,0,0,0,201818.64,Home,0
23,652637.01,0.0,Salaried,639,113772.19,60,221021.03,0.353,2,0,3,274528.97,Medical,0
29,386518.79,3.5,Business Owner,642,1181346.44,180,158962.25,0.656,0,0,1,54674.71,Vehicle,0
35,499547.39,14.2,Self-Employed,674,865099.37,24,166758.77,0.472,4,0,1,144121.75,Business,0
37,900349.08,0.0,Salaried,697,566816.81,180,91882.39,0.152,2,1,0,7191.99,Education,0
36,465931.36,6.7,Salaried,674,1171356.7,84,222539.91,0.679,3,0,2,25958.7,Medical,0
38,854625.96,7.6,Salaried,635,954065.3,240,323758.39,0.468,1,0,3,5971.26,Personal,0
54,116245.08,12.5,Salaried,578,1119469.24,84,0.0,0.77,0,0,0,46257.96,Personal,0
26,475152.09,1.4,Salaried,595,288802.78,120,315700.23,0.713,0,0,0,561817.09,Medical,0
35,599161.34,5.9,Salaried,726,1288808.23,24,368039.19,0.786,1,0,0,90926.51,Vehicle,0
28,1056635.08,2.0,Salaried,612,797684.66,36,302991.84,0.347,0,0,4,61612.81,Vehicle,1
34,346734.28,5.9,Salaried,529,1342435.09,84,176609.93,0.819,0,0,1,33330.04,Vehicle,1
51,1007748.32,10.5,Business Owner,754,1284126.66,36,295513.49,0.395,0,0,4,52253.88,Education,0
23,870232.95,6.9,Salaried,565,1143149.0,12,433870.58,0.604,1,0,0,56623.65,Debt Consolidation,0
35,111627.59,0.0,Unemployed,653,744436.89,60,189525.05,2.231,1,0,2,105060.85,Personal,1
22,509619.01,2.1,Contract,694,1154784.61,36,204249.83,0.582,1,0,2,17784.8,Vehicle,0
63,761407.19,14.8,Self-Employed,650,1355392.78,84,583858.08,0.909,0,0,4,176958.36,Business,0
52,90000.0,0.0,Unemployed,427,1103366.43,84,255303.88,3.0,2,0,1,415510.69,Home,1
31,516224.2,6.2,Contract,685,901298.67,60,18687.09,0.176,1,0,1,63977.57,Business,0
29,943028.01,4.5,Salaried,769,1155924.42,180,357134.82,0.477,2,0,2,137343.63,Home,0
25,892663.7,0.0,Business Owner,721,537147.75,12,272349.54,0.353,3,0,1,269930.37,Home,0
41,620812.18,5.7,Salaried,459,1556994.77,180,82024.94,0.333,3,0,0,89424.95,Education,0
54,877268.09,18.3,Business Owner,841,20000.0,60,1288.61,0.003,2,0,0,304322.23,Home,0
46,820226.34,7.7,Self-Employed,531,817201.36,120,242947.61,0.376,0,0,2,202915.8,Personal,0
59,907102.54,17.1,Salaried,553,597021.04,180,189181.83,0.261,1,1,3,164692.13,Debt Consolidation,1
36,505896.46,3.2,Salaried,720,479554.15,36,0.0,0.076,0,0,0,279804.21,Education,0
33,669680.24,0.0,Unemployed,691,952598.0,36,184074.72,0.389,1,0,2,119550.23,Education,0
42,992087.05,6.3,Salaried,657,237262.2,120,172741.07,0.193,0,1,3,144251.42,Home,0
29,793314.41,0.3,Salaried,599,1875966.1,84,188765.39,0.427,1,0,4,167145.48,Vehicle,1
63,515260.03,14.7,Salaried,770,123947.28,24,288486.14,0.579,1,1,0,18257.09,Vehicle,0
29,368944.02,1.5,Self-Employed,646,324365.99,36,0.0,0.07,3,0,4,150106.79,Home,0
42,581349.05,9.6,Contract,509,277158.18,180,0.0,0.038,6,1,1,126697.64,Debt Consolidation,1
43,831191.27,9.0,Business Owner,761,899249.06,84,112349.84,0.222,1,0,2,374414.21,Vehicle,0
23,163877.03,0.0,Salaried,670,1307272.05,240,438712.24,3.0,4,0,0,100395.06,Education,1
41,783673.28,7.9,Salaried,750,1063003.45,120,626200.73,0.908,2,0,2,206322.45,Business,0
41,981865.57,4.6,Salaried,702,1536172.15,24,200871.73,0.33,1,0,1,11063.05,Medical,0
32,777118.53,6.3,Self-Employed,865,386365.98,24,208198.1,0.308,1,0,1,162565.32,Home,0
26,445986.8,4.5,Contract,622,1129360.73,240,0.0,0.203,2,0,4,107340.32,Debt Consolidation,1
22,554399.15,0.3,Business Owner,651,648231.68,120,362803.23,0.748,1,0,0,96278.3,Personal,0
21,674963.09,0.8,Salaried,715,914037.06,84,280935.91,0.525,0,0,1,124437.92,Business,0
42,624674.07,13.7,Self-Employed,623,1354340.55,120,250964.45,0.575,0,0,1,148299.31,Medical,0
24,719760.29,0.7,Salaried,722,20000.0,48,0.0,0.002,0,0,3,357458.99,Business,0
63,876430.34,14.0,Self-Employed,385,1795504.28,36,556379.83,0.799,4,0,2,347560.25,Vehicle,1
31,902972.63,5.7,Self-Employed,643,727378.0,180,473697.73,0.589,2,0,2,153383.33,Education,1
49,550969.14,7.8,Business Owner,641,20000.0,240,252983.66,0.462,4,0,0,11356.5,Business,0
50,742404.74,11.0,Self-Employed,637,453576.24,240,378559.06,0.559,1,1,1,342532.97,Business,0
42,222131.25,0.0,Unemployed,571,851152.62,180,209199.79,1.248,3,0,4,19465.42,Home,1
59,689341.24,13.1,Salaried,732,453461.98,180,347793.87,0.557,0,0,2,538547.57,Home,0
25,828102.21,0.8,Salaried,605,20000.0,60,0.0,0.002,0,0,4,1694.51,Vehicle,0
31,873281.47,6.7,Salaried,668,848399.53,36,0.0,0.078,1,0,0,13088.82,Vehicle,0
32,982610.91,7.7,Self-Employed,647,439125.22,12,0.0,0.036,1,0,1,12105.2,Business,0
26,721397.56,4.8,Self-Employed,695,1125569.98,36,54833.13,0.201,1,0,0,6435.71,Personal,0
33,608495.8,5.8,Self-Employed,779,265806.32,48,84158.74,0.173,0,0,3,33251.59,Home,0
34,725780.38,4.4,Business Owner,668,1930764.78,12,280660.3,0.6,3,0,0,78570.79,Personal,1
54,265311.25,6.1,Salaried,726,1056814.54,36,153679.11,0.898,0,1,2,69527.23,Education,1
34,1123933.76,6.3,Business Owner,663,898397.22,240,194840.45,0.237,0,0,0,20679.32,Medical,0
59,783525.4,8.4,Business Owner,604,1111561.71,36,0.0,0.113,1,0,2,106932.45,Medical,0
54,825474.27,7.4,Salaried,637,20000.0,48,0.0,0.002,0,0,0,324885.03,Medical,0
60,886749.13,15.1,Salaried,624,551520.95,84,207398.61,0.284,2,0,3,4252.35,Vehicle,0
25,300671.12,2.4,Salaried,701,1691510.39,180,102421.09,0.791,3,0,2,171689.97,Medical,0
64,498163.4,15.8,Salaried,660,639933.65,240,200821.77,0.506,1,0,3,59067.7,Education,0
48,1067754.98,15.4,Contract,579,768587.09,180,297991.89,0.337,4,0,0,133696.6,Education,0
64,801608.88,18.6,Contract,630,566750.26,24,495107.5,0.674,2,0,3,26255.33,Personal,0
36,499853.58,5.3,Self-Employed,513,1532254.03,24,196318.61,0.638,1,1,0,281919.59,Education,0
62,691413.25,20.6,Salaried,633,677682.85,120,526401.9,0.84,1,0,0,128870.58,Medical,0
46,1096559.23,14.7,Business Owner,650,174082.35,180,273129.47,0.262,2,0,4,47312.7,Debt Consolidation,0
24,992578.62,2.7,Business Owner,813,2089407.56,84,324110.6,0.495,1,0,1,336901.9,Business,0
39,287479.56,4.9,Salaried,771,112488.28,240,389555.32,1.386,1,0,3,50229.21,Education,0
27,1026570.96,0.7,Contract,557,751309.89,120,329554.38,0.38,0,0,4,272523.04,Vehicle,0
62,964537.01,12.1,Salaried,668,379102.85,48,55692.77,0.089,1,0,0,188221.2,Business,0
34,600881.19,5.1,Salaried,670,449199.46,180,394949.91,0.717,0,0,4,138701.28,Medical,0
30,329069.39,0.4,Salaried,629,270083.78,120,132665.13,0.469,4,1,4,351657.99,Business,1
45,935502.16,8.6,Salaried,635,530003.92,48,254303.97,0.317,2,0,2,353554.03,Debt Consolidation,0
39,773106.88,8.0,Contract,618,1292016.63,84,223913.22,0.423,1,1,1,416276.95,Business,0
25,247550.41,0.0,Salaried,819,20000.0,84,405937.35,1.646,1,0,1,70458.91,Debt Consolidation,1
56,646980.48,10.2,Salaried,613,1430403.79,12,270752.04,0.595,0,0,1,82750.07,Vehicle,0
58,1492543.24,13.3,Salaried,681,1344199.03,36,0.0,0.072,0,0,2,81077.75,Medical,0
53,700125.44,12.6,Salaried,422,1054529.62,36,576498.22,0.944,4,0,0,307914.84,Vehicle,1
48,495507.35,9.3,Salaried,724,863085.24,36,350288.09,0.846,1,0,2,370240.64,Personal,0
38,398875.84,6.0,Salaried,757,938319.6,60,100911.33,0.441,0,0,2,167300.57,Personal,0
44,1262024.75,7.1,Business Owner,555,1511706.22,60,0.0,0.096,2,0,3,122869.56,Business,1
43,877939.87,4.5,Salaried,604,20000.0,180,370868.5,0.424,2,0,0,165869.51,Medical,0
28,972859.78,1.2,Contract,691,1163644.84,12,16568.06,0.113,1,0,1,73516.85,Debt Consolidation,0
24,671046.32,0.6,Salaried,652,426914.02,180,344129.04,0.564,1,0,0,254735.76,Medical,0
32,1096504.81,3.5,Business Owner,692,1212873.76,36,392434.91,0.446,1,1,4,289006.58,Education,1
40,444919.9,7.9,Contract,624,493199.83,48,83041.82,0.275,1,0,4,310798.16,Personal,0
28,661647.75,4.1,Salaried,818,1153434.98,24,66982.38,0.241,1,0,4,59689.06,Vehicle,0
25,683763.38,3.6,Salaried,590,25757.33,12,115360.87,0.172,1,0,4,387403.5,Personal,0
58,706611.73,0.0,Unemployed,892,20000.0,24,22001.58,0.033,0,0,4,200507.5,Home,1
37,727710.76,1.7,Self-Employed,762,743468.58,36,241322.34,0.413,2,0,1,159377.59,Debt Consolidation,0
46,518622.06,13.8,Self-Employed,725,1517765.01,48,267010.27,0.749,1,0,4,54483.41,Debt Consolidation,0
44,685018.46,10.4,Salaried,556,1068142.21,36,330948.58,0.608,0,0,0,8951.95,Personal,0
53,276896.7,9.9,Salaried,732,1064557.23,12,50001.66,0.488,0,0,0,77833.09,Business,0
53,115757.82,13.6,Self-Employed,704,1230096.91,48,351192.69,3.0,2,1,1,157454.19,Business,0
34,846835.34,8.4,Contract,459,601511.79,24,22218.31,0.083,0,0,1,44424.16,Home,1
58,617314.03,20.0,Salaried,524,1105374.43,120,351090.62,0.712,0,0,3,202253.8,Home,0
37,582645.68,7.2,Contract,682,510163.51,120,0.0,0.07,2,0,3,164958.22,Debt Consolidation,0
57,1065736.67,17.6,Business Owner,638,642992.54,12,482193.18,0.501,1,0,0,81405.21,Education,0
38,1000252.6,3.2,Salaried,604,705075.25,84,106127.04,0.162,2,0,2,161110.61,Medical,0
25,745621.99,1.5,Salaried,747,527236.15,240,307835.99,0.469,2,0,0,317289.48,Debt Consolidation,0
54,1181018.21,12.2,Salaried,570,766974.73,240,322123.07,0.325,1,0,4,89210.73,Debt Consolidation,0
22,728672.28,1.4,Salaried,609,672720.95,12,0.0,0.074,0,0,3,54204.15,Debt Consolidation,0
54,774553.37,18.0,Self-Employed,592,446167.51,240,350323.97,0.498,5,0,0,182472.57,Business,0
22,663097.21,1.1,Salaried,696,729699.15,48,100865.37,0.24,2,1,3,9377.01,Home,0
30,305626.11,0.8,Salaried,495,877633.04,180,144906.75,0.704,2,0,1,140964.7,Education,1
47,1066999.65,6.6,Business Owner,605,250067.86,24,79359.99,0.093,1,1,1,178951.96,Debt Consolidation,0
62,111633.49,21.3,Self-Employed,495,1008728.21,120,490482.84,3.0,1,0,3,201939.36,Vehicle,1
38,504436.79,8.3,Self-Employed,622,553159.94,180,0.0,0.088,0,0,1,336592.48,Home,0
26,620732.59,3.3,Self-Employed,715,899101.89,36,277451.8,0.563,2,0,2,380020.23,Vehicle,0
31,432559.42,3.0,Salaried,717,467351.38,120,87740.98,0.289,2,0,4,112103.69,Home,0
60,754061.02,16.4,Business Owner,585,1325247.7,24,396392.99,0.666,1,0,1,110799.53,Medical,0
52,1152843.89,9.4,Salaried,698,1278057.86,120,617843.8,0.625,0,0,0,37302.16,Business,0
25,888005.97,2.8,Salaried,633,275305.61,240,86537.85,0.122,1,0,2,73531.21,Medical,0
37,476543.08,2.9,Salaried,772,1062499.58,36,225210.59,0.651,1,0,0,123227.55,Medical,0
32,515608.37,3.3,Self-Employed,638,1523135.78,240,130663.59,0.49,1,0,4,63622.44,Personal,0
28,301749.01,0.9,Self-Employed,382,325910.64,120,386852.81,1.368,2,1,3,10479.52,Medical,1
58,887248.45,5.0,Salaried,731,365522.82,60,155233.68,0.208,0,0,2,50433.61,Personal,0
48,618564.39,9.8,Contract,609,1167529.73,36,362994.03,0.738,2,0,2,138436.71,Vehicle,0
28,129383.38,0.1,Contract,625,146410.76,60,128408.43,1.083,2,1,0,36400.26,Personal,1
49,709195.9,10.6,Salaried,680,411243.53,240,603872.75,0.898,1,0,3,203468.67,Home,0
39,913744.72,7.2,Business Owner,522,292667.38,12,0.0,0.026,2,0,3,179252.15,Vehicle,0
23,846785.24,6.1,Salaried,657,1173742.15,180,267835.81,0.427,0,0,4,46292.59,Medical,1
40,288661.3,0.0,Unemployed,698,453785.12,24,198102.56,0.812,3,0,3,2185.41,Business,0
29,530832.21,4.2,Salaried,683,657698.3,180,191587.74,0.46,0,0,1,101830.28,Education,0
31,1126566.17,5.5,Salaried,596,425837.88,60,251370.96,0.253,1,0,2,32961.37,Personal,0
59,715646.54,17.8,Salaried,739,1374256.75,240,210518.11,0.448,1,0,1,276863.38,Medical,0
52,872890.46,13.8,Salaried,560,370306.52,24,239426.92,0.308,2,0,3,144157.08,Business,0
26,630115.09,2.8,Business Owner,594,96199.97,12,273458.09,0.446,2,0,4,43442.31,Education,1
58,883477.41,16.9,Self-Employed,638,76603.82,60,514816.58,0.59,3,0,1,259927.22,Education,0
46,311092.75,2.7,Salaried,677,1146829.82,180,0.0,0.295,0,0,3,130988.48,Business,0
59,598483.11,21.5,Self-Employed,621,1182932.56,180,532474.33,1.048,1,0,0,403854.71,Education,0
53,393931.44,17.6,Contract,761,1424277.28,120,660763.64,1.967,1,0,3,50832.02,Education,0
35,490756.67,6.3,Contract,677,169513.34,180,0.0,0.028,0,0,3,30701.84,Vehicle,0
44,981617.51,5.0,Self-Employed,657,684393.93,120,208614.15,0.268,1,0,3,2664.91,Vehicle,0
44,515918.53,12.8,Salaried,673,2013649.7,180,446832.67,1.178,0,1,1,122332.45,Education,0
52,872564.03,10.3,Salaried,716,648841.69,24,365335.98,0.478,4,0,3,190408.22,Home,0
31,1009316.3,5.6,Contract,672,518295.68,36,501717.71,0.538,2,0,4,29671.47,Medical,0
35,785105.67,1.8,Business Owner,487,789495.14,12,266949.8,0.42,2,0,0,136168.91,Education,1
31,878441.78,10.7,Self-Employed,748,1064975.39,48,0.0,0.097,2,0,4,52634.01,Business,0
34,771771.49,0.9,Contract,661,1056616.61,36,434833.31,0.673,1,1,1,85643.55,Vehicle,1
28,650109.23,3.0,Salaried,712,492784.39,84,314385.63,0.544,0,0,1,254063.99,Education,0
22,940578.9,0.0,Business Owner,613,507482.36,60,463941.84,0.536,1,0,0,34933.94,Business,0
62,1182984.52,16.3,Salaried,486,651769.97,84,0.0,0.044,0,0,0,25880.3,Home,0
24,449682.77,0.0,Salaried,445,434956.68,84,0.0,0.077,2,0,2,185966.17,Home,1
60,477199.77,19.0,Self-Employed,565,182618.46,240,202962.13,0.456,0,0,3,6976.18,Medical,0
21,345521.36,0.0,Salaried,697,1703975.76,12,439956.92,1.668,5,0,3,121668.38,Home,0
55,600606.99,0.0,Unemployed,767,596537.69,36,490086.05,0.895,0,0,3,886108.29,Debt Consolidation,0
35,924341.91,2.5,Salaried,677,624878.41,48,69365.72,0.129,0,0,3,211264.19,Vehicle,0
43,531740.77,8.0,Contract,555,640456.7,12,126841.03,0.335,1,1,0,64461.5,Vehicle,0
33,251996.61,4.0,Business Owner,579,759745.0,180,716952.99,3.0,1,0,2,67159.82,Vehicle,1
42,644310.82,9.9,Business Owner,772,1017379.88,48,100499.73,0.282,3,0,2,7673.2,Medical,0
40,443963.54,0.0,Unemployed,532,567404.1,24,321562.56,0.827,0,0,0,146102.26,Vehicle,0
44,652319.22,11.4,Salaried,839,1369676.76,60,118668.17,0.35,0,1,1,400041.45,Home,0
38,696086.94,7.6,Salaried,819,1098907.94,24,285456.7,0.536,1,0,1,144514.68,Home,0
44,538163.9,11.2,Salaried,842,704550.69,48,44060.03,0.187,2,0,0,43765.95,Personal,0
57,961522.28,11.7,Salaried,684,466882.69,84,49189.55,0.09,0,0,2,85907.96,Home,0
40,742797.95,8.8,Contract,619,1342463.27,36,133259.07,0.324,0,1,2,12128.35,Personal,1
36,791615.87,10.8,Self-Employed,682,718978.91,180,101860.89,0.201,1,0,2,147175.81,Debt Consolidation,0
26,654766.42,0.0,Salaried,732,178624.37,36,145259.0,0.244,2,0,0,109376.39,Personal,0
36,776092.04,7.5,Salaried,591,1310532.26,24,294653.26,0.515,1,0,4,40210.62,Business,0
26,729642.92,4.0,Self-Employed,551,436835.78,48,540268.12,0.788,1,0,1,37958.9,Personal,0
29,541981.34,7.6,Business Owner,624,1234250.39,24,93709.09,0.355,2,0,3,31005.89,Education,0
62,816265.77,18.6,Salaried,580,20000.0,120,22076.15,0.029,2,0,2,60776.25,Personal,0
24,956877.04,1.5,Business Owner,762,615668.74,60,201711.67,0.262,1,0,0,40245.79,Medical,1
42,951785.37,9.7,Self-Employed,595,1379984.3,24,46757.64,0.165,2,0,1,127881.47,Debt Consolidation,0
57,812026.79,12.2,Contract,659,802565.37,48,0.0,0.079,2,1,3,84232.64,Vehicle,0
62,481687.37,15.2,Salaried,738,1099067.64,180,391567.89,0.995,0,1,1,503139.95,Home,0
27,415170.67,0.0,Self-Employed,765,349034.63,180,214491.14,0.584,0,0,1,74041.7,Personal,0
28,512212.98,7.3,Salaried,669,973852.61,84,232128.82,0.605,2,0,3,155133.99,Vehicle,0
37,695365.98,7.8,Salaried,685,801876.13,240,0.0,0.092,1,1,3,695814.17,Business,0
45,791440.97,6.9,Business Owner,558,921667.03,12,94742.8,0.213,1,0,4,327966.05,Vehicle,0
63,445066.98,17.6,Self-Employed,742,1819639.95,120,0.0,0.327,1,0,2,70294.09,Medical,0
30,344569.99,7.1,Salaried,764,1452294.82,12,196315.42,0.907,3,1,2,15818.86,Business,0
28,96369.56,5.8,Contract,482,1195996.67,84,224178.49,3.0,1,0,3,177233.59,Medical,1
32,90000.0,1.6,Salaried,809,1202309.57,12,224047.87,3.0,2,0,2,296980.09,Vehicle,1
59,681054.54,5.8,Self-Employed,587,345422.07,48,79949.73,0.158,0,0,1,103839.49,Vehicle,0
22,833057.59,0.0,Unemployed,704,564385.46,12,46465.28,0.11,4,0,1,87378.83,Home,0
37,1097194.88,3.7,Self-Employed,657,33709.13,36,165221.05,0.153,3,1,4,30995.45,Education,0
26,370442.15,3.9,Contract,645,165207.32,84,264262.23,0.749,0,0,4,352715.71,Home,0
27,655475.82,5.3,Self-Employed,631,356733.09,180,95741.37,0.19,1,0,1,314239.22,Education,0
61,353855.12,19.3,Contract,561,785437.71,240,31266.84,0.266,4,0,0,147395.17,Home,0
21,421972.62,5.2,Business Owner,697,187495.65,240,38951.71,0.128,1,1,4,8824.02,Medical,0
35,492631.85,9.3,Business Owner,624,780414.91,24,81482.73,0.292,0,1,0,55303.7,Medical,0
61,663625.33,21.2,Salaried,532,722985.25,240,118523.11,0.266,0,1,1,621954.43,Business,0
47,782385.1,14.5,Business Owner,557,232885.61,36,2327.36,0.027,1,0,0,139792.23,Personal,0
24,672175.49,5.6,Salaried,534,1562793.43,180,119808.01,0.364,2,0,3,12683.39,Vehicle,1
41,475804.1,0.0,Unemployed,603,137737.15,180,422504.16,0.911,0,0,0,68359.77,Education,0
63,641779.77,12.9,Salaried,694,1358662.41,240,146988.88,0.398,1,0,1,52424.17,Home,0
38,660050.49,14.2,Salaried,586,20000.0,60,0.0,0.002,1,0,3,164444.2,Education,0
44,395546.87,9.4,Contract,738,728883.39,120,0.0,0.147,0,0,0,19895.56,Personal,0
44,332875.74,12.9,Salaried,639,201187.58,48,530549.61,1.642,0,0,4,3656.71,Debt Consolidation,1
50,312256.91,9.9,Salaried,624,472772.64,12,405077.58,1.418,1,0,3,89956.53,Vehicle,0
29,936311.95,6.1,Business Owner,652,1705077.23,60,251228.84,0.414,0,0,3,101358.6,Medical,0
57,623523.04,7.1,Salaried,776,626516.19,24,409286.58,0.737,2,0,2,354514.25,Education,0
64,261219.93,16.0,Salaried,527,247725.6,12,294967.23,1.205,2,1,1,209620.07,Business,1
27,602227.76,2.1,Self-Employed,799,1043817.93,24,186379.37,0.448,1,0,2,175808.23,Home,0
57,395794.67,15.8,Salaried,736,622126.54,24,0.0,0.126,1,1,4,26009.1,Education,0
56,1120094.7,17.2,Salaried,648,875356.58,180,543554.03,0.548,2,0,2,150185.06,Debt Consolidation,0
53,551294.57,9.5,Salaried,756,342772.72,240,121332.61,0.27,1,0,1,52133.2,Personal,0
37,818376.5,8.4,Salaried,621,367391.78,180,131169.78,0.196,2,0,1,94204.23,Business,0
41,932240.76,11.7,Salaried,676,406159.6,84,206742.22,0.257,3,0,2,303957.5,Education,0
57,469267.89,21.4,Salaried,601,1199216.57,180,209831.84,0.652,3,0,4,78228.21,Business,0
27,637011.78,4.5,Self-Employed,737,686585.12,36,303447.26,0.563,1,0,2,40834.32,Education,0
57,846366.98,13.0,Self-Employed,586,275869.88,240,282725.76,0.36,1,0,3,282031.87,Personal,1
61,748886.54,12.2,Salaried,645,880909.73,240,96164.54,0.223,0,0,2,165619.27,Vehicle,0
51,780275.19,17.5,Salaried,711,839739.76,24,204659.6,0.348,1,0,2,604818.58,Debt Consolidation,0
36,312592.65,8.2,Contract,744,1086801.4,48,297754.12,1.231,2,0,0,226717.78,Home,0
45,810509.05,9.5,Self-Employed,576,559099.38,36,80841.65,0.155,3,0,1,46599.99,Debt Consolidation,0
23,484458.95,0.0,Salaried,718,761214.24,24,460397.87,1.076,1,1,4,58880.63,Debt Consolidation,1
61,807362.81,13.2,Self-Employed,562,1010839.32,24,196354.65,0.343,0,0,4,12375.07,Vehicle,0
36,874997.21,7.9,Salaried,456,295323.49,240,487725.64,0.584,0,0,1,23052.25,Personal,1
23,773202.13,1.9,Contract,583,1243111.43,24,0.0,0.129,0,0,2,121214.3,Business,0
55,789179.93,7.8,Contract,725,808221.81,84,317833.2,0.485,1,0,3,226334.21,Home,0
49,844532.07,13.1,Contract,649,249493.59,180,39733.46,0.071,1,1,4,33324.6,Education,1
48,853102.76,6.1,Salaried,602,245788.85,120,85795.11,0.124,3,0,0,21380.84,Personal,0
23,979875.29,4.9,Salaried,655,750300.72,60,362873.2,0.432,1,0,1,184168.96,Business,0
54,690487.33,13.8,Salaried,652,524887.09,12,158874.09,0.291,1,0,2,150038.82,Debt Consolidation,0
49,724989.25,9.8,Salaried,706,1177303.31,48,667534.13,1.051,1,0,2,60356.11,Personal,0
55,935016.7,16.6,Salaried,505,656624.04,36,293245.02,0.37,0,0,3,25111.21,Debt Consolidation,1
57,585403.1,15.5,Self-Employed,641,951523.28,180,74760.38,0.258,0,0,1,36926.6,Debt Consolidation,0
30,293183.13,7.6,Salaried,661,375689.44,240,293564.12,1.104,2,0,3,177364.16,Home,0
30,750307.54,3.8,Contract,527,788502.01,36,157304.0,0.294,1,0,4,183064.89,Medical,1
61,668494.08,16.4,Salaried,526,1457767.97,24,349769.21,0.698,1,0,1,15444.43,Debt Consolidation,0
44,367118.15,8.3,Salaried,617,725935.85,180,146686.4,0.558,0,0,2,26415.61,Education,0
40,782135.48,8.4,Contract,651,523517.92,180,273201.78,0.403,1,0,3,52859.76,Vehicle,0
33,1143783.25,9.9,Business Owner,651,368097.52,240,235717.84,0.232,0,0,4,544269.46,Vehicle,0
49,276564.36,9.7,Salaried,600,790614.74,120,214117.19,1.003,0,0,3,3821.08,Medical,0
54,954581.25,15.1,Self-Employed,596,1504657.38,60,387523.69,0.532,0,0,2,121234.46,Personal,0
21,90000.0,0.0,Salaried,614,118202.79,48,0.0,0.105,1,0,0,66578.49,Business,0
45,571928.34,3.4,Salaried,677,775041.16,12,217551.9,0.489,2,1,0,135456.35,Vehicle,0
64,1189128.98,17.8,Self-Employed,762,20000.0,180,73788.65,0.063,0,0,0,164983.68,Debt Consolidation,0
33,553918.99,5.9,Salaried,450,594788.89,240,0.0,0.086,2,1,2,71698.41,Education,0
33,658484.6,4.5,Self-Employed,706,931384.68,240,49194.65,0.188,2,1,2,102888.57,Vehicle,0
59,904716.55,10.7,Salaried,640,20000.0,84,88444.3,0.1,4,0,1,385185.25,Business,0
23,326881.62,1.7,Business Owner,697,577595.23,180,157639.28,0.624,1,0,2,927878.45,Business,0
38,819023.7,7.6,Business Owner,757,945259.73,12,260719.28,0.411,2,0,3,191637.37,Vehicle,0
41,676053.27,5.3,Salaried,582,865569.05,48,297612.79,0.543,0,0,0,64959.35,Medical,0
56,1170580.24,9.9,Salaried,735,969479.13,12,126367.71,0.174,3,0,1,343102.45,Personal,0
26,306064.79,1.2,Salaried,537,312701.68,84,485232.19,1.667,1,0,3,30999.84,Vehicle,1
40,561615.17,9.6,Contract,661,945053.85,12,133160.6,0.372,2,0,1,26153.39,Vehicle,1
27,535911.05,3.6,Business Owner,628,499995.89,36,0.0,0.075,0,0,2,54794.92,Business,0
55,593397.05,11.0,Business Owner,654,1157014.67,48,137973.55,0.388,3,0,3,856480.02,Business,0
48,962850.68,11.2,Salaried,561,20000.0,24,208488.86,0.218,1,0,1,54525.79,Debt Consolidation,0
42,669662.88,11.1,Salaried,689,655195.31,12,0.0,0.078,1,0,0,1073115.81,Vehicle,0
38,512108.2,3.3,Self-Employed,793,849438.55,240,417320.46,0.948,2,0,1,108369.79,Personal,0
27,488538.52,2.6,Salaried,563,1474716.03,36,182166.2,0.614,3,0,3,133300.34,Home,1
61,729193.23,20.0,Business Owner,667,843398.52,240,0.0,0.093,0,0,1,128550.67,Business,0
49,565549.21,7.4,Salaried,727,894142.88,48,27176.69,0.175,2,0,4,168129.87,Education,0
35,325888.66,9.1,Salaried,623,987745.11,12,337110.5,1.277,2,0,0,75936.87,Medical,0
39,589317.61,12.1,Self-Employed,772,1426543.6,12,359105.81,0.803,1,0,2,2996.77,Debt Consolidation,0
52,603198.33,11.7,Self-Employed,611,609052.79,120,83222.13,0.219,4,0,4,295184.77,Business,0
52,503550.82,11.4,Self-Employed,640,98449.5,12,0.0,0.016,2,0,3,25614.7,Business,1
41,698761.56,11.1,Salaried,561,20000.0,240,223558.5,0.322,0,0,0,44235.68,Medical,0
34,698972.37,4.6,Contract,661,1132097.63,36,256593.76,0.497,1,0,1,201088.74,Debt Consolidation,0
50,547838.2,4.5,Contract,650,911603.5,84,301748.48,0.684,2,0,0,544977.86,Medical,0
49,647966.46,10.9,Contract,707,671828.77,48,98637.08,0.235,2,0,4,82936.39,Medical,0
47,1217655.93,11.8,Self-Employed,593,506952.77,12,178022.21,0.18,0,0,3,11379.63,Home,0
24,1139108.31,3.4,Self-Employed,589,890416.35,120,203625.7,0.241,2,0,1,59969.93,Medical,0
41,396477.45,5.4,Self-Employed,692,904861.61,12,374026.12,1.126,0,0,2,34544.24,Home,0
48,452388.11,10.0,Salaried,776,1039914.9,180,439274.65,1.155,0,0,2,129144.68,Vehicle,0
62,458149.18,19.3,Salaried,707,245666.53,60,488124.29,1.108,2,0,4,302169.88,Vehicle,0
44,933263.48,9.0,Self-Employed,816,20000.0,36,434446.49,0.467,1,0,0,247776.05,Vehicle,0
36,545367.68,1.4,Salaried,700,343236.56,240,526423.01,1.016,1,0,2,152379.91,Business,0
45,731918.56,13.3,Salaried,697,124435.57,24,382368.99,0.536,2,0,3,171327.54,Medical,1
28,1120241.83,2.2,Contract,711,98537.03,36,93916.48,0.091,1,0,4,56454.55,Home,0
24,606383.8,4.5,Salaried,784,1584868.17,84,476031.55,0.994,2,1,1,111852.58,Vehicle,0
50,863562.18,7.4,Self-Employed,761,20000.0,48,0.0,0.002,1,0,1,50302.24,Home,0
64,859105.19,16.8,Self-Employed,552,1034852.35,60,625603.67,0.825,2,1,3,73075.63,Business,1
58,563945.66,16.3,Salaried,722,1253499.11,180,24457.64,0.221,1,0,2,261917.85,Education,0
46,939790.43,9.7,Contract,674,1293732.32,240,359776.66,0.493,0,0,4,11904.41,Vehicle,0
22,390574.8,0.0,Salaried,633,938616.01,180,459965.68,1.37,2,0,1,168366.89,Debt Consolidation,1
64,1063969.95,10.0,Contract,490,1459954.85,12,282672.19,0.375,1,0,1,369047.34,Business,0
40,660137.26,12.2,Business Owner,511,1691699.87,240,0.0,0.205,2,0,2,5355.15,Debt Consolidation,0
33,516508.07,5.5,Salaried,617,648884.48,48,29370.09,0.157,1,0,2,61608.34,Vehicle,0
60,444878.04,19.1,Salaried,518,1023735.85,180,264226.44,0.778,1,1,0,689406.32,Vehicle,1
53,464935.15,15.6,Salaried,619,1437897.04,36,314411.76,0.924,1,0,0,386229.89,Personal,0
53,589308.92,14.6,Salaried,714,369020.36,84,167817.51,0.335,1,0,2,364260.53,Medical,0
33,90000.0,3.8,Salaried,598,677546.05,240,213380.36,2.973,1,0,0,151154.83,Debt Consolidation,1
64,320666.91,0.0,Unemployed,658,487089.21,240,0.0,0.122,1,0,2,74930.28,Medical,0
40,530006.44,11.9,Salaried,554,1030488.99,84,519383.41,1.135,0,0,0,201943.17,Debt Consolidation,0
44,866502.77,9.4,Contract,677,20000.0,84,131971.94,0.154,1,0,0,21516.56,Home,0
54,804745.18,18.9,Salaried,696,1518313.49,12,341976.57,0.576,1,0,2,199765.3,Debt Consolidation,0
50,160090.64,0.0,Unemployed,522,1066898.28,84,452641.17,3.0,0,0,0,8215.5,Vehicle,1
28,506362.31,0.0,Salaried,582,1094970.59,48,0.0,0.173,3,0,3,57131.24,Education,0
34,580345.49,8.2,Salaried,536,20000.0,12,223042.76,0.387,2,0,2,170788.77,Education,0
36,1016489.14,3.5,Self-Employed,696,279930.45,240,250038.51,0.268,0,0,0,444489.26,Vehicle,0
62,517423.83,22.5,Salaried,665,1545234.59,60,153550.89,0.536,0,0,3,163692.36,Vehicle,0
52,513059.83,16.4,Contract,646,711297.06,120,366923.93,0.826,1,0,1,165182.96,Home,1
37,365853.96,11.2,Salaried,638,20000.0,12,79896.03,0.223,1,0,3,136257.07,Education,1
53,325490.13,15.5,Self-Employed,679,910811.08,36,209895.96,0.869,2,0,4,117904.31,Personal,0
53,772750.91,10.0,Self-Employed,681,1139579.05,240,133238.92,0.29,1,0,3,131306.19,Home,0
38,701725.83,1.8,Self-Employed,605,1065746.19,240,618597.73,1.003,0,0,1,292357.51,Education,1
38,971690.46,11.3,Salaried,593,724797.39,12,80696.06,0.143,3,0,2,153972.32,Debt Consolidation,0
60,977352.25,11.1,Salaried,645,1367781.8,240,334090.27,0.454,0,0,1,11293.97,Debt Consolidation,0
45,1271279.18,14.4,Salaried,633,448994.01,36,523395.3,0.44,1,0,1,119628.61,Personal,0
27,599531.81,4.4,Salaried,835,1070044.52,24,34694.25,0.201,4,0,4,420963.91,Personal,0
52,627867.61,12.2,Salaried,615,867508.82,240,217159.93,0.456,1,0,3,160658.34,Education,0
46,90000.0,0.0,Unemployed,676,733456.83,60,22445.67,0.901,2,0,2,127179.5,Debt Consolidation,1
43,840144.54,10.2,Self-Employed,692,610501.63,180,0.0,0.058,1,0,1,1830.8,Education,0
52,722633.56,11.8,Self-Employed,776,628203.8,24,58696.86,0.151,0,0,2,6559.85,Education,0
60,879816.58,19.9,Salaried,577,816126.71,120,97334.6,0.185,1,0,3,110809.25,Home,0
35,357218.95,9.8,Salaried,771,653639.6,48,108032.9,0.449,1,1,3,101887.64,Debt Consolidation,0
39,741901.05,7.7,Self-Employed,637,1166534.96,120,146064.23,0.323,0,0,0,3727.82,Vehicle,0
29,675299.9,1.4,Salaried,875,532007.34,84,201102.93,0.361,1,0,4,2364.28,Vehicle,0
49,718758.76,15.1,Salaried,683,1584145.5,12,0.0,0.176,1,0,2,162893.69,Home,0
38,480183.52,0.7,Self-Employed,539,509665.74,180,263291.64,0.633,2,0,1,66771.56,Vehicle,0
36,942331.16,7.3,Self-Employed,632,1260040.39,36,418399.78,0.551,1,0,3,192459.54,Education,1
51,852576.89,0.0,Unemployed,770,1281608.43,48,439516.14,0.636,1,0,2,45706.39,Debt Consolidation,0
38,373413.99,4.3,Salaried,657,882931.08,180,153168.63,0.599,1,0,1,282746.11,Personal,0
41,840110.99,10.9,Self-Employed,645,838379.99,180,360899.82,0.509,3,0,4,53053.73,Education,1
40,90000.0,7.5,Salaried,715,435516.49,240,77419.97,1.247,0,0,4,267829.64,Medical,0
32,800152.49,2.8,Salaried,619,541464.28,60,138194.54,0.227,2,0,4,58774.94,Education,0
26,297461.35,4.9,Business Owner,631,909891.8,48,271734.45,1.158,2,0,0,5488.06,Business,0
57,576758.16,11.1,Salaried,565,777432.2,180,139751.84,0.35,1,0,4,17225.2,Debt Consolidation,0
25,283743.83,4.2,Self-Employed,806,1391542.09,36,0.0,0.392,0,0,1,212352.57,Home,0
35,588097.13,0.0,Salaried,540,572705.1,84,349985.93,0.673,1,0,1,50060.87,Personal,0
50,896698.42,12.5,Salaried,665,602967.77,36,50851.3,0.111,1,1,3,354855.85,Education,0
26,90000.0,0.0,Unemployed,693,20000.0,24,106404.28,1.2,1,0,2,108129.14,Business,0
49,594130.08,9.6,Salaried,649,1121763.93,60,390480.08,0.808,1,0,4,15780.49,Home,0
53,567657.81,14.0,Contract,537,1076609.41,180,296682.56,0.674,0,0,3,208040.83,Vehicle,0
50,1082262.17,11.4,Salaried,560,1288540.95,36,231700.0,0.309,3,0,0,35460.68,Vehicle,0
34,396940.25,0.0,Unemployed,697,1316718.13,120,0.0,0.265,2,0,0,84184.09,Personal,0
21,305695.72,1.7,Salaried,580,1194473.27,12,0.0,0.313,1,0,0,195221.58,Education,0
60,599176.41,17.0,Salaried,464,1215557.97,120,271518.37,0.615,0,0,1,7452.02,Home,0
35,1181026.06,6.5,Business Owner,685,1105034.38,48,313405.71,0.34,0,0,2,35669.29,Education,0
56,883591.33,12.6,Salaried,571,1182046.66,12,245543.48,0.385,0,0,4,193768.52,Medical,1
29,394441.63,2.3,Salaried,707,20000.0,60,114726.83,0.295,2,0,1,219601.29,Debt Consolidation,0
28,204232.37,0.0,Unemployed,632,250104.64,36,108811.03,0.631,0,0,0,161745.76,Debt Consolidation,0
55,643222.71,13.1,Self-Employed,628,168402.99,84,238849.59,0.392,1,0,2,10240.64,Medical,0
62,738504.52,19.7,Business Owner,655,1435086.51,12,0.0,0.155,3,0,2,494223.8,Home,0
58,283446.96,15.1,Self-Employed,548,408520.22,48,216504.02,0.879,2,0,4,158233.64,Debt Consolidation,1
54,529594.57,14.3,Contract,576,488568.91,36,0.0,0.074,1,0,0,3276.36,Debt Consolidation,0
31,977299.83,0.0,Contract,627,803328.63,36,10526.88,0.077,0,0,1,399456.78,Personal,0
61,624713.88,18.8,Self-Employed,547,178160.28,12,232078.54,0.394,1,0,3,127096.03,Personal,0
50,661186.59,9.9,Salaried,714,990272.39,36,304981.76,0.581,0,1,0,155242.26,Business,0
28,656131.41,0.0,Salaried,622,20000.0,12,261523.96,0.401,1,1,2,102767.87,Vehicle,0
26,1169535.35,6.9,Self-Employed,520,211255.16,84,0.0,0.014,3,0,3,199683.83,Vehicle,0
59,716218.69,17.3,Contract,600,899408.09,60,0.0,0.1,1,0,0,53120.45,Business,0
33,909486.34,7.7,Self-Employed,659,179181.88,36,198503.26,0.234,1,0,2,90772.8,Education,0
54,549454.96,14.6,Salaried,610,1449556.55,84,0.0,0.211,1,0,4,20012.51,Business,0
27,553150.18,2.1,Salaried,686,823139.72,240,369996.65,0.788,2,0,2,35009.48,Personal,0
33,639138.18,4.0,Self-Employed,702,1366035.07,60,5359.65,0.179,1,0,0,106015.59,Vehicle,0
33,442466.76,7.1,Contract,866,978958.33,36,602154.03,1.538,0,0,3,84518.69,Debt Consolidation,0
33,585070.55,8.2,Salaried,754,794035.12,48,26841.5,0.154,2,1,0,132337.87,Education,0
50,909012.73,11.4,Self-Employed,503,301718.92,180,283331.65,0.338,1,0,4,23966.73,Business,0
61,669908.86,22.2,Business Owner,618,1264573.12,12,67410.64,0.252,1,0,4,53709.23,Personal,0
61,370022.26,0.0,Unemployed,626,1020627.33,36,169728.7,0.679,1,0,0,195521.46,Education,1
53,873183.39,8.6,Salaried,702,1842323.95,60,233115.24,0.436,1,0,1,142760.02,Medical,0
29,90000.0,0.0,Unemployed,566,1214200.18,84,354852.64,3.0,1,0,4,21379.83,Debt Consolidation,1
63,999853.45,11.7,Self-Employed,602,601298.51,84,383512.75,0.432,0,1,3,313633.74,Education,0
44,837220.87,8.0,Business Owner,538,944710.79,120,330917.45,0.486,0,0,2,91990.1,Personal,0
45,630719.36,8.9,Salaried,596,1011068.99,240,386773.61,0.741,1,0,3,24331.32,Medical,1
51,187963.05,14.0,Self-Employed,599,1381479.15,24,89099.48,1.062,1,0,4,17450.37,Vehicle,0
54,605596.89,13.1,Self-Employed,622,1460934.98,60,316783.26,0.716,1,0,3,49657.41,Education,0
62,815898.1,18.9,Salaried,543,719012.35,48,138639.06,0.24,3,0,2,101162.0,Vehicle,0
46,1111336.25,10.1,Salaried,738,192239.46,12,377520.96,0.354,3,1,1,27114.79,Vehicle,0
47,819972.29,10.4,Self-Employed,692,20000.0,24,220803.35,0.271,1,0,4,177826.15,Medical,0
53,977554.06,11.1,Self-Employed,520,230225.27,84,311647.25,0.338,2,0,2,120095.85,Medical,0
32,330723.86,8.7,Salaried,652,504111.78,60,252465.6,0.885,1,0,4,128310.44,Medical,0
34,607294.38,0.6,Salaried,509,1552167.68,36,336868.08,0.759,0,0,4,190671.29,Vehicle,1
48,986186.61,11.7,Salaried,771,1559752.74,240,54622.6,0.182,1,0,1,149964.41,Business,0
23,384066.61,0.3,Contract,795,1280080.03,36,0.0,0.267,3,0,3,276972.31,Personal,0
35,533305.66,0.0,Unemployed,645,1415199.44,84,378014.21,0.921,0,1,3,181981.11,Debt Consolidation,1
52,876329.47,12.3,Salaried,573,446303.63,240,442098.98,0.545,0,0,1,31261.06,Vehicle,0
63,794680.91,16.8,Salaried,590,42342.11,120,179138.37,0.23,2,0,2,6997.34,Business,0
43,583824.34,8.0,Salaried,609,296735.73,120,345998.15,0.633,0,0,4,61916.93,Personal,0
38,404426.21,11.0,Self-Employed,640,20000.0,36,0.0,0.004,1,0,2,478376.2,Education,0
40,1100844.82,7.6,Contract,773,243022.37,240,88122.85,0.098,1,0,3,117737.7,Home,0
51,847965.63,17.9,Self-Employed,736,547026.51,60,214751.84,0.305,0,0,0,91168.05,Home,0
44,754154.03,10.0,Salaried,737,883351.84,36,0.0,0.094,1,0,1,347019.73,Personal,0
22,499787.56,0.5,Salaried,665,867728.63,120,0.0,0.139,2,0,0,141220.86,Personal,1
44,678467.91,8.8,Salaried,546,455181.69,60,228431.31,0.39,0,0,1,44525.05,Medical,1
38,692179.32,8.5,Contract,581,1084473.97,24,90977.32,0.257,1,0,1,157518.36,Education,0
51,789968.92,10.2,Self-Employed,655,464780.16,12,137598.36,0.221,2,0,0,178778.22,Education,0
59,897585.07,15.6,Self-Employed,542,805022.35,24,126865.57,0.213,5,0,2,36693.42,Medical,0
63,530382.12,16.8,Salaried,677,245008.88,24,0.0,0.037,2,1,2,823041.04,Medical,0
47,90000.0,0.0,Unemployed,722,1344333.66,36,160845.89,2.982,1,0,2,30608.42,Education,1
36,666070.21,7.1,Salaried,699,810417.31,48,197533.31,0.394,0,0,1,74244.59,Medical,0
40,220195.67,8.8,Contract,695,1139412.51,36,95112.14,0.846,2,0,2,38072.01,Education,1
28,540084.75,3.1,Contract,482,191903.31,240,109734.43,0.232,2,0,2,33952.37,Vehicle,0
62,595702.54,21.1,Self-Employed,770,887212.09,240,163284.81,0.393,0,0,0,90954.85,Home,0
58,833937.05,16.1,Contract,509,1086166.86,240,347557.02,0.521,0,0,2,87928.26,Home,0
58,1206649.26,22.6,Salaried,636,20000.0,24,182996.83,0.153,3,0,4,161392.05,Business,0
35,305852.34,5.7,Business Owner,706,1384048.5,60,0.0,0.362,1,0,3,131529.95,Debt Consolidation,0
35,1210546.26,8.5,Salaried,682,175287.71,12,0.0,0.012,0,1,3,154351.38,Medical,0
58,652731.21,12.6,Self-Employed,535,905450.11,120,367726.52,0.674,3,0,1,196955.56,Home,0
44,755952.17,13.4,Salaried,551,1693851.46,24,76591.1,0.281,4,0,4,212331.85,Vehicle,0
52,339291.96,10.3,Salaried,676,1277451.51,36,184072.39,0.844,2,0,2,8476.49,Vehicle,0
42,912217.89,9.8,Salaried,696,55031.04,24,546480.39,0.604,1,0,4,95665.87,Vehicle,0
40,667368.13,6.8,Salaried,550,710982.45,60,313726.85,0.555,2,0,0,264010.58,Education,0
48,665633.15,12.2,Self-Employed,685,1416714.88,48,0.0,0.17,2,0,4,80944.58,Home,0
56,220653.72,13.3,Self-Employed,514,391612.49,60,460083.41,2.227,1,0,1,18639.45,Debt Consolidation,1
35,660449.2,3.2,Salaried,706,620060.13,24,226936.41,0.419,2,0,3,157763.35,Business,0
56,566457.08,0.0,Unemployed,570,606058.81,60,266474.06,0.556,0,1,0,82994.49,Home,1
31,220930.34,0.0,Unemployed,657,1085019.46,12,254750.62,1.546,0,0,2,146861.08,Vehicle,1
38,944549.84,8.2,Salaried,642,31504.29,12,364404.14,0.388,1,0,3,3800.6,Home,0
61,1003223.79,12.1,Salaried,754,1113055.11,24,185646.54,0.274,1,0,3,5656.81,Home,0
62,562726.15,19.7,Self-Employed,672,488600.41,36,0.0,0.069,2,0,1,74396.27,Medical,0
61,1268778.46,13.3,Business Owner,596,794331.5,180,258234.66,0.254,2,0,1,64947.94,Vehicle,0
34,650323.74,7.4,Salaried,682,687564.36,36,0.0,0.085,1,0,1,82817.05,Personal,0
58,873436.31,16.5,Business Owner,843,1099883.42,60,526985.86,0.704,0,0,4,41315.79,Education,0
62,747745.31,18.2,Salaried,717,789479.92,120,134814.63,0.265,1,0,1,256474.02,Business,0
64,746328.94,22.8,Salaried,645,1520217.22,120,190686.71,0.418,2,0,3,38417.34,Vehicle,0
21,92466.66,0.0,Business Owner,575,1294714.53,84,78315.37,1.967,2,0,0,4720.72,Home,1
53,649623.4,14.6,Self-Employed,595,402338.65,24,261050.13,0.451,1,0,2,79217.95,Debt Consolidation,0
64,388013.38,21.0,Contract,711,1482648.88,84,281785.79,1.032,1,0,3,127140.16,Vehicle,0
54,1105583.93,11.3,Salaried,570,959703.13,36,77833.5,0.14,0,0,2,63808.95,Business,0
31,1026520.75,1.8,Salaried,650,884941.67,84,281551.49,0.343,1,0,4,33016.37,Medical,0
54,911984.58,12.3,Salaried,779,1224104.53,240,212190.72,0.34,0,0,3,7792.05,Education,0
25,552383.14,2.6,Salaried,664,279425.69,12,182743.59,0.371,0,0,1,137039.12,Education,0
42,410996.27,4.2,Salaried,553,110280.86,12,64723.24,0.179,2,0,3,115986.73,Vehicle,0
48,516604.75,12.5,Self-Employed,846,812470.73,36,616589.89,1.319,1,0,1,103876.33,Debt Consolidation,0
41,1145660.48,3.8,Self-Employed,809,496849.08,48,412902.54,0.395,0,0,0,170582.14,Personal,0
51,666950.65,15.9,Business Owner,695,1836859.29,60,331105.34,0.717,3,0,4,47563.3,Business,0
31,90000.0,5.5,Salaried,765,417838.59,36,402767.11,3.0,1,0,2,17066.45,Education,1
47,935541.38,16.1,Salaried,626,820123.67,240,253983.52,0.342,2,1,2,107791.18,Home,0
49,1209125.78,13.2,Business Owner,715,895982.24,12,137120.2,0.173,1,0,4,8462.18,Education,0
48,1095803.92,9.9,Salaried,612,1415637.08,60,0.0,0.103,3,0,3,210045.75,Education,0
33,895587.0,2.4,Contract,528,302719.49,60,0.0,0.027,0,0,3,8869.67,Vehicle,0
34,939379.92,5.9,Salaried,883,20000.0,120,589704.59,0.629,1,0,4,91223.18,Education,0
32,646233.52,4.3,Self-Employed,523,1497217.4,60,408836.2,0.818,2,0,0,3454.39,Education,1
41,140926.09,11.6,Contract,677,840259.44,24,236417.36,2.155,0,0,0,10129.81,Debt Consolidation,1
46,681970.26,7.2,Self-Employed,676,1204871.26,36,0.0,0.141,1,1,2,84394.73,Education,0
36,800393.19,12.1,Self-Employed,696,1228348.62,24,314259.62,0.515,2,1,0,59611.19,Home,0
39,770182.49,11.0,Business Owner,642,1315004.29,60,149952.04,0.331,1,0,2,35275.54,Vehicle,1
33,590790.97,4.2,Salaried,643,611068.27,240,325632.42,0.634,0,0,2,24512.17,Business,0
30,535970.49,9.0,Business Owner,662,475532.42,48,0.0,0.071,2,1,4,132415.48,Business,0
49,433565.31,8.9,Contract,693,20000.0,48,111809.15,0.262,0,0,0,53189.49,Vehicle,0
56,814537.13,0.0,Unemployed,650,302549.28,60,359320.32,0.471,1,0,4,128895.63,Medical,0
33,1104586.59,1.0,Salaried,644,831075.55,24,547006.26,0.555,0,0,1,76246.97,Home,0
58,710338.22,20.3,Salaried,531,449301.88,180,81480.79,0.165,0,0,0,231692.61,Home,0
46,895380.9,5.1,Business Owner,831,229549.57,84,20069.83,0.043,0,0,4,347392.23,Business,0
28,375785.49,0.0,Self-Employed,698,825210.78,120,384119.49,1.198,2,0,1,2326.57,Personal,1
37,808643.71,4.5,Salaried,669,1471471.02,48,0.0,0.146,0,0,1,19990.17,Home,0
21,1039912.29,4.0,Salaried,594,771992.08,36,0.0,0.059,2,0,0,346337.86,Education,0
22,220692.31,3.3,Salaried,560,233590.2,60,247868.4,1.208,3,0,2,195499.88,Vehicle,0
35,757970.82,6.0,Self-Employed,727,1436212.36,36,575423.38,0.911,0,0,0,111642.44,Home,0
40,791755.56,10.7,Salaried,636,412941.28,12,47218.45,0.101,3,0,3,2829.88,Vehicle,0
56,836901.63,13.7,Salaried,706,1539685.86,120,133443.93,0.307,1,0,2,359840.93,Personal,0
26,1025704.42,3.3,Salaried,528,668433.2,180,220034.66,0.267,0,0,1,221912.95,Home,0
57,867004.55,0.0,Unemployed,789,851565.05,36,114910.94,0.211,3,0,3,20557.66,Education,0
31,571629.08,3.3,Salaried,731,1580446.54,84,0.0,0.221,0,0,0,179947.26,Personal,0
27,786293.42,0.1,Salaried,643,124251.29,240,344352.29,0.451,1,0,4,217162.06,Medical,0
51,711058.43,13.4,Self-Employed,692,274947.36,120,233538.51,0.359,3,0,3,502009.6,Medical,0
55,543971.18,15.8,Salaried,717,636726.02,180,266035.78,0.583,0,0,0,126597.57,Education,0
47,395703.54,0.0,Unemployed,530,730016.05,240,174493.3,0.589,1,0,4,196306.52,Home,1
26,782874.88,5.0,Contract,801,2121034.89,36,472371.54,0.82,1,0,1,176095.75,Education,0
26,669232.17,1.4,Salaried,693,355969.34,12,109183.03,0.206,1,0,4,139586.16,Personal,0
38,430704.7,7.2,Salaried,587,147876.25,180,6130.95,0.042,3,1,3,23786.92,Medical,0
40,541109.84,8.7,Salaried,551,332082.55,180,499467.25,0.972,1,1,4,338450.5,Debt Consolidation,0
64,615023.14,18.1,Salaried,739,916066.52,24,0.0,0.119,1,1,2,450056.19,Medical,1
33,425389.01,9.6,Salaried,669,1046017.88,240,172316.34,0.602,1,0,3,167991.5,Business,0
29,702384.9,4.3,Salaried,693,446456.45,12,186408.63,0.316,0,0,1,4897.79,Business,0
62,827528.02,15.5,Salaried,652,810518.07,48,179380.58,0.295,2,0,3,80717.73,Personal,0
27,862879.4,4.0,Self-Employed,560,1772601.17,240,0.0,0.164,0,0,0,166383.54,Education,0
22,388594.41,3.4,Salaried,696,817584.24,48,0.0,0.168,1,0,0,114839.72,Education,1
39,509630.33,9.5,Salaried,632,960495.01,120,372438.27,0.882,1,0,3,71354.32,Debt Consolidation,1
38,1039642.36,9.0,Self-Employed,648,1744494.11,12,449361.24,0.566,1,0,0,281082.69,Education,0
48,639876.03,6.3,Salaried,864,450987.14,60,124884.17,0.252,0,0,1,42988.93,Vehicle,0
59,721532.76,7.7,Salaried,728,418295.64,180,32480.53,0.091,1,0,2,294965.42,Vehicle,0
62,679224.07,20.2,Salaried,733,565158.95,180,0.0,0.067,1,0,3,13163.99,Debt Consolidation,0
33,919257.7,6.1,Salaried,895,536044.74,48,369302.56,0.448,1,0,2,50130.42,Home,0
64,1021952.17,17.1,Salaried,685,20000.0,12,379936.42,0.373,0,1,4,130855.77,Education,0
48,959302.03,12.9,Contract,661,868997.07,60,0.0,0.072,4,0,3,198479.33,Medical,0
24,615641.9,7.0,Contract,589,908470.65,120,0.0,0.118,4,0,1,180605.41,Debt Consolidation,0
62,504891.01,20.6,Salaried,609,707070.73,60,224627.16,0.557,0,1,3,51110.97,Medical,0
27,1099303.27,5.3,Salaried,466,923735.42,240,247912.59,0.293,0,1,3,11553.14,Debt Consolidation,0
46,1039077.24,7.3,Business Owner,721,929054.42,36,114081.0,0.181,3,0,4,16738.42,Personal,0
55,587835.25,11.3,Self-Employed,536,141924.02,180,194069.17,0.349,1,0,4,38295.16,Vehicle,0
31,985954.71,0.0,Salaried,731,944319.97,120,155496.97,0.234,1,0,3,232140.23,Education,0
32,499097.77,6.3,Salaried,646,1079256.04,48,204757.06,0.583,0,0,3,51657.24,Education,0
41,1012675.85,11.3,Salaried,662,20000.0,12,37836.29,0.039,1,0,2,5148.59,Business,0
59,1083571.15,18.8,Self-Employed,646,1531558.01,48,197794.72,0.296,1,0,1,27335.77,Medical,0
30,396629.31,5.6,Salaried,775,182101.85,120,78613.96,0.235,2,0,4,229683.23,Business,0
50,832439.58,11.1,Salaried,759,230880.94,240,63612.04,0.099,0,0,1,66379.82,Home,0
40,852547.68,5.9,Salaried,647,900977.66,60,0.0,0.085,1,0,4,51758.33,Education,0
25,1265727.3,0.0,Salaried,569,1067349.4,36,168402.62,0.201,1,0,3,501566.57,Vehicle,0
52,507424.72,11.9,Self-Employed,733,1188835.65,120,344535.24,0.866,0,1,3,114351.19,Business,0
57,1216135.82,11.5,Business Owner,562,1080496.17,240,141394.72,0.187,0,0,1,173893.41,Debt Consolidation,0
46,679336.5,15.3,Self-Employed,510,540148.49,24,136373.04,0.264,2,0,3,176796.76,Medical,0
28,310658.95,0.0,Salaried,695,854280.65,36,426029.44,1.591,2,0,4,10318.44,Business,0
27,588003.21,1.8,Salaried,760,641664.81,180,384496.83,0.741,0,0,2,447861.29,Business,0
39,654616.19,1.4,Contract,614,887129.52,24,512224.89,0.891,1,0,4,93949.56,Business,1
43,401277.45,9.7,Self-Employed,686,834228.33,240,606275.34,1.677,0,0,2,230390.29,Vehicle,1
45,750043.4,9.6,Salaried,613,547545.7,36,210707.69,0.339,4,0,4,90526.16,Debt Consolidation,0
31,869452.31,2.9,Salaried,715,626391.04,60,0.0,0.058,5,1,2,424679.86,Debt Consolidation,0
43,725550.16,6.0,Contract,749,20000.0,60,106195.07,0.149,1,0,4,88215.81,Medical,0
33,650538.98,4.8,Business Owner,626,1215065.01,48,303140.37,0.615,1,0,0,10041.89,Education,0
51,652881.98,10.4,Contract,558,948778.75,24,459218.94,0.82,0,0,4,73639.7,Business,1
56,703864.16,13.6,Self-Employed,519,20000.0,12,11204.71,0.018,0,0,3,186352.45,Personal,1
49,738330.41,17.1,Salaried,733,1196580.13,48,245950.08,0.463,0,0,4,162169.13,Business,1
21,877457.69,0.5,Salaried,548,773486.1,36,57284.88,0.136,1,0,4,126518.51,Home,1
64,796984.94,18.8,Salaried,683,331588.94,240,173602.23,0.251,0,0,2,108517.3,Vehicle,0
22,402325.84,0.0,Business Owner,720,287287.41,84,170909.59,0.482,3,0,3,82910.5,Personal,1
64,588419.73,14.8,Self-Employed,605,455888.92,12,268613.51,0.518,1,0,1,36836.61,Home,0
22,644505.26,0.3,Salaried,635,334237.33,120,565818.61,0.919,3,0,4,153560.16,Personal,0
43,947031.12,16.3,Contract,740,401406.0,84,285515.89,0.335,1,0,0,8390.8,Medical,0
25,936461.61,0.7,Salaried,577,1650317.11,24,122629.99,0.272,1,1,0,73202.31,Medical,0
25,1055671.34,2.7,Salaried,568,985563.0,48,92923.23,0.163,0,0,1,275353.91,Business,0
51,722653.6,9.5,Salaried,629,1818005.16,120,165648.37,0.43,1,0,2,57614.1,Vehicle,0
53,886827.29,4.5,Contract,765,912869.31,84,43095.88,0.131,1,0,1,140304.01,Education,0
26,251384.62,0.0,Contract,795,1089632.86,84,225136.79,1.242,0,0,4,11085.8,Education,0
63,833470.39,23.9,Self-Employed,641,359647.4,60,0.0,0.035,1,0,4,24911.3,Education,0
35,90000.0,0.0,Unemployed,586,715985.81,120,161985.12,2.436,1,1,1,21020.23,Vehicle,1
35,626365.2,10.5,Contract,746,759159.91,180,176238.44,0.378,2,0,4,96507.66,Debt Consolidation,0
34,1396459.6,4.2,Contract,500,1110046.22,24,0.0,0.064,1,0,1,376377.55,Business,0
41,735888.56,0.9,Contract,672,775258.21,48,131214.3,0.263,0,0,2,449173.99,Home,0
28,405046.7,0.0,Salaried,646,975663.75,180,401584.79,1.184,1,0,4,53127.53,Medical,0
39,905947.25,8.4,Business Owner,766,957763.94,60,414568.88,0.542,0,0,4,3136.19,Personal,0
30,497731.2,4.3,Self-Employed,776,648571.16,24,104035.09,0.313,1,0,1,171941.3,Education,0
23,515813.97,0.8,Business Owner,565,597154.47,24,294227.36,0.663,0,0,3,25667.26,Business,1
37,1173784.88,4.8,Salaried,665,465503.43,120,0.0,0.032,0,0,4,121223.9,Home,0
50,1103703.01,14.4,Business Owner,599,1341151.84,60,146691.44,0.23,0,1,2,70622.5,Home,0
54,435384.16,0.0,Unemployed,624,648784.19,180,241545.02,0.674,0,0,1,336497.76,Medical,0
36,547044.18,6.9,Salaried,706,964448.75,24,474846.99,1.009,1,0,4,146762.91,Personal,0
35,214302.63,0.0,Unemployed,620,721722.43,84,414704.55,2.205,1,0,1,75702.26,Medical,1
55,1087620.47,12.5,Salaried,667,1331308.7,84,237607.32,0.316,3,0,4,26382.68,Medical,0
50,763644.38,9.0,Salaried,736,20000.0,60,35926.09,0.049,0,0,2,80391.45,Debt Consolidation,0
57,90000.0,13.1,Salaried,786,951484.92,48,444532.83,3.0,1,0,3,76949.13,Home,1
60,1322234.63,21.2,Contract,676,172544.75,36,138748.12,0.115,2,0,4,1386.12,Business,0
57,753765.59,17.7,Self-Employed,661,995350.75,180,280728.05,0.478,0,0,2,235738.16,Vehicle,0
62,808842.25,19.5,Salaried,550,726726.72,36,177945.05,0.292,1,0,1,244175.08,Education,0
39,925673.7,4.8,Self-Employed,793,60819.45,48,558603.58,0.609,3,0,1,143642.18,Personal,0
38,767350.71,2.5,Salaried,695,968819.89,180,90192.12,0.219,0,0,0,11506.02,Personal,0
35,828727.15,8.9,Salaried,662,912090.91,84,364925.73,0.528,1,1,2,41732.17,Personal,0
31,524069.13,6.7,Contract,658,684389.42,12,184447.15,0.456,2,1,1,246188.16,Education,1
53,538551.17,13.2,Business Owner,682,747717.21,12,302438.82,0.673,0,0,3,36246.13,Home,0
52,913058.2,11.3,Business Owner,719,880755.54,60,491602.2,0.616,1,0,3,123984.1,Medical,0
56,1062903.66,9.6,Self-Employed,731,1389110.1,120,0.0,0.105,1,0,4,80560.32,Debt Consolidation,0
28,109049.36,0.0,Unemployed,795,642836.57,60,188229.89,2.198,2,0,0,34611.08,Debt Consolidation,1
42,480994.0,12.0,Salaried,672,1306515.98,240,39068.32,0.299,0,1,3,171583.84,Debt Consolidation,0
30,932254.82,1.6,Salaried,808,781274.86,180,280231.74,0.368,2,0,1,25942.51,Education,0
60,602688.7,13.3,Salaried,745,1447867.31,60,324439.52,0.731,1,0,3,93602.77,Business,0
32,530360.02,8.1,Self-Employed,645,682429.17,36,115314.12,0.32,1,0,4,220471.19,Medical,1
27,524713.93,0.5,Self-Employed,500,466837.89,12,106030.68,0.273,0,0,1,170465.12,Personal,0
46,808754.75,15.3,Business Owner,658,251161.75,12,236685.26,0.317,1,0,4,190883.95,Vehicle,0
59,320590.48,14.9,Salaried,790,783092.26,84,0.0,0.195,2,0,2,166753.88,Business,0
61,585164.97,14.8,Salaried,580,403413.46,48,259979.19,0.499,0,0,3,28891.49,Home,1
25,669592.0,1.7,Self-Employed,657,1502244.17,24,52812.2,0.258,0,0,3,164179.87,Business,0
35,347809.48,0.0,Unemployed,665,364393.73,12,332056.68,1.039,5,0,3,86719.34,Debt Consolidation,1
27,907498.26,5.8,Salaried,735,454988.32,60,0.0,0.04,2,0,4,42368.34,Debt Consolidation,0
34,1098848.06,7.9,Salaried,615,1090541.55,84,97891.7,0.168,1,0,0,116399.77,Debt Consolidation,0
44,1047120.86,12.5,Salaried,572,1392895.98,12,64795.29,0.168,1,0,2,293247.81,Business,0
33,864663.1,5.4,Salaried,701,1165522.69,48,146331.55,0.277,1,0,3,6615.72,Business,0
23,568816.35,0.0,Salaried,583,1329342.34,48,447741.21,0.974,2,0,0,424739.21,Home,0
43,510232.73,8.8,Salaried,485,759891.95,12,352274.15,0.81,2,1,2,11716.15,Vehicle,1
23,610469.61,0.0,Self-Employed,816,766937.43,180,113656.83,0.287,1,0,4,44857.17,Home,0
30,773394.69,8.0,Salaried,733,1805878.93,36,113500.41,0.334,1,1,1,48819.11,Vehicle,0
21,805484.45,3.0,Salaried,820,1645134.36,24,359356.42,0.61,3,0,0,162892.79,Personal,0
24,764771.43,0.9,Salaried,729,1157101.18,24,0.0,0.121,0,0,1,145744.63,Debt Consolidation,0
40,626706.13,4.8,Contract,711,1353303.27,60,204028.74,0.498,0,1,2,10918.15,Medical,0
58,907715.56,19.4,Salaried,683,1229266.33,120,90962.59,0.209,2,1,0,441.59,Business,0
55,1017218.13,14.0,Salaried,633,197012.77,36,169096.01,0.182,1,0,2,727913.76,Business,0
25,832040.1,1.2,Salaried,696,780173.95,120,345639.43,0.49,1,1,3,45473.78,Business,1
22,594996.74,5.0,Self-Employed,600,1548387.14,36,79534.74,0.342,2,0,4,8519.66,Home,0
35,433537.83,4.1,Contract,554,1160169.59,24,375346.65,1.08,1,0,3,895.9,Debt Consolidation,0
49,469608.14,10.2,Salaried,620,768205.17,84,595925.65,1.4,1,0,0,499797.1,Personal,1
53,525695.59,12.1,Salaried,766,1554378.9,120,308721.65,0.824,1,0,4,348275.83,Education,0
57,772268.8,10.5,Salaried,539,984650.95,120,184864.51,0.341,1,1,3,14960.95,Vehicle,1
36,774950.94,6.9,Self-Employed,541,1177789.82,84,408284.33,0.648,1,0,4,257494.47,Personal,1
28,90000.0,0.0,Unemployed,703,987265.72,180,407.83,0.882,3,0,1,370919.0,Medical,0
22,477001.22,0.0,Salaried,613,1070581.13,180,473793.14,1.173,1,0,0,31977.16,Vehicle,0
27,678821.37,0.3,Salaried,694,1106334.58,36,64447.99,0.225,0,0,2,251429.88,Personal,0
23,531080.02,0.0,Business Owner,739,1449837.04,84,590256.93,1.33,1,0,1,326378.56,Vehicle,0
58,969476.04,12.3,Business Owner,692,1514978.26,12,70918.28,0.198,1,0,2,90226.41,Business,0
32,556142.93,5.1,Salaried,593,574454.44,12,319106.33,0.656,0,1,4,61044.06,Home,1
57,527144.93,13.9,Salaried,765,977755.54,48,0.0,0.148,3,0,1,241800.28,Medical,0
45,685301.36,9.7,Salaried,717,1435504.46,120,161614.73,0.403,1,0,1,55703.22,Personal,0
44,767070.08,16.3,Contract,652,734220.3,84,5655.18,0.084,2,0,4,67894.84,Personal,0
41,597867.77,7.5,Business Owner,648,145551.92,24,0.0,0.019,1,0,4,10145.48,Vehicle,0
57,797346.91,16.2,Business Owner,684,345675.9,120,416993.46,0.558,3,0,3,57516.45,Education,0
22,719919.59,2.6,Contract,622,380210.48,84,0.0,0.042,1,0,0,14239.52,Education,0
25,421477.45,1.4,Salaried,503,570910.5,120,67686.94,0.269,0,0,4,26571.03,Medical,0
39,239560.79,8.0,Salaried,718,426885.85,84,46710.44,0.338,2,0,0,104861.5,Education,0
38,266856.54,6.9,Salaried,712,1314553.04,180,405139.36,1.912,1,0,4,16112.38,Education,1
45,567487.28,10.2,Contract,443,661587.96,48,383149.83,0.768,3,0,3,664683.26,Personal,1
53,366395.43,11.0,Self-Employed,696,1430550.86,12,428653.12,1.482,1,0,2,127383.6,Medical,1
46,588069.53,8.5,Salaried,808,234853.33,84,58436.63,0.131,1,0,0,177618.15,Vehicle,0
32,1049235.71,4.5,Salaried,549,623338.61,240,442928.13,0.47,0,1,0,135363.87,Education,0
35,447350.4,0.0,Business Owner,643,852138.68,12,56902.77,0.28,1,0,0,113081.12,Business,0
54,778348.79,17.7,Business Owner,634,1205330.8,240,64156.18,0.206,0,0,1,55071.98,Education,0
29,1307076.14,9.7,Business Owner,799,1371813.38,120,74229.06,0.141,1,0,2,29520.21,Debt Consolidation,0
43,768032.52,9.3,Salaried,751,530841.35,12,80784.04,0.16,1,0,1,121994.54,Personal,0
44,577069.18,11.2,Contract,571,1296709.25,60,183658.36,0.498,3,0,3,15958.13,Business,0
54,809779.34,16.4,Business Owner,681,20000.0,36,49035.15,0.063,2,1,0,132100.51,Personal,1
52,950340.63,8.4,Business Owner,857,1235665.59,84,241654.06,0.358,0,0,3,10609.19,Education,0
41,1233942.98,10.8,Business Owner,594,129467.48,120,0.0,0.008,1,0,0,93502.05,Debt Consolidation,0
34,506286.6,3.9,Contract,649,1023321.97,48,241066.26,0.638,3,1,2,208370.49,Vehicle,0
37,108597.43,0.0,Unemployed,696,1364593.26,60,3857.65,1.041,1,0,0,31099.27,Medical,1
39,309297.82,6.6,Self-Employed,595,1243615.17,12,79506.94,0.579,0,0,4,267263.16,Business,0
30,652774.01,6.3,Salaried,809,20000.0,12,83853.04,0.131,1,0,2,177078.15,Vehicle,0
48,329578.16,10.3,Salaried,607,576383.79,120,369771.0,1.262,0,0,1,297302.38,Business,1
30,511054.34,10.2,Contract,525,1158466.56,48,290828.19,0.75,0,0,0,31141.0,Business,1
49,456829.14,9.7,Self-Employed,603,1144147.46,180,170202.43,0.573,0,1,1,36859.49,Education,0
54,967530.88,16.7,Salaried,709,937965.6,84,71257.81,0.151,2,0,1,287801.34,Home,0
63,598900.9,18.7,Salaried,578,20000.0,48,340918.0,0.572,2,0,0,87936.17,Home,0
26,714232.58,3.2,Contract,677,1399024.43,180,523047.8,0.889,1,0,2,67764.89,Home,1
54,297977.0,13.9,Contract,701,1488130.19,12,194960.96,1.054,1,0,0,87018.32,Personal,0
24,291876.74,0.0,Unemployed,541,881869.93,180,0.0,0.242,0,1,0,381.54,Education,1
35,341209.92,0.0,Salaried,599,914288.97,12,73478.71,0.43,2,1,0,342002.61,Vehicle,0
28,514587.88,6.0,Contract,681,1051530.19,240,300658.91,0.748,1,0,0,119928.04,Personal,0
28,1173800.64,1.3,Contract,713,1530221.4,84,120311.65,0.207,3,0,4,361169.69,Vehicle,0
28,854043.59,6.3,Salaried,602,925277.09,60,45434.97,0.14,1,0,3,57292.89,Medical,0
22,570896.85,1.5,Salaried,664,704412.68,84,37607.04,0.165,0,0,3,9681.85,Vehicle,0
57,1157735.48,0.0,Unemployed,624,990760.06,180,216502.12,0.255,2,0,4,50205.15,Business,0
23,377206.33,3.2,Salaried,716,794445.06,36,0.0,0.168,1,0,2,13252.89,Education,0
38,942304.1,0.0,Self-Employed,697,800124.74,12,193761.77,0.274,1,0,1,4848.48,Medical,1
51,456831.39,13.8,Business Owner,616,20000.0,240,215923.89,0.476,1,0,2,38845.64,Vehicle,0
64,818019.31,16.2,Business Owner,693,1061415.8,60,119086.1,0.249,0,0,2,35300.37,Home,0
58,374052.56,18.3,Salaried,613,1385727.52,36,12284.99,0.329,1,0,0,21451.59,Education,0
27,832318.98,4.2,Business Owner,691,1310186.38,240,383312.65,0.586,0,0,1,42735.04,Business,1
64,742992.56,19.0,Salaried,692,1275495.73,12,0.0,0.137,1,0,2,57639.02,Debt Consolidation,0
49,607083.8,10.4,Contract,863,773498.84,180,231091.6,0.483,0,0,2,58797.34,Home,0
28,894014.26,0.1,Salaried,620,872838.1,12,330995.57,0.448,0,0,1,118154.26,Education,0
40,665225.26,6.3,Business Owner,637,1395701.35,84,228703.22,0.512,1,0,0,237613.7,Medical,0
61,801712.94,10.6,Contract,592,1233677.15,12,421612.69,0.649,3,0,1,130534.18,Business,0
38,856138.74,5.0,Salaried,557,1543178.13,24,0.0,0.144,2,0,2,60511.66,Personal,1
29,253194.7,0.0,Salaried,609,463641.78,36,57635.55,0.374,1,0,1,126045.53,Home,1
59,526896.41,10.9,Contract,710,460522.02,24,116977.91,0.292,2,1,2,126125.42,Personal,0
62,736465.24,16.7,Salaried,716,633715.84,12,792325.43,1.145,2,0,1,450941.46,Personal,0
63,883538.35,18.4,Salaried,677,328483.67,120,291404.67,0.36,3,1,1,126881.66,Business,0
63,1081309.44,16.7,Self-Employed,623,139272.45,120,325102.98,0.311,1,1,4,29903.49,Business,0
59,310030.05,0.0,Unemployed,606,1034318.61,36,317602.94,1.291,1,1,4,100281.64,Home,1
40,577882.24,4.8,Self-Employed,567,1000275.2,120,214187.64,0.509,3,1,3,589877.84,Debt Consolidation,0
29,405850.99,2.2,Salaried,600,923112.95,36,388898.8,1.14,1,0,2,164346.54,Vehicle,1
48,413496.02,0.0,Unemployed,533,976872.62,24,0.0,0.189,1,0,4,65189.82,Medical,0
30,552720.61,3.4,Self-Employed,772,68144.15,180,249855.47,0.462,2,0,0,665460.53,Debt Consolidation,0
41,591491.93,3.4,Salaried,815,559973.76,60,277079.15,0.544,3,0,0,15037.76,Medical,0
49,660527.87,13.3,Salaried,476,653265.78,12,383356.75,0.659,0,0,3,64145.09,Home,0
62,860907.02,14.7,Salaried,676,824253.02,120,0.0,0.077,1,0,4,32475.87,Education,0
33,495067.36,5.9,Salaried,675,70118.49,48,5224.13,0.022,1,0,0,178497.05,Debt Consolidation,0
32,589960.48,7.1,Business Owner,669,336104.41,12,16601.85,0.074,0,0,2,134072.64,Home,0
53,803931.05,13.8,Salaried,597,581760.77,36,294017.68,0.424,3,0,0,908236.94,Medical,0
21,90000.0,2.4,Business Owner,742,1329142.7,36,296585.26,3.0,1,0,4,102058.7,Personal,1
45,521080.46,3.4,Salaried,687,930935.14,12,29035.32,0.199,4,0,1,70290.45,Debt Consolidation,0
53,408172.63,11.3,Salaried,743,1310783.1,120,544569.75,1.591,1,0,4,1874.12,Debt Consolidation,0
45,972814.56,12.9,Salaried,584,738784.43,24,251546.86,0.319,2,1,3,467065.45,Home,0
37,537766.81,7.9,Self-Employed,526,800494.45,24,222357.05,0.533,1,0,0,4454.29,Debt Consolidation,1
57,717820.97,19.9,Business Owner,689,1049537.96,24,162627.15,0.344,1,0,4,40322.02,Business,0
37,635844.38,11.5,Salaried,563,711394.59,120,367488.86,0.667,2,0,4,218880.76,Debt Consolidation,1
52,544156.89,13.3,Salaried,745,487637.26,60,270108.96,0.568,2,0,3,265962.47,Personal,0
41,559337.96,7.2,Salaried,459,55107.29,180,540173.29,0.974,1,0,4,154817.5,Debt Consolidation,1
22,627277.6,0.0,Contract,608,501041.41,48,0.0,0.064,1,0,4,7521.59,Education,0
44,563489.89,7.8,Salaried,595,1218093.63,120,0.0,0.173,0,0,2,101763.78,Home,0
23,498695.64,0.0,Contract,620,1430337.07,60,66789.49,0.363,2,0,2,268217.94,Personal,0
61,467460.58,14.2,Salaried,673,413421.55,84,299603.08,0.712,1,0,4,115910.25,Education,0
47,389554.06,7.6,Salaried,686,20000.0,180,122943.65,0.32,1,0,0,7427.72,Debt Consolidation,0
37,813159.22,7.6,Business Owner,708,1263305.44,84,428784.98,0.652,0,0,2,170671.47,Medical,0
42,739650.13,13.5,Self-Employed,718,834649.33,60,129159.55,0.265,2,0,2,31603.82,Personal,0
48,323960.84,13.6,Salaried,635,126476.59,180,394743.5,1.25,1,0,0,1976.24,Home,1
32,472985.35,0.0,Unemployed,840,20000.0,84,50462.95,0.11,1,1,3,2231.78,Home,0
33,827011.91,7.8,Salaried,775,318294.68,240,412949.54,0.53,0,0,3,32725.47,Medical,0
39,897672.28,8.2,Salaried,622,568527.07,84,446447.58,0.548,1,1,0,20068.2,Home,1
32,707972.27,4.3,Salaried,638,224174.54,120,98338.54,0.164,2,0,4,532908.05,Medical,1
54,858270.53,12.9,Self-Employed,620,1145953.18,60,288121.11,0.443,0,0,2,25431.99,Home,1
25,1158256.46,1.0,Contract,683,393716.09,180,248188.68,0.241,0,0,0,48691.94,Vehicle,0
57,632619.6,16.4,Salaried,563,806200.97,36,293007.26,0.565,1,0,0,264908.16,Education,0
36,90000.0,0.0,Unemployed,579,1986744.64,60,431198.64,3.0,0,0,1,96532.53,Education,1
45,288485.03,7.4,Self-Employed,455,858730.65,240,375178.08,1.539,0,0,1,7444.29,Personal,1
27,706918.48,0.0,Unemployed,614,742240.81,24,292540.3,0.498,2,0,2,58584.78,Vehicle,1
37,1090196.81,7.3,Contract,746,753536.14,48,319349.41,0.348,2,0,2,12710.65,Vehicle,0
54,117850.06,0.0,Unemployed,636,1134507.24,12,0.0,0.77,0,0,3,27127.96,Education,1
32,451169.8,3.5,Self-Employed,641,1072542.52,84,192634.42,0.617,3,0,3,171988.17,Debt Consolidation,0
26,534002.24,0.0,Salaried,675,298222.76,48,1729.28,0.048,0,0,2,54087.18,Education,0
43,972064.22,12.6,Salaried,560,594423.54,84,196731.3,0.251,2,0,1,280341.18,Business,0
28,449174.45,5.9,Business Owner,652,466335.53,36,401025.6,0.976,0,0,3,190958.49,Debt Consolidation,1
34,147345.12,0.0,Salaried,730,658678.43,180,198730.3,1.706,0,0,0,72812.9,Personal,0
40,1348878.62,11.6,Business Owner,678,1713310.5,240,0.0,0.102,2,0,4,85074.69,Vehicle,0
45,750093.32,9.0,Salaried,738,1108723.76,60,11576.02,0.134,3,0,2,44999.64,Education,0
49,797603.33,11.8,Contract,764,760118.7,84,304595.87,0.458,1,0,3,228413.9,Education,0
50,635723.5,15.0,Salaried,710,1422266.09,60,102959.53,0.341,1,0,0,313555.38,Vehicle,0
58,477446.23,0.0,Unemployed,586,894235.64,36,341091.88,0.864,2,0,0,278557.03,Medical,1
23,227448.53,3.8,Salaried,619,20000.0,60,0.0,0.007,1,0,0,235070.75,Medical,0
36,434769.86,6.7,Salaried,824,1631982.35,60,268709.35,0.918,1,1,1,111313.43,Education,0
21,626289.47,0.0,Contract,678,721800.53,180,277749.8,0.536,0,0,3,7927.47,Home,0
21,90000.0,0.0,Contract,666,20000.0,120,342182.17,3.0,1,0,4,102644.2,Business,1
30,701370.6,6.2,Business Owner,573,20000.0,36,82062.23,0.119,1,0,3,51980.41,Debt Consolidation,0
47,236958.91,0.0,Unemployed,642,1363842.71,84,340362.77,1.897,3,0,2,12808.24,Home,0
60,641327.44,13.2,Salaried,714,20000.0,240,471180.62,0.737,3,0,2,198186.13,Medical,0
55,564229.55,12.8,Contract,651,1474612.27,48,0.0,0.209,2,0,0,78083.99,Vehicle,0
49,435027.02,9.5,Salaried,603,840523.79,180,209306.51,0.636,3,0,0,81018.42,Debt Consolidation,0
55,246492.04,11.8,Self-Employed,624,1156947.08,60,0.0,0.375,1,0,4,382095.72,Business,0
28,657186.76,6.0,Salaried,757,671596.79,24,45164.73,0.15,4,0,4,133906.15,Medical,0
57,632969.0,15.1,Salaried,710,1061682.43,24,59856.6,0.229,0,0,4,118305.13,Vehicle,0
60,373179.61,14.9,Self-Employed,698,958283.6,36,188038.78,0.709,1,0,4,23189.57,Vehicle,0
25,777633.35,9.6,Business Owner,690,780734.93,84,267957.39,0.425,1,0,3,88050.78,Personal,0
41,586262.45,3.7,Salaried,544,267280.63,240,362897.0,0.655,1,0,4,89578.7,Personal,0
57,242744.01,0.0,Unemployed,675,979264.19,48,247523.84,1.342,1,0,0,145368.22,Home,1
41,120776.28,4.9,Self-Employed,746,20000.0,36,321252.96,2.673,1,1,0,89308.37,Home,0
57,878691.88,13.9,Salaried,627,1265750.66,84,5870.21,0.122,1,0,4,334541.04,Medical,0
62,414737.24,16.8,Self-Employed,738,898497.52,36,390198.61,1.114,0,0,0,31636.19,Home,0
41,675817.56,10.5,Salaried,699,1032098.25,48,0.0,0.122,3,0,1,304121.74,Personal,0
23,403932.89,0.0,Salaried,724,20000.0,24,474804.58,1.179,1,1,2,79966.89,Home,1
35,694818.37,4.5,Business Owner,655,237133.15,36,442496.0,0.664,2,0,2,110641.26,Personal,0
30,915073.12,2.8,Salaried,730,547116.9,12,335009.73,0.414,0,0,1,44857.8,Vehicle,0
41,792904.55,4.8,Salaried,518,1136839.12,84,601213.85,0.873,0,0,4,108813.65,Home,1
46,1107509.99,11.9,Business Owner,653,328594.53,60,0.0,0.024,0,0,1,383642.95,Vehicle,0
41,742596.37,8.8,Salaried,714,2074001.88,24,340296.9,0.682,1,0,3,440197.88,Home,1
29,723035.9,4.5,Contract,677,668343.69,120,224319.1,0.384,2,0,3,13981.96,Vehicle,0
34,193715.25,5.0,Contract,749,292002.25,24,243935.4,1.38,1,0,0,233338.31,Home,0
50,607618.75,11.0,Salaried,636,706575.06,84,0.0,0.093,2,0,4,47260.42,Vehicle,0
22,546772.77,3.9,Self-Employed,601,324526.27,24,271065.35,0.543,0,0,1,71822.08,Home,0
30,932916.21,6.7,Salaried,502,207829.26,12,262608.21,0.299,1,0,3,71663.34,Vehicle,0
60,590442.67,19.8,Self-Employed,625,1305489.81,24,75872.87,0.305,1,0,3,18977.95,Vehicle,0
25,678214.88,2.7,Salaried,697,1056620.31,60,187635.18,0.401,2,0,0,3541.77,Personal,1
39,360439.34,0.0,Unemployed,718,1058072.21,24,0.0,0.235,0,1,4,3837.59,Vehicle,0
30,916418.79,2.4,Salaried,524,1438376.54,36,128828.21,0.266,0,0,0,5654.13,Debt Consolidation,0
25,728563.98,1.0,Business Owner,756,1043335.99,60,372947.18,0.626,1,0,2,12691.79,Debt Consolidation,0
39,860946.74,10.8,Salaried,562,266296.46,84,376545.23,0.462,1,0,1,83061.39,Personal,0
43,239783.72,11.3,Salaried,639,1154321.79,180,338366.29,1.796,1,0,1,205068.89,Home,1
28,217495.14,1.9,Self-Employed,599,236690.64,48,372869.72,1.801,2,0,0,81946.94,Business,0
24,90000.0,0.0,Self-Employed,688,560980.66,12,375223.71,3.0,1,0,0,3407.46,Medical,1
26,461496.24,0.0,Unemployed,658,777140.94,240,84161.58,0.317,3,0,0,4042.08,Business,0
49,852416.73,9.1,Salaried,711,726409.9,120,261118.42,0.375,0,0,3,32381.04,Debt Consolidation,0
58,935206.89,20.0,Salaried,816,20000.0,180,395620.35,0.425,4,0,0,48164.32,Vehicle,0
28,451659.54,5.1,Salaried,686,316197.73,240,0.0,0.056,0,0,2,22916.92,Personal,0
35,501113.09,3.3,Salaried,598,788745.67,120,0.0,0.126,1,0,1,20952.17,Education,0
36,614738.09,2.9,Contract,691,494656.64,240,0.0,0.064,5,0,0,25315.27,Home,0
36,1005924.83,3.7,Contract,825,1363128.92,60,0.0,0.108,1,0,0,188996.09,Home,0
31,1053457.03,2.3,Contract,709,1448742.88,84,10854.88,0.12,3,0,4,45569.84,Medical,1
23,804452.12,0.3,Salaried,735,239807.01,84,105415.64,0.155,1,0,4,86690.77,Home,0
44,751754.93,12.5,Salaried,507,829877.37,60,472214.99,0.716,1,0,3,318091.85,Debt Consolidation,1
36,1128845.67,3.1,Business Owner,685,1591358.74,48,121254.64,0.22,1,0,2,21641.88,Education,1
36,581039.39,12.9,Salaried,626,732891.05,36,0.0,0.101,1,0,1,40679.05,Personal,0
32,685264.62,1.6,Business Owner,589,596510.26,180,229913.91,0.405,0,0,4,181601.0,Debt Consolidation,0
61,687744.47,11.8,Salaried,648,1230110.48,36,165986.53,0.384,4,0,2,85519.91,Education,0
47,433321.41,15.5,Salaried,660,662899.1,240,59216.25,0.259,3,1,3,57169.06,Home,0
39,610247.66,11.2,Contract,594,1435435.09,120,94058.63,0.342,3,1,3,106518.75,Vehicle,1
30,347647.99,3.1,Salaried,667,502626.74,240,392076.01,1.243,0,1,2,130639.34,Business,1
56,611251.95,0.0,Unemployed,634,562706.03,84,0.0,0.074,3,0,1,204075.35,Education,1
60,852921.85,16.8,Salaried,713,1195078.23,84,0.0,0.112,0,0,2,4040.94,Personal,0
22,960390.6,0.8,Salaried,670,850271.86,48,284030.41,0.367,1,0,4,61794.95,Medical,0
61,312679.3,12.1,Salaried,684,854203.03,120,89485.31,0.505,1,0,3,3481.25,Medical,0
51,1165424.24,4.6,Salaried,738,20000.0,84,479397.64,0.413,0,1,3,80821.83,Business,0
25,218881.15,0.0,Self-Employed,700,623293.34,48,172225.42,1.015,1,0,1,79759.89,Education,0
54,399422.98,18.6,Salaried,649,1232018.73,12,181932.94,0.702,0,1,1,25746.58,Debt Consolidation,0
25,456794.61,7.2,Self-Employed,462,408145.01,12,341579.34,0.819,3,1,2,169155.35,Business,1
23,932930.17,0.0,Contract,696,1150334.03,36,0.0,0.099,1,1,0,531797.5,Debt Consolidation,0
26,671393.37,0.0,Salaried,568,933994.91,120,260765.48,0.5,1,0,0,67342.46,Home,0
41,599042.69,8.8,Salaried,642,700142.45,240,134188.72,0.318,0,1,2,119018.02,Business,0
48,482843.14,12.1,Salaried,683,1478877.33,240,384825.2,1.042,3,0,3,221944.24,Personal,0
38,307016.21,8.6,Contract,770,630077.99,60,83580.1,0.436,0,0,1,11419.18,Business,0
26,898156.83,0.0,Self-Employed,816,664926.48,180,231827.98,0.317,2,0,1,2865.0,Home,0
29,823659.82,12.7,Salaried,567,694431.81,12,135386.44,0.232,1,0,3,77658.16,Personal,0
58,1049112.59,18.2,Self-Employed,532,840262.45,180,274321.91,0.326,4,0,0,79616.54,Business,1
63,825204.53,16.2,Self-Employed,679,1183478.78,240,154793.69,0.302,0,0,0,18158.54,Business,0
54,90000.0,11.0,Salaried,672,63722.4,48,247215.87,2.803,2,0,3,8480.21,Medical,1
25,300854.27,4.6,Salaried,542,1234022.63,12,515582.96,2.042,1,0,2,65077.07,Medical,1
57,474217.83,0.0,Unemployed,649,834049.03,120,148522.39,0.454,3,0,0,188827.57,Personal,0
51,597570.74,12.3,Salaried,704,1077017.29,12,272494.9,0.6,0,0,3,20061.67,Business,0
44,529289.51,10.6,Salaried,539,1995925.21,84,611564.23,1.457,3,0,4,75863.74,Education,1
27,342193.31,2.1,Salaried,560,544169.8,36,270173.81,0.917,3,0,1,383770.7,Debt Consolidation,1
64,965897.39,18.4,Self-Employed,592,187664.71,60,0.0,0.016,1,0,3,306720.31,Personal,0
40,771048.16,9.8,Salaried,631,896899.51,240,80072.66,0.197,2,0,3,63198.91,Debt Consolidation,0
22,728297.81,1.4,Salaried,712,976083.42,24,0.0,0.107,2,1,3,374866.05,Home,0
30,468599.44,4.5,Salaried,621,1235804.66,12,365953.36,0.992,3,1,2,94676.77,Personal,1
38,845071.94,11.0,Business Owner,655,530811.63,84,183112.52,0.267,4,0,0,77549.22,Personal,0
23,271558.77,0.0,Salaried,852,384946.56,120,391433.24,1.555,3,0,0,29148.7,Personal,0
35,609543.0,3.2,Contract,564,33514.57,36,310080.22,0.513,0,0,2,9670.76,Education,0
41,90000.0,8.1,Salaried,591,116253.24,24,309303.29,3.0,0,0,2,164922.27,Vehicle,1
62,330970.97,14.2,Salaried,711,592018.89,120,0.0,0.143,1,0,0,288640.8,Debt Consolidation,0
24,178422.04,0.0,Unemployed,739,741707.53,120,290881.03,1.963,1,0,1,103643.89,Home,0
46,1268779.54,13.9,Contract,687,1832567.08,240,445986.19,0.467,2,0,1,34482.8,Education,0
61,269814.23,15.6,Salaried,813,20000.0,180,0.0,0.006,1,0,4,296616.35,Medical,0
56,394104.85,8.5,Contract,679,967700.66,120,142914.19,0.559,2,0,3,90274.04,Personal,0
61,774193.7,14.7,Self-Employed,472,437032.07,12,263795.39,0.386,1,0,4,415.57,Debt Consolidation,0
28,1063355.73,3.0,Salaried,659,911433.36,36,217642.87,0.273,1,0,1,152922.95,Home,0
56,755543.12,14.1,Contract,599,523382.06,84,458585.68,0.662,1,0,4,5137.39,Education,0
64,1054535.46,18.9,Business Owner,775,1317692.29,60,331131.33,0.414,1,0,3,48195.16,Business,0
35,557599.06,7.0,Salaried,737,1314595.2,12,273096.54,0.678,1,0,0,33491.01,Education,0
42,535344.6,8.0,Self-Employed,507,743449.48,84,347168.28,0.76,0,0,2,106605.48,Education,1
44,689546.09,5.6,Salaried,772,1519555.97,120,337572.12,0.666,3,0,1,64666.62,Education,0
42,498427.65,7.1,Salaried,735,1180054.34,120,207392.44,0.605,2,0,4,38058.58,Debt Consolidation,0
33,467067.33,0.0,Unemployed,621,1496279.48,240,136132.36,0.548,2,0,2,26224.12,Personal,1
63,324432.03,15.9,Self-Employed,643,778431.39,24,378255.74,1.358,1,0,2,102545.62,Vehicle,0
63,948496.76,18.9,Self-Employed,775,1275899.37,240,66245.8,0.177,1,0,4,66510.68,Business,0
37,657828.25,7.6,Self-Employed,473,415868.46,60,186989.85,0.335,1,0,1,324972.03,Medical,0
56,651319.78,16.5,Self-Employed,690,365170.48,36,0.0,0.045,4,0,3,107029.74,Education,0
38,240253.86,5.6,Salaried,748,1889912.82,180,331701.62,2.01,4,1,4,33864.74,Debt Consolidation,1
55,107052.83,0.0,Unemployed,642,257064.06,12,421854.12,3.0,2,0,2,121985.93,Debt Consolidation,1
46,974662.87,12.0,Self-Employed,708,581947.18,12,31601.33,0.08,1,1,2,7384.46,Business,1
41,757850.25,8.3,Business Owner,659,20000.0,120,172292.71,0.229,0,0,1,113494.27,Vehicle,0
26,684599.62,3.8,Self-Employed,579,377068.44,120,113588.16,0.21,4,0,1,222612.34,Vehicle,0
49,464117.0,9.2,Salaried,577,302882.22,12,393558.74,0.9,0,0,4,435356.66,Vehicle,0
35,634736.34,0.0,Salaried,714,464854.65,180,455054.87,0.776,0,0,2,74652.27,Debt Consolidation,0
30,283961.99,1.8,Salaried,593,949941.89,180,113763.17,0.668,2,0,1,7218.96,Home,1
29,648970.56,5.4,Salaried,513,1070517.69,180,0.0,0.132,1,0,2,12837.1,Education,0
64,971660.22,17.4,Business Owner,661,296595.24,48,407504.2,0.444,3,0,0,47487.22,Education,0
25,692153.68,1.2,Contract,604,405166.73,240,208117.08,0.348,0,0,1,1694.59,Medical,1
56,479103.79,11.5,Salaried,542,1341755.11,24,208811.63,0.66,0,1,4,104904.37,Home,1
59,628487.25,9.3,Salaried,656,1652646.53,180,373468.48,0.805,0,0,3,195192.32,Business,1
22,887298.54,4.7,Business Owner,719,1427958.43,180,134476.8,0.28,1,0,4,100964.81,Home,0
46,622140.6,9.4,Salaried,652,20000.0,60,86550.37,0.142,1,0,4,234964.82,Vehicle,0
46,253173.65,0.0,Unemployed,554,1394703.57,48,135972.49,0.978,1,0,0,350186.07,Education,1
36,1120866.9,4.0,Salaried,693,1726844.43,60,288035.55,0.38,2,0,2,151388.13,Business,0
50,449252.72,15.4,Salaried,743,20000.0,12,358214.11,0.801,2,0,0,102926.91,Medical,0
38,921104.62,9.4,Salaried,849,1341350.28,12,493967.67,0.653,6,1,0,147488.8,Personal,0
40,90000.0,0.0,Unemployed,780,912608.31,48,272610.64,3.0,2,0,1,45203.79,Debt Consolidation,1
39,817695.27,10.7,Salaried,560,636431.15,12,173967.36,0.275,0,0,0,2088.72,Debt Consolidation,0
56,1032038.14,13.6,Business Owner,727,853091.42,84,359514.36,0.414,0,0,4,50297.85,Personal,0
48,553408.71,9.0,Salaried,673,1021630.28,84,25173.53,0.193,0,0,2,154145.83,Education,0
37,343630.79,5.5,Salaried,546,1378792.53,180,455489.88,1.647,2,0,4,57949.41,Home,1
61,227391.7,13.7,Contract,676,1353007.26,36,238047.85,1.523,1,0,1,64521.47,Debt Consolidation,0
56,551221.62,10.0,Salaried,823,46536.34,180,158835.75,0.295,2,0,2,12985.54,Medical,0
62,854554.66,18.7,Salaried,758,475663.87,36,25755.48,0.075,1,0,1,207136.51,Personal,0
53,426592.96,12.1,Self-Employed,559,846782.76,60,312849.19,0.892,1,0,2,107955.92,Home,0
38,675237.15,8.7,Contract,651,1586109.37,180,149489.03,0.409,2,0,2,80470.56,Personal,0
55,332892.55,14.5,Salaried,694,20000.0,48,183029.19,0.555,0,1,0,151522.16,Debt Consolidation,0
35,583527.95,7.2,Salaried,494,494582.3,24,0.0,0.068,2,0,3,266116.66,Education,0
32,90000.0,0.0,Unemployed,497,36054.66,180,121757.73,1.385,1,0,1,4506.64,Vehicle,1
40,787504.87,5.0,Business Owner,664,115311.22,36,97670.5,0.136,0,0,0,167268.67,Home,0
63,600730.13,18.5,Contract,665,1292867.55,24,275341.31,0.631,3,0,4,72681.99,Vehicle,1
45,524408.47,5.8,Business Owner,485,534057.2,120,151823.66,0.371,0,0,3,25551.07,Vehicle,0
37,633281.63,7.5,Business Owner,685,20000.0,60,0.0,0.003,1,0,0,192182.3,Business,0
41,426460.78,3.8,Salaried,748,720780.47,12,125297.83,0.429,2,0,0,70004.12,Vehicle,0
33,307518.82,4.8,Salaried,630,1817929.74,240,0.0,0.473,0,0,0,170999.66,Medical,0
49,1104686.46,16.0,Business Owner,655,20000.0,60,12287.91,0.013,2,0,2,105575.83,Medical,0
36,704956.28,8.3,Business Owner,701,1066468.69,36,380699.22,0.661,2,0,3,82426.59,Education,0
45,90000.0,0.0,Unemployed,690,1583851.91,12,0.0,1.408,1,0,3,65635.31,Business,1
37,492179.8,8.9,Self-Employed,500,775288.66,120,253071.85,0.64,3,0,0,86538.01,Debt Consolidation,0
35,870677.93,11.1,Salaried,569,1764000.16,120,108700.35,0.287,2,0,1,219179.02,Home,0
63,535660.34,25.2,Self-Employed,614,470094.59,120,73993.66,0.208,0,0,0,46929.12,Medical,0
36,1019435.97,7.4,Self-Employed,573,1522970.02,84,23721.71,0.143,4,0,4,177956.41,Debt Consolidation,0
24,394834.49,0.0,Salaried,782,1404968.61,180,257514.2,0.937,0,1,0,91384.36,Personal,0
37,773852.01,7.7,Contract,707,783733.66,84,277724.89,0.44,2,1,3,191871.6,Education,0
44,928159.65,14.0,Self-Employed,550,56397.92,36,0.0,0.005,2,0,1,363319.92,Home,0
25,724548.49,1.0,Salaried,631,299135.04,24,407094.34,0.595,0,0,4,77457.72,Medical,0
34,295376.51,8.3,Self-Employed,752,20000.0,48,0.0,0.005,5,0,1,14472.73,Home,0
28,385382.86,0.3,Self-Employed,592,1097074.96,120,269949.64,0.928,3,1,1,106995.43,Business,0
43,958517.75,9.9,Contract,727,1037150.25,12,0.0,0.087,2,0,2,129797.11,Business,0
52,491847.14,4.9,Salaried,774,839608.73,36,117368.81,0.375,1,0,4,52422.11,Vehicle,0
63,969919.13,13.9,Self-Employed,759,738643.08,48,0.0,0.061,0,0,2,3706.21,Medical,0
38,543428.82,6.8,Self-Employed,666,1478795.87,84,104826.69,0.411,0,0,2,139906.5,Personal,0
58,746359.33,13.7,Self-Employed,763,948899.08,24,163824.56,0.321,1,1,1,2640.91,Business,0
30,280473.18,0.0,Salaried,603,522677.42,12,0.0,0.149,1,0,1,94241.85,Home,0
55,549933.11,12.1,Contract,874,873614.13,240,256599.44,0.594,0,0,4,6259.84,Personal,0
45,453173.4,10.6,Contract,672,1823752.56,12,280177.78,0.94,0,0,3,83889.64,Vehicle,0
54,755399.91,12.9,Self-Employed,753,1111083.44,12,687085.32,1.027,2,0,4,298049.91,Personal,0
54,722299.39,13.4,Self-Employed,617,605040.89,24,367165.25,0.575,4,1,4,25213.37,Debt Consolidation,0
44,784662.47,11.4,Salaried,695,777763.78,48,411755.66,0.604,1,0,2,179396.78,Personal,0
32,510369.37,3.4,Self-Employed,699,1031689.37,24,0.0,0.162,4,0,4,118890.99,Vehicle,0
44,436442.48,13.3,Salaried,566,589456.98,180,0.0,0.108,0,0,0,357712.91,Medical,0
57,903682.27,11.4,Business Owner,564,545227.73,24,146541.7,0.21,1,0,1,15717.55,Debt Consolidation,1
63,468602.77,22.6,Salaried,632,794339.01,24,521626.93,1.249,2,0,2,198975.48,Business,0
61,1139605.63,19.3,Business Owner,749,1559545.06,24,645385.31,0.676,2,0,0,271792.52,Medical,0
28,592369.4,1.7,Salaried,485,1195488.26,84,76243.57,0.29,2,0,0,43370.31,Debt Consolidation,1
47,746466.22,9.5,Business Owner,617,595235.57,180,94479.9,0.19,1,0,2,41052.17,Debt Consolidation,0
25,727543.91,2.2,Self-Employed,768,1234506.46,24,297900.9,0.545,1,0,0,82705.09,Education,0
50,667908.88,13.4,Salaried,539,804286.71,60,164511.39,0.343,2,0,4,99823.81,Education,0
64,314487.07,20.5,Salaried,763,972294.17,48,169051.81,0.785,1,1,2,334485.01,Personal,0
23,340642.53,0.0,Contract,548,926811.91,84,314281.84,1.14,2,0,4,73545.09,Medical,0
49,948427.18,12.5,Self-Employed,568,20000.0,84,688793.24,0.728,1,0,3,4165.49,Debt Consolidation,0
62,743971.09,10.1,Salaried,637,20000.0,36,434823.2,0.587,3,1,1,113218.9,Home,1
58,290608.05,14.3,Salaried,819,913310.71,84,536442.78,2.097,0,0,3,81277.95,Debt Consolidation,0
38,739028.02,11.2,Salaried,592,373569.37,12,0.0,0.04,2,1,0,80402.11,Personal,0
25,472185.3,0.0,Self-Employed,494,20000.0,60,393460.67,0.837,3,0,2,47522.87,Medical,0
61,501375.01,11.2,Self-Employed,524,388995.34,240,29023.65,0.12,2,0,3,6691.62,Business,0
61,433781.82,16.7,Salaried,734,1262321.26,240,501760.73,1.39,5,0,2,299061.61,Education,0
46,924982.37,14.2,Self-Employed,528,978912.84,12,444318.78,0.565,0,1,1,23073.88,Education,1
64,387625.41,18.2,Business Owner,757,1185880.6,12,308686.67,1.041,2,0,4,8816.01,Vehicle,0
21,540616.98,0.0,Business Owner,656,1026547.78,180,66279.2,0.275,1,0,1,508444.28,Debt Consolidation,0
48,711031.69,5.8,Salaried,647,340584.01,24,112912.72,0.197,0,0,1,293447.11,Business,0
22,997590.77,0.7,Salaried,677,1188272.42,84,127476.73,0.223,1,0,3,118422.82,Personal,0
62,861464.55,12.9,Salaried,578,1092869.83,60,337220.04,0.493,0,1,1,97421.33,Business,0
50,475493.85,12.0,Salaried,662,741258.34,48,272699.8,0.698,1,0,1,232081.06,Personal,0
61,1102338.36,16.6,Salaried,543,829420.09,36,455605.82,0.474,1,0,0,118883.2,Home,0
45,333219.15,8.1,Salaried,771,1196232.93,120,489947.58,1.758,3,0,3,210037.7,Debt Consolidation,1
24,675334.04,6.6,Salaried,558,425275.34,36,47835.62,0.121,1,1,0,197443.84,Business,0
22,874946.16,2.2,Business Owner,689,1343941.48,120,285535.37,0.449,1,0,4,24713.58,Debt Consolidation,0
35,421721.1,9.2,Salaried,557,1082546.98,36,283346.51,0.877,2,0,0,58522.51,Medical,1
53,1020398.26,15.6,Business Owner,602,801128.95,180,182895.75,0.242,0,1,0,562009.72,Debt Consolidation,0
27,489527.47,1.9,Salaried,616,1565618.2,120,369517.63,1.011,0,0,4,51158.98,Debt Consolidation,1
58,884785.61,14.2,Self-Employed,900,152834.22,60,288375.21,0.34,1,0,2,147656.84,Medical,0
31,170101.13,3.1,Salaried,649,569907.61,12,96579.59,0.836,0,0,3,256674.32,Business,1
42,746744.02,10.4,Contract,576,458874.6,24,174418.91,0.283,0,0,3,31473.89,Medical,1
29,520973.33,1.2,Contract,610,979045.52,84,137140.21,0.414,1,0,1,350480.44,Vehicle,0
41,947425.95,13.2,Salaried,515,1391206.53,84,69046.91,0.19,1,0,2,333886.91,Education,0
40,646004.82,5.4,Self-Employed,635,308489.03,12,184642.06,0.324,0,0,2,340046.56,Medical,1
21,912307.38,0.6,Salaried,817,2452749.03,12,0.0,0.215,0,0,4,690219.56,Business,0
45,798903.19,8.9,Self-Employed,680,468621.85,84,285298.88,0.404,1,0,4,264307.42,Business,0
55,670122.89,12.2,Salaried,731,980341.74,48,452741.31,0.793,0,0,0,250965.98,Medical,0
62,919917.33,22.9,Salaried,568,801343.15,60,209084.82,0.297,0,1,3,289894.28,Medical,0
35,840514.62,4.3,Salaried,632,823078.26,84,370357.0,0.519,1,0,4,3889.43,Vehicle,0
59,831977.5,14.3,Contract,668,403794.26,180,227959.32,0.313,3,0,2,59212.78,Home,0
59,140924.66,13.2,Salaried,585,1333773.24,36,16021.13,0.871,2,0,2,278601.93,Debt Consolidation,1
64,483359.88,17.3,Self-Employed,686,373039.37,120,561271.73,1.223,0,0,3,476461.52,Education,1
37,994026.46,6.1,Salaried,705,20000.0,180,0.0,0.002,1,0,1,116151.6,Personal,0
58,397013.54,11.4,Salaried,699,239001.28,240,201855.33,0.557,1,0,1,185203.46,Debt Consolidation,0
45,892615.29,8.3,Salaried,636,1522657.81,240,61660.47,0.206,4,0,3,62372.0,Business,0
23,782613.16,2.6,Contract,748,1425235.09,12,484704.75,0.765,0,0,4,71020.71,Debt Consolidation,0
32,451561.91,7.5,Contract,627,20000.0,12,238874.3,0.533,2,0,3,377549.1,Medical,0
50,188192.09,11.7,Salaried,619,1206864.8,180,659985.82,3.0,2,0,3,38578.69,Home,1
28,628771.85,3.0,Business Owner,780,20000.0,24,206481.21,0.331,2,0,0,151174.94,Home,0
40,1176503.76,6.5,Salaried,550,786386.07,36,63048.52,0.107,1,0,0,781238.11,Business,0
55,486180.68,12.1,Salaried,497,196124.22,60,0.0,0.032,0,0,4,117410.1,Personal,1
27,419435.66,0.0,Self-Employed,572,1245390.77,84,399196.17,1.189,0,0,3,116013.94,Personal,1
42,413604.4,3.7,Salaried,685,1077330.45,12,49748.54,0.329,0,0,0,48687.42,Medical,0
30,930696.12,1.5,Salaried,766,1289789.63,84,124434.45,0.245,2,0,1,13159.66,Personal,0
44,758271.07,11.9,Business Owner,591,652380.09,12,421059.27,0.624,1,0,1,113992.78,Debt Consolidation,0
31,473523.44,2.7,Salaried,813,704335.53,48,389605.79,0.942,1,0,3,49322.09,Home,0
63,1079368.5,15.8,Contract,652,50377.11,240,90265.77,0.087,0,0,2,5904.72,Education,0
24,903873.52,0.1,Business Owner,640,284757.7,24,118278.49,0.156,2,0,0,124488.0,Home,0
63,496177.44,20.5,Contract,574,1274266.72,12,0.0,0.205,0,0,3,145321.11,Medical,1
55,396104.02,10.8,Self-Employed,826,983632.48,60,0.0,0.199,1,0,0,241841.57,Personal,0
58,1000542.49,15.6,Contract,636,852167.5,36,337465.65,0.405,2,0,3,210405.35,Personal,0
58,715197.04,14.6,Salaried,530,1431056.88,36,357327.5,0.66,1,0,4,272543.36,Debt Consolidation,0
29,236734.0,3.4,Self-Employed,871,149928.91,48,264297.77,1.167,1,0,3,135746.54,Personal,0
61,274221.08,16.7,Self-Employed,685,1160073.95,24,233700.45,1.191,2,0,4,359460.5,Business,1
47,398990.32,10.6,Contract,722,210421.69,12,72890.02,0.225,0,0,2,343678.38,Education,0
63,416128.85,19.2,Salaried,801,1538936.94,240,464263.89,1.412,2,0,1,5041.52,Vehicle,0
59,202480.76,15.1,Self-Employed,705,1072237.09,180,0.0,0.424,0,0,2,61266.42,Personal,0
46,550123.25,15.2,Business Owner,738,1282250.68,48,115671.15,0.397,1,0,3,26881.9,Business,0
37,418229.86,6.5,Salaried,655,449176.62,180,228926.25,0.633,1,0,2,46460.02,Home,0
26,499329.68,0.0,Contract,716,1891049.11,240,199925.77,0.703,2,1,0,6403.77,Personal,1
25,1035227.51,3.5,Salaried,647,1799278.95,48,199631.2,0.332,1,0,1,209295.21,Vehicle,0
38,584289.18,8.0,Salaried,648,1015189.51,24,106535.13,0.321,1,0,2,113334.08,Business,0
56,663106.29,14.1,Self-Employed,661,1387630.86,24,297363.34,0.616,0,0,1,136803.26,Vehicle,0
43,793313.84,8.0,Salaried,614,649056.6,240,0.0,0.065,2,0,4,204022.21,Vehicle,0
42,603670.48,2.1,Salaried,695,165759.38,240,174079.03,0.31,1,1,4,76243.08,Education,0
31,730038.24,0.0,Salaried,695,1197895.26,120,277742.18,0.512,5,0,3,10901.02,Business,0
45,742153.72,14.5,Salaried,724,340344.96,120,140144.59,0.226,2,0,1,428107.26,Debt Consolidation,0
49,864647.14,9.4,Business Owner,708,1455110.07,36,200861.66,0.367,2,1,0,93994.25,Business,0
64,1420616.52,20.1,Contract,830,1323929.07,60,238792.55,0.243,4,0,3,115475.92,Medical,0
53,923781.46,8.0,Self-Employed,745,917611.33,48,0.0,0.079,1,0,4,797.73,Personal,1
47,407569.5,7.3,Salaried,631,889647.94,48,0.0,0.175,0,1,3,8667.56,Debt Consolidation,0
61,812555.55,18.0,Self-Employed,691,1294644.24,120,224107.18,0.403,2,1,0,201121.23,Education,0
39,456065.8,6.9,Contract,777,937282.01,60,90491.23,0.363,2,0,1,265126.54,Business,0
62,984562.69,18.0,Business Owner,565,597769.14,48,101356.08,0.152,1,0,2,81956.72,Education,0
37,304203.15,6.4,Salaried,831,42746.39,36,302421.32,1.005,4,0,0,559509.35,Personal,0
26,338055.14,1.4,Salaried,580,1279449.86,84,22009.14,0.368,0,0,2,19113.35,Home,0
39,739976.89,5.2,Contract,731,983219.5,60,0.0,0.106,0,0,0,640359.22,Medical,0
26,864417.28,0.0,Contract,651,2177830.04,12,498265.18,0.778,3,0,2,16698.62,Vehicle,0
26,740661.09,6.2,Salaried,645,752044.42,120,417771.83,0.645,2,1,2,54077.55,Education,0
59,927529.33,19.9,Contract,533,951018.03,48,415490.51,0.53,1,0,3,195818.71,Business,0
55,795454.64,10.5,Salaried,732,962751.78,48,0.0,0.097,1,1,1,172.2,Education,0
30,670124.02,0.3,Salaried,534,1125378.18,240,186064.6,0.412,0,0,2,161969.99,Business,0
57,732076.68,13.4,Business Owner,520,316560.54,120,0.0,0.035,2,0,1,45486.99,Personal,0
24,812250.45,2.2,Self-Employed,754,761392.37,12,189207.28,0.308,1,1,2,51468.05,Debt Consolidation,0
33,892219.81,4.3,Salaried,811,1213829.71,120,137358.03,0.263,1,1,4,55946.62,Education,0
52,677221.08,13.9,Contract,590,633618.29,36,5949.89,0.084,2,1,0,215414.85,Personal,1
34,609768.49,5.1,Contract,740,1195094.37,120,290591.51,0.633,2,0,2,453225.79,Business,0
53,1093851.45,12.5,Salaried,722,848357.98,48,153426.28,0.202,2,0,4,18599.11,Vehicle,0
59,708894.56,22.4,Self-Employed,642,1000935.53,84,510086.05,0.833,2,0,1,123767.22,Vehicle,0
23,624921.47,0.0,Contract,770,1375568.21,120,215440.4,0.521,0,0,2,66097.99,Vehicle,0
22,724056.48,5.3,Self-Employed,635,686322.2,24,0.0,0.076,4,0,0,4150.77,Home,0
62,348548.44,0.0,Unemployed,697,74074.39,24,0.0,0.017,2,1,0,122617.4,Debt Consolidation,0
43,610914.92,10.3,Business Owner,537,666830.03,120,577214.89,1.032,1,0,2,165774.62,Medical,1
43,760491.39,3.0,Salaried,541,387222.41,12,135373.34,0.219,1,0,2,125698.06,Personal,0
41,650311.25,8.1,Salaried,755,20000.0,180,243201.47,0.376,1,0,1,141549.51,Personal,0
40,1117562.44,6.1,Contract,700,746659.19,48,201751.25,0.234,2,0,2,313357.34,Home,0
51,537112.14,0.0,Unemployed,637,899515.33,12,454937.52,0.981,0,0,0,120682.98,Education,0
46,526129.43,6.8,Salaried,822,1310380.67,120,0.0,0.199,1,1,2,101408.65,Home,0
28,803265.05,5.1,Salaried,821,230344.77,240,439265.38,0.57,3,0,4,138198.6,Home,0
48,907966.46,13.8,Business Owner,690,844263.01,12,426866.92,0.545,0,0,3,23440.3,Debt Consolidation,0
50,1014356.58,15.1,Salaried,519,1364045.67,240,201108.66,0.306,1,0,2,69069.91,Medical,1
25,480886.45,0.5,Salaried,640,512676.4,48,274391.5,0.656,2,0,4,113021.1,Home,0
37,695169.04,3.2,Contract,575,1068110.88,120,133292.58,0.315,1,0,4,319483.12,Business,1
55,677226.59,14.7,Contract,658,1598859.0,36,0.0,0.189,1,0,0,363027.39,Medical,0
48,695619.86,16.1,Contract,566,20000.0,12,304451.54,0.44,0,0,3,133370.23,Education,0
27,546700.26,2.6,Business Owner,542,936327.16,240,244384.32,0.584,0,0,3,89736.71,Vehicle,1
22,746977.92,1.8,Salaried,446,1381444.94,84,248124.69,0.48,1,0,0,148303.11,Business,1
46,779491.07,9.3,Contract,665,624643.58,36,286812.88,0.432,3,1,2,310006.17,Vehicle,0
41,981305.9,6.5,Salaried,443,1493379.99,48,91220.04,0.215,0,0,3,104550.63,Medical,0
63,723493.54,18.8,Salaried,621,1117110.89,120,468787.98,0.771,0,0,3,360831.01,Personal,0
43,563040.12,8.5,Contract,712,1684678.58,36,201463.68,0.597,2,0,0,41744.27,Business,0
61,1067323.59,17.2,Business Owner,585,1091232.41,120,297507.95,0.361,2,1,1,850.41,Personal,0
30,428448.9,5.1,Contract,552,1726269.35,12,151017.44,0.675,1,0,0,108394.59,Home,1
40,928246.13,8.6,Salaried,644,950000.01,240,389040.05,0.501,2,1,2,484461.64,Medical,0
27,538710.5,0.0,Unemployed,575,116102.18,120,218718.71,0.423,2,0,0,534263.68,Debt Consolidation,0
46,989319.73,7.4,Self-Employed,667,484499.81,48,184678.58,0.226,3,1,3,14000.72,Business,0
29,868155.75,0.5,Business Owner,557,1309181.73,84,417324.26,0.601,0,0,4,28307.64,Medical,0
42,541375.9,8.3,Contract,641,1299344.82,24,0.0,0.192,3,0,3,132801.95,Home,0
36,672296.93,5.9,Salaried,619,644699.28,60,149596.91,0.299,2,0,2,41848.49,Education,0
29,869017.22,1.6,Business Owner,649,1702150.41,48,89723.78,0.26,2,1,3,14139.29,Debt Consolidation,0
25,471964.59,2.3,Self-Employed,797,623016.18,48,267298.37,0.672,0,1,3,304141.69,Debt Consolidation,0
43,999279.07,11.5,Contract,668,1030988.5,180,256844.4,0.34,0,0,3,214095.38,Home,0
62,868021.04,20.0,Contract,695,1017141.63,48,197876.4,0.322,1,0,3,465252.82,Medical,0
29,550944.26,7.4,Business Owner,594,134764.9,12,71479.61,0.149,2,0,4,66708.16,Business,1
38,1121718.42,2.9,Salaried,670,744754.04,60,195674.39,0.228,1,1,0,382039.89,Education,0
30,651347.32,0.1,Salaried,625,1990164.79,12,258206.35,0.641,0,0,2,85162.04,Debt Consolidation,0
56,90000.0,0.0,Unemployed,653,338866.56,60,167881.8,2.167,2,0,3,314221.57,Business,1
39,96436.47,0.0,Unemployed,708,1112578.79,120,399358.44,3.0,3,0,4,331852.72,Personal,1
63,747945.9,0.0,Unemployed,605,222808.72,12,310162.63,0.439,1,0,0,100610.52,Business,1
31,1086246.23,2.3,Salaried,614,333655.41,12,203425.79,0.212,0,1,1,66058.16,Home,1
24,861371.26,0.3,Salaried,606,92856.13,48,0.0,0.009,0,0,0,28508.34,Education,0
46,1154827.16,11.4,Business Owner,604,1270535.49,60,160704.46,0.227,0,0,1,176354.62,Home,0
49,1138153.86,7.2,Business Owner,666,364306.2,12,313417.37,0.301,0,0,1,98019.68,Personal,1
64,868229.04,24.2,Salaried,617,1433747.07,36,149715.18,0.305,1,0,1,21343.85,Business,0
59,796260.45,15.3,Self-Employed,785,534339.94,120,254585.88,0.373,0,0,0,327778.8,Vehicle,0
59,848965.8,18.4,Salaried,891,863999.63,84,159576.21,0.269,0,0,2,14877.75,Vehicle,0
48,865003.86,9.1,Self-Employed,599,1005690.41,60,241848.78,0.373,2,0,3,35206.15,Home,0
36,459600.5,7.7,Salaried,676,20000.0,12,452181.52,0.987,0,0,1,84694.9,Education,0
39,836989.68,7.5,Salaried,743,901824.63,180,341614.08,0.494,2,1,3,61486.98,Personal,0
26,979654.21,4.6,Salaried,626,974948.89,84,0.0,0.08,2,0,1,282518.44,Personal,1
39,602406.89,6.6,Contract,561,1370008.49,48,0.0,0.182,1,0,3,69280.87,Education,0
37,719688.05,11.1,Business Owner,806,320248.31,84,279660.43,0.424,2,1,2,27765.54,Education,0
22,372136.58,0.0,Unemployed,712,391489.08,24,410213.59,1.186,0,0,4,28368.01,Education,0
29,461585.61,6.0,Self-Employed,679,1129773.98,120,0.0,0.196,0,0,3,77425.07,Medical,0
44,339795.35,9.6,Salaried,781,1506195.99,36,162234.64,0.832,1,0,1,423099.33,Home,0
37,934929.76,3.3,Salaried,719,503748.75,12,627179.31,0.714,1,0,2,419726.5,Vehicle,0
64,616262.18,23.1,Self-Employed,646,182398.17,36,151645.11,0.27,4,0,2,31167.44,Education,0
42,667612.14,13.9,Salaried,562,641635.93,48,654654.35,1.057,2,0,0,199196.72,Vehicle,0
63,723468.74,10.6,Business Owner,606,293338.5,48,51751.87,0.104,1,0,1,603420.39,Business,0
50,1006188.7,12.1,Contract,758,998890.55,36,83557.54,0.162,1,1,1,146434.13,Business,0
22,816294.04,2.5,Contract,711,260082.61,180,73468.62,0.115,2,0,0,39333.96,Vehicle,0
29,563815.11,4.5,Salaried,633,1286452.36,36,0.0,0.183,0,0,1,197299.11,Business,0
52,398025.66,16.9,Self-Employed,809,906308.35,24,0.0,0.182,0,1,4,174009.12,Home,0
44,582267.55,13.1,Salaried,636,1302049.97,36,160176.39,0.454,0,0,4,167312.12,Business,1
34,781538.17,6.0,Salaried,739,20000.0,48,226075.68,0.291,0,0,2,9401.79,Education,0
43,863158.93,15.6,Business Owner,670,20000.0,12,70979.67,0.084,0,0,3,77011.19,Vehicle,0
60,744274.51,18.4,Self-Employed,824,1446336.31,12,114280.55,0.309,0,0,3,10359.93,Medical,0
38,853924.69,5.7,Business Owner,718,440239.51,24,460293.55,0.58,3,0,3,433033.6,Vehicle,0
22,792699.06,0.0,Salaried,654,66808.62,48,374913.84,0.48,4,0,1,352753.72,Vehicle,0
34,278535.2,0.0,Unemployed,634,698650.8,240,153438.28,0.752,0,0,2,132571.62,Home,1
62,485503.36,0.0,Unemployed,649,921172.87,84,277377.58,0.723,0,0,4,238854.18,Medical,0
54,452270.2,12.0,Self-Employed,585,720992.74,12,0.0,0.128,2,0,0,58772.32,Personal,0
57,1346462.69,13.7,Contract,527,1034007.07,12,248532.84,0.246,3,1,2,135333.02,Home,0
61,649035.17,17.1,Salaried,678,966250.09,12,188766.32,0.41,3,0,0,6328.79,Education,0
26,815898.25,1.4,Business Owner,602,940075.67,12,132650.17,0.255,0,0,0,239750.3,Business,1
33,777616.38,0.8,Contract,602,1474185.49,60,205905.8,0.416,2,0,3,131431.54,Vehicle,0
23,503302.37,4.3,Contract,642,792909.84,120,176808.48,0.477,0,1,1,366096.69,Debt Consolidation,0
21,601956.2,0.0,Contract,655,778209.87,48,0.0,0.103,0,0,2,167084.58,Debt Consolidation,1
57,706918.82,20.5,Self-Employed,651,1201405.74,48,502359.16,0.847,2,0,2,179062.13,Business,0
62,494490.48,17.3,Contract,806,1076329.85,84,371147.16,0.925,1,1,2,419896.47,Debt Consolidation,0
27,877647.36,6.2,Business Owner,710,348570.88,48,130196.77,0.18,2,0,1,517466.11,Business,0
52,280694.54,14.3,Salaried,840,753943.13,180,0.0,0.215,1,0,2,365258.45,Personal,0
44,1107177.11,13.1,Salaried,610,1019114.55,120,0.0,0.074,0,1,0,27935.37,Education,0
24,807242.72,2.9,Contract,721,506585.93,240,560846.69,0.745,1,0,1,99301.23,Medical,0
61,879780.59,16.7,Self-Employed,615,530412.27,12,168740.97,0.24,1,0,1,7705.55,Vehicle,0
59,279839.47,18.5,Self-Employed,599,104270.75,48,337336.83,1.235,3,1,2,399283.44,Debt Consolidation,0
45,473867.83,17.1,Contract,843,20000.0,180,29228.79,0.065,0,0,0,86900.83,Education,0
52,1190336.28,11.6,Business Owner,581,612960.68,120,144673.14,0.163,1,1,4,169118.06,Personal,1
38,1688810.35,9.2,Salaried,449,863642.9,120,153860.09,0.132,1,0,1,5149.56,Business,0
55,1000673.12,13.6,Salaried,586,252292.91,60,243463.05,0.263,2,0,4,55057.7,Personal,0
40,916235.85,9.1,Self-Employed,469,1488936.07,48,216176.32,0.366,1,0,3,80210.54,Business,0
64,1010243.56,17.3,Business Owner,564,276649.91,120,33992.14,0.056,0,0,1,152338.55,Home,0
23,394125.7,0.0,Self-Employed,573,1256265.28,60,32116.36,0.336,2,0,2,119429.87,Home,0
28,869793.52,2.2,Self-Employed,653,1009335.02,48,185321.59,0.306,2,0,1,192889.58,Home,0
63,600698.17,19.8,Business Owner,466,1888167.7,48,0.0,0.251,1,0,1,41446.19,Business,1
33,483353.71,2.5,Business Owner,758,1069919.66,24,51846.33,0.284,1,0,4,2314.58,Medical,0
34,320617.67,8.0,Contract,481,76861.97,180,172255.13,0.556,0,0,4,4948.46,Personal,0
55,945930.66,14.2,Salaried,639,1327183.3,180,271549.92,0.399,0,1,2,400899.65,Vehicle,0
29,759646.49,2.6,Business Owner,621,1648790.92,12,470618.34,0.793,0,0,0,512588.84,Debt Consolidation,1
43,691214.52,11.5,Self-Employed,724,20000.0,48,114236.35,0.168,1,0,2,110825.7,Personal,0
33,632149.02,6.8,Salaried,682,1119564.45,120,206500.61,0.468,1,0,3,30417.52,Debt Consolidation,1
29,492570.86,4.5,Business Owner,757,1230157.42,24,0.0,0.2,0,1,2,47652.1,Home,0
63,708317.27,19.8,Business Owner,617,693585.91,36,260266.46,0.446,0,0,3,18015.07,Home,0
29,468893.45,3.8,Self-Employed,608,20000.0,240,36315.64,0.081,1,0,0,57768.38,Business,0
25,260682.14,0.0,Contract,687,652021.05,180,144517.73,0.754,1,0,2,6663.61,Business,0
50,560947.48,10.5,Salaried,743,509465.39,180,285658.68,0.582,0,1,2,114787.82,Medical,0
59,443673.39,9.8,Salaried,724,1564887.93,240,293183.03,0.943,0,0,1,185267.05,Education,0
26,759418.91,4.0,Salaried,679,755704.35,120,0.0,0.08,4,0,4,161647.37,Vehicle,0
52,858242.77,15.1,Salaried,671,593844.42,36,344351.02,0.457,2,0,2,57343.88,Personal,0
44,495590.22,12.0,Business Owner,647,506743.77,240,193002.63,0.471,3,0,1,150305.49,Business,0
57,633842.06,15.9,Contract,687,962873.81,60,428092.17,0.797,0,0,2,66392.07,Personal,0
26,1229014.97,4.9,Business Owner,833,828434.1,60,463093.49,0.431,1,0,3,26518.4,Medical,0
63,480809.28,12.1,Salaried,628,405027.54,60,489103.55,1.085,0,1,0,636978.83,Education,1
48,787659.45,10.5,Salaried,617,932010.31,60,0.0,0.095,0,0,4,346355.28,Home,0
58,737380.48,10.6,Salaried,610,521372.53,60,272411.33,0.426,2,0,1,27731.37,Business,0
36,1068221.89,4.9,Business Owner,685,20000.0,120,0.0,0.001,1,1,0,675.35,Home,0
62,796866.71,21.2,Salaried,459,1134011.45,24,434261.09,0.659,1,0,2,55683.7,Personal,1
48,573176.13,14.1,Self-Employed,638,1086592.05,48,459878.77,0.954,0,0,4,80739.06,Personal,0
26,631691.03,4.0,Contract,729,899869.56,84,376049.2,0.709,1,0,1,257184.5,Medical,0
61,890342.49,15.5,Business Owner,603,578766.14,84,123572.15,0.191,2,0,2,76139.05,Medical,0
56,682076.2,11.0,Salaried,667,763969.92,120,297964.46,0.526,2,1,0,8413.31,Medical,0
34,309222.14,5.8,Salaried,840,1209641.32,48,100595.84,0.638,4,0,2,59499.5,Home,0
45,1132772.15,12.9,Business Owner,680,484094.17,240,202478.58,0.213,1,0,1,40049.53,Vehicle,0
38,917608.4,8.0,Self-Employed,448,1229822.91,12,183402.46,0.307,0,0,0,76851.4,Vehicle,1
44,407952.74,4.4,Salaried,523,62576.18,120,0.0,0.012,0,0,2,33803.99,Home,0
63,650818.59,17.1,Contract,627,884081.3,24,54288.98,0.192,0,0,2,215075.84,Debt Consolidation,0
60,660728.58,9.9,Self-Employed,578,812878.73,84,608754.7,1.02,3,0,3,43475.28,Education,1
30,337870.3,6.0,Self-Employed,659,1301342.49,12,184395.5,0.854,1,0,4,45219.89,Home,0
63,259300.93,14.7,Salaried,623,340535.29,36,228840.94,0.988,2,1,3,78764.77,Education,1
40,489351.84,3.9,Salaried,755,395094.93,48,198439.28,0.47,1,0,4,24157.91,Business,0
52,603899.41,14.9,Salaried,552,102752.84,12,126105.68,0.222,2,1,2,25504.81,Business,0
54,338691.67,14.9,Salaried,631,516632.77,36,206499.3,0.732,3,0,4,1092.85,Education,0
42,707244.44,9.1,Self-Employed,670,927708.99,84,126738.27,0.284,2,0,0,292825.63,Education,0
41,950714.08,14.6,Self-Employed,681,20000.0,24,0.0,0.002,2,0,3,52812.6,Personal,0
41,870529.04,9.9,Contract,663,578543.75,84,341520.96,0.445,1,1,1,361451.65,Vehicle,0
58,329328.59,0.0,Unemployed,433,1105395.18,60,490316.53,1.757,1,0,4,70942.82,Medical,1
37,187897.08,8.0,Salaried,657,748560.3,180,0.0,0.319,2,1,3,109837.61,Personal,1
33,814925.59,3.9,Salaried,636,837602.76,84,125687.17,0.236,1,0,0,66539.3,Personal,0
36,681598.04,9.8,Contract,728,46950.41,60,469991.76,0.695,4,0,1,367222.21,Business,0
29,380087.78,0.0,Unemployed,715,749977.2,180,61147.44,0.319,2,0,0,227692.8,Medical,0
38,1135025.7,7.9,Contract,672,814342.77,24,269789.08,0.295,0,1,3,16068.13,Business,0
26,408797.09,0.0,Salaried,678,718135.0,84,978845.73,2.535,4,0,1,390778.23,Education,0
24,90000.0,1.4,Salaried,772,876400.9,36,313808.57,3.0,2,1,3,203195.41,Education,0
52,429636.36,12.2,Salaried,754,645437.27,60,212388.56,0.615,5,0,0,379894.64,Personal,0
24,730511.27,0.0,Contract,675,571981.28,60,358707.88,0.554,0,0,2,335148.9,Vehicle,0
46,681731.48,9.3,Self-Employed,843,280114.57,84,339814.44,0.531,3,0,1,217672.7,Business,0
55,398090.97,14.9,Self-Employed,593,1287230.81,36,80792.68,0.462,0,0,1,47692.1,Education,1
52,338070.65,12.4,Self-Employed,543,186670.83,84,0.0,0.044,0,1,2,3074.22,Personal,0
40,568347.75,3.4,Salaried,649,878973.5,24,306904.43,0.664,1,0,0,198007.23,Debt Consolidation,0
29,312476.33,2.4,Self-Employed,616,1706598.54,24,333894.33,1.505,2,1,1,345878.25,Vehicle,0
61,850158.35,14.6,Salaried,428,1350717.51,12,146448.26,0.299,0,0,3,720237.44,Personal,0
57,605143.28,15.0,Self-Employed,591,1054682.37,60,496135.27,0.959,2,0,1,249065.36,Personal,0
47,671220.53,10.7,Business Owner,681,924871.08,48,460052.47,0.796,0,0,1,286802.26,Home,0
24,569430.9,0.0,Business Owner,645,736114.38,180,339413.22,0.699,0,0,2,203325.53,Education,0
22,668780.68,0.0,Salaried,580,349325.24,48,149848.14,0.266,4,0,1,184976.41,Home,0
34,649652.31,5.4,Contract,654,673084.31,84,0.0,0.083,1,0,4,124643.95,Debt Consolidation,0
27,818489.32,5.3,Business Owner,661,1087437.82,240,168616.15,0.312,1,1,0,127311.98,Business,0
58,756032.36,15.6,Salaried,714,994857.47,84,0.0,0.105,0,0,2,544245.89,Education,0
30,608951.12,7.9,Salaried,592,1194361.25,180,0.0,0.157,0,0,3,283979.11,Vehicle,0
33,377717.35,8.2,Self-Employed,729,1409835.93,60,316488.54,1.136,0,1,1,45971.43,Debt Consolidation,0
63,543404.97,21.3,Salaried,552,720771.41,24,411015.31,0.862,0,0,4,191146.13,Debt Consolidation,0
57,609331.27,18.5,Salaried,605,895925.74,60,0.0,0.118,2,0,4,7722.44,Personal,0
30,1143298.81,8.3,Salaried,803,20000.0,120,153821.8,0.136,0,0,2,150213.83,Medical,0
37,310790.92,2.9,Salaried,558,1928098.89,24,196851.28,1.13,2,0,3,121187.6,Debt Consolidation,1
43,561255.87,10.7,Self-Employed,591,593075.54,60,147367.17,0.347,4,0,1,169811.27,Personal,0
50,711566.77,15.3,Self-Employed,537,1125846.26,60,0.0,0.127,0,0,4,109606.46,Vehicle,0
62,647166.81,20.6,Salaried,576,592736.38,240,439586.65,0.753,3,1,2,154749.58,Business,0
59,1132492.39,12.9,Business Owner,662,581127.32,240,0.0,0.041,0,1,3,15429.17,Debt Consolidation,0
63,648875.52,18.8,Salaried,714,681499.04,84,0.0,0.084,2,1,1,270408.77,Business,0
22,544364.65,0.6,Salaried,648,177440.66,24,0.0,0.026,1,0,2,705784.57,Business,0
31,833657.13,9.5,Salaried,621,20000.0,24,286641.61,0.346,0,0,1,79374.63,Medical,0
45,1124677.92,5.4,Contract,538,1379845.03,84,151903.32,0.233,0,0,1,71773.3,Medical,0
23,607874.59,0.0,Unemployed,585,1072851.28,24,61355.57,0.242,0,1,4,566679.37,Home,0
36,610836.53,0.6,Self-Employed,511,342072.57,120,294976.86,0.528,1,0,1,2817.84,Home,0
27,605621.45,2.8,Salaried,716,1025955.23,240,259873.05,0.565,0,0,4,18496.67,Business,0
62,734679.81,23.2,Salaried,723,1211967.0,24,0.0,0.132,2,1,0,165634.03,Debt Consolidation,0
23,642749.85,0.7,Salaried,646,453489.86,240,293162.14,0.513,3,0,3,25921.45,Business,0
27,406162.97,2.7,Contract,690,1005923.98,12,412621.94,1.214,0,0,4,409579.77,Medical,0
29,858148.45,4.9,Salaried,729,1303401.64,60,177827.28,0.329,1,0,0,250496.9,Debt Consolidation,0
27,319652.28,0.0,Unemployed,659,80823.83,48,157715.33,0.514,0,0,0,78522.87,Personal,0
46,663785.95,11.1,Self-Employed,775,1066705.59,84,540897.46,0.943,0,0,1,76084.33,Home,0
37,330213.66,7.6,Self-Employed,558,982193.58,60,72232.6,0.457,2,0,1,19501.57,Education,0
61,735571.55,13.5,Contract,619,1740225.33,60,170181.09,0.421,1,0,0,45036.85,Debt Consolidation,0
32,159696.92,4.1,Salaried,608,1078517.63,24,259576.39,2.166,0,1,2,184985.03,Debt Consolidation,1
44,523587.66,11.4,Contract,708,594559.53,120,208719.26,0.489,0,1,2,29793.39,Personal,0
50,546225.57,14.4,Salaried,521,652405.51,240,150988.82,0.372,1,0,4,53586.97,Home,1
48,752748.8,14.7,Contract,780,1811696.84,60,216060.35,0.48,1,0,1,161459.77,Education,0
56,1174962.51,15.0,Self-Employed,701,622574.75,180,482410.3,0.453,1,0,3,258121.18,Business,0
29,766976.87,4.3,Salaried,808,1093073.07,24,345378.38,0.564,1,0,2,163804.43,Medical,0
43,1028100.52,11.1,Contract,646,680809.72,120,186550.8,0.234,0,1,3,246841.45,Business,1
56,866303.04,12.2,Salaried,600,1340631.0,36,44490.78,0.175,1,0,4,387447.68,Business,0
58,992263.37,12.9,Salaried,709,1365335.03,120,68419.24,0.179,0,0,2,14040.0,Business,0
48,1145281.84,10.4,Contract,743,788666.12,84,371039.08,0.379,1,0,4,14933.58,Home,0
49,501040.79,7.4,Self-Employed,586,596619.41,12,0.0,0.095,2,1,2,209542.34,Education,1
59,514723.89,16.4,Contract,470,584695.97,48,632574.15,1.32,0,0,1,44030.44,Vehicle,1
48,848202.73,13.9,Self-Employed,486,20000.0,48,194278.76,0.231,1,0,4,113152.11,Medical,0
62,722080.39,14.3,Self-Employed,674,850279.47,180,0.0,0.094,1,1,3,5238.41,Personal,0
26,670088.46,3.3,Salaried,789,840198.13,12,232755.66,0.448,3,0,2,279648.7,Education,0
36,582833.28,4.1,Salaried,533,391934.03,240,55872.92,0.15,0,0,4,317234.78,Business,0
25,112935.32,0.0,Unemployed,625,20000.0,12,124582.35,1.117,0,0,3,415683.72,Vehicle,1
24,1014191.17,7.4,Salaried,619,903142.75,36,0.0,0.071,0,0,4,523134.48,Home,0
41,385034.72,5.0,Self-Employed,823,966311.5,24,157051.5,0.609,2,0,0,236327.97,Business,0
30,798598.06,0.0,Salaried,853,997322.62,240,0.0,0.1,1,0,3,102482.79,Business,0
38,782057.07,7.4,Salaried,688,305030.77,84,92024.1,0.149,1,0,2,393986.43,Debt Consolidation,0
40,262246.68,8.4,Self-Employed,731,998386.54,120,51084.76,0.499,1,0,0,184345.38,Debt Consolidation,0
48,473304.92,12.8,Contract,728,710708.74,120,109582.69,0.352,0,0,1,59751.52,Vehicle,0
62,557327.36,22.4,Contract,535,1232243.95,84,62444.12,0.289,4,0,3,416247.85,Debt Consolidation,0
58,852146.03,12.5,Contract,713,312589.51,36,206113.54,0.271,1,0,0,25854.81,Business,0
37,556241.22,4.7,Salaried,558,1375101.61,24,359840.95,0.845,0,0,2,432312.54,Education,1
35,620602.55,10.4,Self-Employed,635,1554993.19,48,264910.18,0.627,2,0,3,253707.87,Medical,0
54,334588.16,16.0,Salaried,753,858039.35,48,433867.16,1.502,1,0,1,27042.38,Medical,0
26,1346477.93,4.4,Business Owner,657,1001837.01,48,110264.78,0.141,2,0,4,9376.65,Education,0
44,686798.9,7.4,Salaried,749,1191946.29,240,258448.67,0.515,2,0,4,432280.51,Personal,0
39,778750.22,10.6,Self-Employed,767,287148.97,24,265540.63,0.37,4,0,3,69865.12,Education,0
29,488843.63,5.6,Salaried,492,556867.66,84,407297.31,0.924,0,0,3,113347.28,Medical,0
48,517843.17,11.4,Contract,454,892112.26,24,68519.87,0.27,1,0,1,139130.13,Personal,1
35,1120171.16,3.8,Contract,755,1813447.26,84,341989.81,0.435,0,0,4,245449.91,Personal,0
29,144819.6,3.5,Contract,758,201946.85,120,45684.2,0.427,1,0,2,282989.34,Medical,0
49,753661.77,16.1,Salaried,673,1618862.28,12,97414.35,0.301,1,0,0,997747.13,Debt Consolidation,0
28,90000.0,0.0,Unemployed,685,703386.81,60,135441.88,2.13,1,1,1,35098.79,Vehicle,1
50,585749.71,9.2,Salaried,730,782781.51,36,281571.23,0.588,1,0,3,43672.04,Business,0
28,461476.38,0.9,Salaried,729,1409022.18,60,4338.62,0.254,0,0,2,175858.78,Personal,0
40,410505.58,6.4,Salaried,623,1810724.74,60,29422.31,0.425,1,0,2,185524.91,Personal,0
56,713860.43,14.0,Salaried,736,1011422.9,60,83888.56,0.231,0,0,3,29173.29,Education,0
31,90000.0,6.9,Self-Employed,619,1382373.49,84,208719.78,3.0,2,0,1,34915.85,Debt Consolidation,1
54,620127.88,14.6,Salaried,672,339846.18,24,31475.29,0.095,4,0,1,145455.78,Personal,0
52,670427.51,12.6,Salaried,668,535265.85,180,247514.91,0.433,1,0,4,63138.93,Debt Consolidation,0
60,527180.86,16.4,Business Owner,573,123776.18,180,135590.22,0.276,1,0,2,146589.78,Medical,0
28,999304.68,4.7,Contract,583,542205.96,60,318423.03,0.362,1,0,3,42125.93,Education,0
52,694385.41,7.4,Business Owner,851,1082617.4,240,211329.49,0.429,0,0,3,1066534.63,Medical,0
62,663628.94,19.6,Self-Employed,570,906072.73,36,515384.21,0.886,0,0,2,43298.14,Medical,0
54,550945.21,10.7,Salaried,683,1663551.35,24,221806.34,0.644,1,0,2,29450.78,Business,0
29,603608.47,1.9,Contract,702,1827355.52,36,0.0,0.242,3,0,4,140274.08,Debt Consolidation,0
57,1035036.02,15.4,Salaried,645,731747.79,180,161701.88,0.213,0,1,2,122289.25,Home,0
25,1230253.95,1.4,Salaried,710,460157.79,24,203805.22,0.196,0,0,3,269640.49,Business,0
46,861409.8,11.5,Salaried,680,1380017.95,36,36438.67,0.17,2,0,1,151334.62,Medical,0
42,1084998.44,8.8,Business Owner,572,1432111.82,24,473077.77,0.542,0,0,2,534815.73,Debt Consolidation,0
44,1098106.87,8.3,Salaried,698,1020624.07,48,144211.2,0.206,1,0,2,283094.06,Vehicle,0
43,878217.77,13.4,Business Owner,601,1152780.53,36,83959.65,0.201,4,0,0,29874.51,Medical,0
22,995562.72,2.5,Salaried,807,1074576.35,180,232677.4,0.32,2,0,4,28409.37,Education,0
43,864100.28,9.7,Self-Employed,689,305621.66,120,36882.67,0.071,0,0,3,17446.59,Home,0
62,758996.84,18.5,Self-Employed,587,190714.2,180,373942.43,0.513,2,1,0,191098.59,Home,0
40,744585.26,5.5,Salaried,681,774549.05,48,337763.44,0.537,1,0,2,183154.84,Home,0
33,180645.76,11.3,Salaried,567,699542.28,60,223512.41,1.547,3,0,4,26464.53,Personal,1
64,802029.82,13.9,Self-Employed,673,938471.9,180,306479.53,0.476,0,0,2,73505.43,Vehicle,0
25,226063.12,1.9,Self-Employed,630,734387.59,120,110059.29,0.747,3,0,1,403913.58,Vehicle,0
42,256682.71,7.5,Salaried,576,20000.0,240,0.0,0.006,2,0,0,94689.17,Medical,0
43,864219.67,7.8,Business Owner,574,20000.0,240,141390.61,0.165,2,0,2,243459.32,Debt Consolidation,0
42,384480.35,7.0,Salaried,869,1168715.21,12,109727.29,0.529,6,0,4,23288.0,Debt Consolidation,0
61,718221.56,13.7,Salaried,658,468604.77,36,0.0,0.052,1,0,1,451625.14,Medical,0
39,688608.63,10.8,Salaried,611,683937.8,120,9586.54,0.093,0,0,4,116489.76,Vehicle,1
63,771762.4,13.2,Self-Employed,596,521012.68,12,0.0,0.054,1,0,2,131491.74,Vehicle,0
23,379969.65,3.8,Salaried,692,343475.45,12,10316.85,0.099,0,1,3,4216.03,Medical,1
53,1070670.6,14.7,Business Owner,593,330074.08,24,439995.73,0.436,2,0,4,129594.02,Debt Consolidation,0
47,655691.19,9.3,Salaried,551,1309918.19,12,292149.0,0.605,2,0,3,311137.81,Personal,0
31,740268.92,5.6,Contract,647,680424.84,84,373695.05,0.578,1,0,3,386082.14,Vehicle,0
31,330890.1,3.5,Salaried,646,1117382.15,36,291725.9,1.152,1,0,0,35417.93,Education,0
52,648418.11,9.1,Self-Employed,612,1184542.45,240,394941.92,0.755,1,0,3,151070.41,Home,1
49,958323.62,7.9,Contract,570,958282.07,12,204847.1,0.294,0,0,2,187583.33,Vehicle,1
47,920544.41,12.4,Salaried,615,1201021.74,60,472820.93,0.618,2,0,1,36142.46,Business,0
23,406676.83,2.6,Salaried,608,807154.59,84,0.0,0.159,1,0,3,75142.19,Vehicle,0
47,541610.45,11.1,Self-Employed,595,1481907.69,48,187806.98,0.566,0,0,4,11301.62,Business,0
64,131828.32,0.0,Unemployed,675,1211708.2,120,15520.48,0.853,0,0,3,85292.01,Business,0
21,90000.0,0.0,Unemployed,850,1278221.6,180,423506.28,3.0,0,0,4,49431.07,Business,1
41,310233.11,7.0,Salaried,770,330741.16,84,275562.79,0.974,0,0,2,15571.36,Medical,0
42,778456.03,3.2,Business Owner,825,931621.89,84,413605.12,0.627,2,1,4,99050.81,Home,0
60,875284.6,15.8,Salaried,599,20000.0,84,0.0,0.002,1,0,1,72033.21,Personal,1
33,439736.78,6.4,Salaried,801,1500511.47,240,91561.11,0.481,1,0,0,161531.14,Business,0
41,787348.43,8.2,Business Owner,670,488336.59,180,0.0,0.05,2,0,3,212399.58,Debt Consolidation,0
52,637875.4,17.7,Self-Employed,739,557649.0,12,265029.87,0.485,1,0,1,52838.83,Business,0
23,869779.68,0.0,Self-Employed,691,116318.47,120,122935.55,0.152,0,0,0,79693.96,Vehicle,0
56,552102.04,12.0,Contract,619,781864.17,24,336005.64,0.722,1,0,2,243323.8,Medical,1
57,564195.97,14.8,Salaried,715,665873.89,180,205697.85,0.459,3,0,0,16770.15,Business,0
52,631494.72,13.1,Business Owner,694,1711348.83,36,0.0,0.217,3,1,2,149019.2,Business,0
49,399622.62,5.5,Salaried,491,1229617.69,120,0.0,0.246,2,0,2,505958.25,Home,0
53,828296.25,14.6,Salaried,639,542674.44,120,214834.51,0.312,2,1,1,132250.51,Debt Consolidation,0
55,668222.3,14.3,Salaried,729,20000.0,48,283829.96,0.427,1,0,2,37066.88,Personal,0
60,380702.46,0.0,Unemployed,675,20000.0,240,0.0,0.004,3,0,2,93154.97,Debt Consolidation,0
39,972660.29,6.8,Self-Employed,692,286873.36,60,184973.99,0.214,3,0,1,254267.04,Business,0
41,993020.18,5.6,Salaried,582,134391.73,48,16867.68,0.028,3,0,0,8325.46,Personal,0
49,422441.42,9.8,Business Owner,673,974306.71,60,161.46,0.185,1,0,3,58806.95,Personal,0
29,435958.67,0.0,Unemployed,641,727526.49,36,82097.63,0.322,0,0,0,218886.23,Education,1
58,767411.73,16.0,Contract,632,808663.14,12,222233.43,0.374,3,0,4,8758.0,Medical,0
54,583602.25,18.5,Self-Employed,589,325539.05,240,72821.85,0.169,2,0,4,136116.53,Vehicle,0
48,762920.92,11.6,Salaried,732,876016.2,180,0.0,0.092,0,1,0,97317.84,Personal,0
34,207404.19,0.0,Self-Employed,681,89796.76,180,220813.92,1.099,0,0,1,70084.96,Education,0
36,1010660.59,6.9,Contract,672,755850.05,240,136874.55,0.195,1,0,2,228290.05,Education,0
40,785736.02,7.0,Contract,835,1215123.58,84,31108.6,0.163,2,0,2,106538.93,Debt Consolidation,0
50,470700.56,8.3,Contract,693,617283.61,240,144591.04,0.412,4,0,4,270162.79,Debt Consolidation,0
55,555647.44,14.7,Self-Employed,758,1021821.91,240,137386.13,0.394,1,0,0,110964.46,Medical,0
50,261213.38,14.2,Salaried,675,20000.0,36,207922.31,0.802,0,0,4,91304.15,Medical,0
61,641510.69,14.0,Self-Employed,618,20000.0,48,155379.82,0.245,0,0,3,79069.46,Home,0
63,605317.01,11.9,Salaried,555,963629.37,12,229773.67,0.507,1,0,2,7314.47,Business,0
52,361722.4,6.4,Salaried,672,1323509.52,120,191250.72,0.821,2,0,1,141271.7,Debt Consolidation,0
37,842175.56,4.4,Self-Employed,410,680883.01,12,347544.94,0.477,1,0,3,165024.88,Debt Consolidation,1
47,1147199.3,9.9,Business Owner,675,1872604.21,120,485252.87,0.554,1,0,0,443609.74,Home,0
39,647159.88,5.7,Contract,678,78300.99,180,197275.82,0.315,1,1,0,68370.42,Medical,1
48,604588.28,8.8,Contract,630,460008.1,48,88109.64,0.207,2,0,4,26249.5,Personal,0
56,813746.15,15.7,Contract,642,870045.85,84,0.0,0.086,1,0,4,573687.61,Home,0
37,793090.26,7.8,Business Owner,537,1032187.42,240,316342.7,0.503,1,0,2,267619.14,Business,0
43,545455.2,9.4,Business Owner,775,508048.65,120,37551.0,0.143,1,0,4,5293.93,Medical,0
23,442830.5,3.2,Salaried,620,270367.5,48,622558.42,1.455,1,0,1,68911.19,Education,0
53,621891.0,10.8,Self-Employed,563,1110131.43,240,700251.2,1.269,2,0,1,107419.88,Personal,1
42,725046.65,5.1,Salaried,699,866620.33,12,161654.73,0.319,2,1,0,180996.59,Vehicle,0
41,662334.18,6.4,Salaried,660,627689.49,36,0.0,0.076,0,1,1,218714.67,Education,1
44,721592.34,7.4,Salaried,618,1049407.28,36,317681.12,0.557,0,0,1,226476.05,Vehicle,0
30,245793.0,0.0,Contract,608,731826.08,48,577782.11,2.589,1,0,0,51589.79,Medical,1
47,994304.44,8.8,Business Owner,649,730128.91,120,0.0,0.059,2,0,4,552289.31,Home,1
53,346853.97,0.0,Unemployed,771,711711.53,180,541649.4,1.726,1,0,2,113690.64,Medical,1
36,933177.26,0.0,Unemployed,692,389471.12,12,0.0,0.033,2,0,4,73648.81,Personal,0
26,518091.41,3.6,Contract,647,338628.26,36,0.0,0.052,1,0,1,75583.25,Personal,0
38,731864.62,7.2,Salaried,727,537148.84,180,255613.45,0.408,2,0,4,28690.65,Education,0
29,1331304.79,7.5,Contract,652,816035.49,60,383007.56,0.337,1,0,2,105648.0,Education,0
37,696522.91,3.2,Contract,686,20000.0,36,188040.91,0.272,1,0,1,45641.24,Personal,0
48,664092.37,7.9,Contract,664,1272372.35,48,280895.5,0.576,0,1,2,234592.22,Medical,1
25,365269.53,5.0,Salaried,703,809220.63,84,398794.3,1.269,1,0,1,37887.01,Medical,0
53,1078066.59,12.9,Salaried,610,267455.21,84,419633.43,0.409,0,0,4,374211.09,Home,0
30,90000.0,0.0,Unemployed,547,1608297.59,180,87986.03,2.407,2,0,1,81830.2,Personal,1
60,823780.23,17.3,Salaried,732,820896.16,240,44578.06,0.134,4,0,4,96038.68,Education,0
53,577611.17,11.5,Salaried,785,132425.59,180,389643.68,0.693,4,0,3,138692.02,Personal,0
32,585665.93,1.9,Self-Employed,552,1585860.46,12,281758.47,0.698,1,1,2,30512.91,Business,1
45,316016.93,7.0,Salaried,666,1477434.08,48,305971.96,1.342,1,0,2,269703.56,Debt Consolidation,0
25,947781.81,2.6,Salaried,610,345609.5,60,80986.93,0.115,3,0,3,130125.21,Personal,0
25,192550.67,0.0,Unemployed,730,638509.94,84,314850.18,1.9,0,0,0,949.2,Personal,0
63,422227.59,21.4,Contract,672,571206.54,240,2992.51,0.115,0,0,2,52759.23,Medical,0
56,1018172.65,13.1,Contract,900,20000.0,60,244503.46,0.242,4,0,3,7524.7,Home,0
27,491965.8,1.5,Salaried,623,962343.75,48,220118.75,0.604,1,0,3,19974.07,Vehicle,1
33,719651.82,9.1,Salaried,788,1222572.7,240,221362.18,0.444,0,0,4,18720.24,Vehicle,0
29,834354.1,6.2,Salaried,797,1128444.41,120,340615.57,0.516,2,0,3,21207.31,Personal,0
38,769508.58,7.2,Self-Employed,698,816376.9,60,16363.35,0.106,2,1,2,33760.56,Education,0
33,90000.0,0.1,Salaried,653,1271079.53,240,321846.7,3.0,1,0,4,88366.75,Home,1
35,815839.18,3.2,Contract,659,232327.08,36,203717.17,0.272,2,0,0,81401.22,Vehicle,0
44,293846.56,0.0,Unemployed,651,1709140.8,36,57520.67,0.661,1,0,0,181471.23,Home,0
29,541742.83,3.3,Self-Employed,752,413958.95,12,0.0,0.061,3,0,0,16770.77,Medical,0
59,686731.26,13.7,Salaried,571,469496.18,12,539961.61,0.841,1,0,3,51088.59,Debt Consolidation,1
53,293491.8,17.6,Salaried,636,512392.12,180,187498.91,0.779,1,0,1,724979.44,Medical,0
54,747042.73,8.5,Salaried,625,475926.64,12,136105.84,0.233,0,0,1,194426.84,Vehicle,0
28,279902.16,0.0,Salaried,495,703637.97,120,0.0,0.201,1,0,0,124650.56,Medical,0
52,621540.07,13.1,Self-Employed,727,684277.59,12,395957.74,0.725,3,0,3,67568.67,Business,0
57,747066.11,16.0,Salaried,746,864819.99,36,381995.21,0.604,2,0,2,66519.8,Debt Consolidation,0
28,889509.27,0.0,Self-Employed,593,390651.43,48,347330.03,0.426,0,1,4,503489.34,Personal,1
54,494096.71,8.0,Contract,743,883302.18,24,189014.03,0.526,3,0,3,157757.05,Vehicle,0
36,1007896.84,5.2,Salaried,507,254786.35,24,335226.43,0.353,1,1,2,306004.25,Home,1
55,938713.31,17.7,Salaried,652,1166237.36,240,51712.02,0.154,4,0,0,227352.25,Personal,0
42,555647.56,14.1,Salaried,639,1160035.04,48,239170.62,0.597,3,0,4,28854.1,Home,0
56,427812.68,12.8,Salaried,658,797106.54,48,190221.72,0.594,0,0,1,13976.73,Vehicle,0
27,257045.95,1.9,Self-Employed,657,475151.44,120,248068.47,1.113,1,0,4,82.62,Home,0
38,718938.46,4.3,Contract,643,955566.66,240,0.0,0.106,3,1,0,190598.15,Vehicle,0
33,451678.96,6.7,Contract,615,356176.42,36,536543.9,1.251,1,0,3,43534.65,Personal,0
31,929839.2,8.6,Self-Employed,640,817270.12,60,491335.6,0.599,1,0,3,32133.45,Vehicle,0
34,469119.04,9.0,Salaried,773,724092.36,60,0.0,0.123,2,0,0,52947.74,Vehicle,0
37,422832.25,6.3,Salaried,598,2114954.22,36,303925.1,1.119,4,0,3,212638.36,Business,1
26,673406.59,0.0,Salaried,853,186473.74,24,0.0,0.022,0,0,0,177520.48,Debt Consolidation,0
52,521488.29,12.4,Salaried,593,20000.0,240,215095.5,0.416,3,0,2,358737.69,Education,0
45,674137.5,13.7,Contract,672,481209.78,120,0.0,0.057,2,0,4,147211.16,Home,0
57,954497.33,13.2,Self-Employed,701,20000.0,120,147410.41,0.156,2,0,1,131103.96,Home,0
52,722307.33,7.0,Salaried,624,436652.57,36,112203.39,0.204,1,1,3,146474.06,Vehicle,1
27,648241.12,1.3,Salaried,774,151197.93,84,408213.51,0.648,1,0,0,50645.66,Personal,0
24,660286.68,0.4,Salaried,699,347749.67,24,500325.9,0.8,2,1,2,204449.01,Home,0
39,230725.25,1.7,Contract,632,267545.17,24,504377.81,2.279,2,0,2,227684.0,Personal,0
42,760959.44,9.1,Salaried,773,1281475.74,240,408486.58,0.672,0,0,0,68678.8,Medical,0
31,669982.89,5.5,Salaried,559,775735.26,36,214835.17,0.413,2,0,4,66954.1,Personal,0
55,925224.33,19.2,Salaried,599,1337726.4,120,269893.56,0.407,2,0,0,371607.54,Home,0
46,826452.7,6.0,Contract,701,820240.74,36,269018.71,0.405,1,0,0,148641.32,Personal,0
53,645512.84,15.0,Self-Employed,722,1264294.96,84,0.0,0.157,2,0,3,70203.49,Medical,0
25,870098.22,4.5,Self-Employed,679,648927.45,84,406266.68,0.527,0,0,4,196241.47,Personal,0
56,631842.33,15.6,Salaried,639,1597276.02,120,324210.37,0.715,2,0,1,83796.56,Business,0
30,688789.28,0.6,Salaried,627,1035484.09,240,332570.46,0.603,0,0,3,465366.39,Debt Consolidation,0
40,579212.64,4.4,Contract,752,410089.44,48,0.0,0.057,3,0,1,46626.44,Debt Consolidation,0
40,772439.45,7.9,Salaried,672,1109574.8,180,281494.82,0.479,2,0,3,25086.9,Education,1
57,613877.55,14.7,Salaried,571,813549.2,36,381015.42,0.727,0,0,4,193930.43,Education,0
33,1047887.9,3.1,Self-Employed,566,698746.16,240,197256.21,0.242,0,0,2,100624.17,Education,0
31,1134340.68,7.9,Salaried,786,848010.64,60,109866.54,0.157,4,1,1,222418.83,Medical,0
35,860484.56,4.4,Salaried,585,1175624.87,180,0.0,0.109,2,1,1,325324.37,Medical,0
36,1030324.16,0.3,Contract,675,20000.0,180,0.0,0.002,0,0,2,65432.3,Vehicle,0
28,236196.38,2.1,Self-Employed,772,624529.78,84,227779.88,1.176,1,0,0,19268.92,Education,0
28,265655.56,4.2,Salaried,699,1141335.36,240,157744.35,0.937,2,1,0,108561.4,Vehicle,0
31,549609.86,5.0,Salaried,582,924113.63,120,155220.5,0.417,0,0,3,33176.82,Education,0
41,820307.74,9.0,Business Owner,559,236809.51,84,475206.32,0.602,2,0,2,100874.72,Business,0
36,595448.15,10.5,Salaried,818,20000.0,36,0.0,0.003,1,1,2,292269.9,Personal,0
38,240466.19,3.5,Salaried,556,1650463.33,48,137773.65,1.122,3,1,3,82620.42,Debt Consolidation,1
52,980897.93,11.1,Self-Employed,600,706458.98,12,504939.65,0.572,5,0,2,59915.35,Debt Consolidation,0
31,1168549.56,8.6,Self-Employed,684,1557024.75,120,143823.4,0.23,4,1,1,45993.18,Education,0
61,690246.92,0.0,Unemployed,630,1197481.37,84,211931.79,0.446,1,0,0,113332.53,Home,1
54,970380.82,13.0,Salaried,702,403193.22,120,168483.29,0.207,1,1,2,82677.86,Medical,0
28,677529.9,6.5,Salaried,518,20000.0,84,327041.22,0.485,2,0,2,10225.03,Home,0
34,428250.66,8.8,Self-Employed,631,568925.29,36,0.0,0.106,3,0,2,3211.42,Business,0
29,642132.01,5.2,Self-Employed,711,781378.82,240,163396.15,0.352,0,0,0,451588.68,Medical,0
33,1162397.01,6.9,Salaried,711,1025330.01,48,209800.04,0.251,2,0,4,211328.72,Vehicle,0
37,560002.97,3.3,Self-Employed,598,244560.7,120,20323.38,0.071,3,0,4,91058.64,Personal,0
26,501260.69,6.1,Salaried,558,889003.29,24,261846.51,0.664,0,0,1,31175.2,Education,1
21,876825.91,0.0,Contract,669,888820.95,84,341548.14,0.471,2,0,0,56963.07,Education,0
40,950421.51,4.2,Contract,532,1292976.58,48,281348.76,0.405,1,1,4,62984.52,Business,1
51,478024.55,13.2,Salaried,766,646596.49,240,520270.14,1.197,1,0,3,127839.76,Vehicle,0
34,223628.85,0.0,Unemployed,664,1021379.7,120,121995.25,0.911,1,1,2,297756.18,Personal,1
58,235523.63,0.0,Unemployed,587,944218.47,240,289743.75,1.551,0,0,0,20124.4,Business,1
37,665422.34,7.7,Salaried,555,1237793.34,36,285687.92,0.578,2,0,0,321382.86,Education,1
60,992921.67,20.9,Salaried,593,390044.79,84,157589.09,0.19,1,1,1,275728.16,Personal,0
31,428993.12,5.3,Self-Employed,509,20000.0,84,404011.81,0.945,0,0,0,401700.86,Home,1
44,941416.2,7.3,Salaried,695,681568.49,36,251882.6,0.325,0,0,0,34897.76,Home,0
54,724412.81,15.2,Salaried,578,684516.9,36,0.0,0.076,1,0,4,262585.02,Debt Consolidation,0
23,1187548.03,0.0,Salaried,686,221240.57,120,335107.21,0.297,4,0,3,54987.74,Business,0
61,449707.72,0.0,Unemployed,698,45969.65,24,110112.67,0.253,1,0,0,612215.89,Personal,0
37,623770.36,6.6,Salaried,737,512649.52,48,141904.84,0.293,1,0,3,29055.6,Vehicle,0
42,956678.68,9.6,Business Owner,673,742561.38,120,155235.66,0.224,0,0,3,103179.51,Personal,0
48,596713.44,5.5,Salaried,751,847713.94,180,332352.44,0.671,1,1,0,78218.5,Personal,0
49,235181.72,4.4,Salaried,775,20000.0,84,394217.46,1.683,0,0,4,34308.58,Home,1
22,542869.71,0.0,Contract,673,20000.0,120,171292.28,0.318,1,0,0,38573.43,Education,0
59,649926.6,20.4,Salaried,679,1364777.76,180,160968.73,0.416,0,0,4,28541.64,Home,0
48,282920.63,7.4,Salaried,600,705195.93,36,0.0,0.199,0,0,1,15260.46,Medical,1
64,710741.2,19.4,Salaried,561,798783.18,120,72231.23,0.192,3,0,2,38578.28,Vehicle,0
41,293222.44,6.1,Business Owner,765,133371.69,120,29582.23,0.137,4,0,2,90587.21,Medical,0
47,591078.29,9.7,Salaried,705,797798.17,180,256014.85,0.541,1,0,1,34439.02,Education,0
40,717899.0,7.5,Salaried,712,612164.51,84,180727.67,0.32,3,0,4,75686.83,Vehicle,0
60,741249.04,20.5,Salaried,597,490733.92,24,36409.48,0.102,1,1,0,76082.84,Home,0
57,605232.63,16.2,Salaried,796,69082.91,12,227486.59,0.385,1,0,3,151129.96,Vehicle,0
60,695617.4,16.8,Salaried,629,365756.43,84,187821.97,0.312,0,0,1,40340.67,Education,0
43,469983.89,12.7,Self-Employed,578,1786008.73,36,0.0,0.304,2,0,4,199734.58,Debt Consolidation,0
55,704704.13,11.7,Salaried,598,625264.71,48,399425.7,0.638,0,0,2,72123.62,Medical,0
36,659521.6,9.2,Salaried,791,1194809.81,60,381960.33,0.724,3,0,4,210469.32,Personal,0
41,434937.51,10.7,Self-Employed,550,701801.1,120,157174.45,0.49,0,0,2,42100.54,Education,0
54,915924.8,15.9,Business Owner,582,643941.99,48,263467.55,0.344,1,0,3,69928.35,Vehicle,0
24,674363.16,0.7,Salaried,900,481998.68,84,141451.08,0.267,0,0,3,97212.83,Debt Consolidation,0
52,651447.52,11.1,Salaried,735,1472816.0,60,0.0,0.181,2,0,1,50831.12,Education,0
21,1205261.76,0.0,Salaried,584,986535.95,12,589470.29,0.555,1,0,3,79956.7,Debt Consolidation,0
46,289824.4,0.0,Unemployed,553,405195.45,120,334957.74,1.268,1,0,1,102165.36,Debt Consolidation,0
41,590191.44,5.2,Salaried,499,602944.99,60,369308.53,0.707,1,0,0,59035.54,Vehicle,1
41,554401.72,9.1,Salaried,659,1337953.51,24,148782.0,0.461,0,0,3,86804.34,Education,0
42,420265.19,7.7,Salaried,716,20000.0,120,402675.82,0.962,2,0,1,478241.4,Business,0
42,834474.34,9.7,Salaried,787,955251.11,12,0.0,0.092,1,0,3,150702.25,Debt Consolidation,1
38,479438.26,8.3,Salaried,480,1068800.74,36,155812.32,0.503,1,1,3,26247.52,Education,0
40,515012.96,4.4,Salaried,531,425126.79,36,333166.26,0.713,2,0,3,67347.75,Debt Consolidation,0
45,537439.61,6.3,Self-Employed,639,877297.15,84,87174.71,0.293,1,0,4,23382.14,Personal,0
54,452764.12,12.5,Self-Employed,900,1051154.93,240,363928.21,0.99,2,0,3,175391.64,Business,0
45,384229.17,7.3,Business Owner,730,184426.75,180,254675.45,0.701,3,0,4,148395.13,Personal,0
49,568265.03,8.6,Contract,684,1220967.6,24,237731.13,0.59,1,0,4,436193.08,Medical,0
57,926333.83,19.5,Salaried,540,948670.06,12,70387.95,0.158,2,0,4,948874.9,Debt Consolidation,0
64,778244.95,12.6,Contract,459,723513.16,180,272787.74,0.425,0,0,0,127708.97,Education,1
25,1152143.82,7.7,Business Owner,653,852464.19,84,547858.27,0.535,2,0,3,26234.38,Vehicle,0
52,880739.08,13.3,Contract,641,1153596.2,48,231551.55,0.368,0,0,4,133578.56,Personal,1
30,907991.2,6.6,Business Owner,626,1958058.23,180,300073.79,0.503,1,0,4,36877.17,Education,1
29,1094662.26,5.8,Salaried,616,1104973.2,24,326634.02,0.379,4,0,1,487006.55,Home,0
55,677713.6,15.5,Salaried,583,1205291.24,24,0.0,0.142,0,0,4,445125.38,Medical,0
24,624768.92,6.2,Salaried,562,896763.42,60,176136.41,0.397,3,0,4,245962.66,Business,0
58,708133.89,11.6,Salaried,775,1750825.65,36,170655.83,0.439,1,0,3,577766.53,Medical,0
54,1084946.68,12.7,Self-Employed,570,67003.26,36,0.0,0.005,2,0,1,55646.43,Medical,0
64,729628.83,14.6,Salaried,625,20000.0,84,342015.03,0.471,0,0,3,250014.18,Vehicle,0
50,524930.66,6.5,Salaried,646,876516.36,36,32271.75,0.195,0,1,0,75839.88,Debt Consolidation,0
59,510918.88,0.0,Unemployed,714,1130071.09,84,322333.96,0.808,1,1,1,218452.11,Business,1
26,560935.05,7.6,Business Owner,573,20000.0,84,63555.06,0.116,1,0,2,7978.05,Personal,0
60,850367.88,15.1,Self-Employed,738,798282.19,180,567580.37,0.743,2,0,4,251990.51,Medical,0
28,724460.23,8.8,Salaried,598,709755.12,240,149859.77,0.285,0,1,2,94909.09,Business,1
34,591649.33,11.5,Self-Employed,635,1172079.09,84,545808.99,1.081,2,1,3,28793.47,Education,0
26,756452.89,11.0,Contract,798,1014367.77,36,168912.16,0.331,0,0,2,55698.57,Personal,0
38,429052.52,12.5,Business Owner,563,20000.0,84,190375.43,0.447,1,0,4,3399.45,Education,1
53,736740.53,19.9,Self-Employed,715,259971.38,60,481986.31,0.682,1,0,4,302678.13,Vehicle,0
32,517308.65,5.4,Self-Employed,740,396605.16,60,34837.84,0.129,3,0,1,137858.57,Medical,0
57,1423565.89,15.1,Salaried,678,1169472.57,48,208992.3,0.213,0,0,2,8768.84,Business,0
47,866956.27,11.3,Business Owner,639,987323.12,12,297116.62,0.434,0,0,1,53806.11,Medical,0
48,181901.99,0.0,Unemployed,841,489637.66,36,272682.02,1.714,2,0,3,42527.69,Debt Consolidation,0
62,378424.57,16.8,Salaried,649,872273.62,84,207744.11,0.733,5,1,0,127238.72,Home,0
40,983351.55,9.9,Salaried,668,270996.71,12,183021.41,0.208,2,1,1,35109.15,Education,0
36,557491.82,4.6,Salaried,620,1824819.35,24,352359.65,0.894,2,0,4,41671.87,Education,1
64,531161.98,13.1,Salaried,664,1087178.7,84,231821.6,0.6,1,1,3,13550.87,Business,1
45,406074.8,0.0,Unemployed,737,1193088.49,240,373948.14,1.156,1,0,4,33661.36,Home,0
48,993429.71,8.7,Business Owner,625,1488405.52,24,270541.05,0.392,2,0,3,73832.71,Education,0
34,797488.23,3.4,Salaried,460,1308121.6,12,317036.91,0.529,1,0,3,49979.7,Debt Consolidation,1
30,631937.61,3.2,Salaried,696,815763.16,48,404041.36,0.743,0,0,2,49459.5,Vehicle,0
28,660797.53,1.7,Salaried,553,707517.52,12,144185.26,0.304,1,0,2,30974.98,Personal,0
30,685009.27,6.9,Salaried,717,1444142.21,240,399160.89,0.751,1,1,2,230.25,Debt Consolidation,0
29,708099.07,2.7,Self-Employed,650,813267.64,180,171773.35,0.334,3,0,0,103327.55,Personal,0
53,802221.3,16.3,Contract,735,425491.11,24,0.0,0.042,1,1,1,70046.96,Education,0
23,1029613.19,1.4,Business Owner,565,1783316.24,12,140744.46,0.275,4,0,4,19167.63,Education,1
48,695103.72,10.5,Salaried,602,332036.06,60,69913.57,0.139,0,0,3,111949.03,Vehicle,0
62,668799.18,16.9,Business Owner,619,20000.0,48,267560.23,0.402,1,0,1,74563.34,Personal,1
54,812927.07,9.3,Business Owner,517,1296388.18,120,148559.94,0.31,0,0,0,56908.96,Medical,0
38,839445.2,7.8,Salaried,750,434376.8,240,223016.97,0.307,1,1,1,645916.35,Debt Consolidation,0
23,159368.01,3.3,Self-Employed,504,1017548.34,48,382559.32,2.911,0,0,3,180990.92,Personal,1
57,262811.95,17.4,Self-Employed,749,1708605.42,180,467439.31,2.299,0,0,4,1879.16,Debt Consolidation,0
21,829569.03,0.0,Contract,688,112576.77,36,252686.24,0.315,1,1,1,11865.68,Home,0
50,1067030.7,7.0,Salaried,632,779542.31,36,395416.98,0.429,1,0,1,52245.76,Personal,0
50,370699.99,10.0,Salaried,681,1541704.61,240,168113.99,0.786,1,0,2,42820.25,Vehicle,0
29,649114.82,7.4,Self-Employed,679,1140943.21,36,0.0,0.141,1,0,0,160270.48,Debt Consolidation,0
53,596113.72,13.5,Salaried,614,710089.56,24,0.0,0.095,2,0,2,51603.84,Debt Consolidation,0
28,555792.47,0.5,Salaried,677,1994689.77,84,164772.4,0.584,0,0,2,71934.77,Vehicle,1
30,703382.75,0.0,Contract,716,752341.28,84,343206.94,0.574,1,0,1,263338.65,Debt Consolidation,0
56,381782.44,11.9,Salaried,565,998437.26,60,165283.19,0.642,1,0,2,67082.73,Medical,0
64,452195.62,14.9,Self-Employed,681,1624677.25,12,413458.39,1.202,1,0,2,12656.31,Personal,0
32,207687.21,0.0,Unemployed,414,1290431.79,24,529696.68,3.0,0,0,4,8870.89,Vehicle,1
61,683656.1,19.0,Self-Employed,476,1460859.8,120,40110.54,0.23,2,1,3,201919.39,Home,1
61,438511.22,12.9,Self-Employed,701,350230.25,24,582474.93,1.392,1,0,4,77949.91,Medical,0
54,896411.92,15.5,Self-Employed,612,1414087.39,36,0.0,0.126,1,0,2,27853.3,Vehicle,0
27,513609.76,4.4,Salaried,573,884796.05,180,532790.18,1.175,0,0,1,93493.22,Medical,0
34,533545.6,1.7,Salaried,645,427110.54,48,193965.65,0.428,1,0,0,162231.09,Vehicle,0
50,907664.7,11.3,Business Owner,614,910972.12,48,158088.12,0.254,2,0,1,42984.18,Home,0
64,696772.93,18.2,Salaried,561,895123.14,240,198556.52,0.388,2,1,1,156792.41,Debt Consolidation,1
56,914369.2,14.5,Salaried,502,1734044.25,180,56005.49,0.213,0,0,2,194427.81,Debt Consolidation,0
39,420644.37,2.1,Salaried,473,990647.85,120,470279.99,1.306,0,0,2,113505.67,Vehicle,1
31,280653.35,4.4,Contract,716,409597.6,24,75439.33,0.386,1,0,2,442628.13,Education,0
63,648553.11,18.7,Salaried,612,294286.19,36,98387.93,0.188,2,0,1,204166.93,Medical,0
33,801059.04,9.5,Business Owner,737,776301.27,84,0.0,0.078,3,0,4,62670.85,Business,0
36,334811.01,4.0,Salaried,611,126817.13,180,68480.58,0.235,3,0,3,37432.95,Personal,0
63,379061.61,15.2,Self-Employed,682,442322.04,60,73955.9,0.288,0,1,0,55261.09,Debt Consolidation,1
45,717574.45,9.0,Salaried,639,677904.32,120,61874.64,0.162,1,0,2,20282.2,Personal,0
32,443554.86,5.3,Salaried,654,589057.32,36,168373.06,0.486,1,0,0,18655.01,Vehicle,1
21,236872.07,0.3,Self-Employed,658,1163453.8,48,0.0,0.393,1,1,3,90365.2,Medical,0
39,1045335.32,9.0,Business Owner,610,431086.19,84,487013.54,0.499,2,0,1,241751.49,Debt Consolidation,0
64,571051.33,13.8,Salaried,539,20000.0,84,172495.89,0.305,1,0,2,70750.49,Medical,0
40,944452.9,8.8,Salaried,719,20000.0,24,267326.15,0.285,4,0,0,26212.65,Business,0
51,697117.7,9.8,Salaried,793,791090.93,48,355122.43,0.6,1,0,4,27860.04,Debt Consolidation,0
32,706689.72,4.0,Salaried,799,506598.36,180,564488.74,0.856,1,0,0,304294.56,Business,0
55,649125.06,18.7,Self-Employed,600,181664.13,60,363778.93,0.583,1,1,3,43539.3,Debt Consolidation,1
55,90000.0,9.4,Salaried,584,1779225.66,120,155390.42,3.0,0,0,2,4419.32,Home,1
47,393803.38,9.6,Self-Employed,600,1214375.06,180,6907.4,0.264,3,0,0,42947.81,Education,0
54,667572.64,9.4,Salaried,634,770786.42,36,260857.03,0.483,1,0,4,117423.7,Personal,0
46,766182.28,10.5,Self-Employed,645,916648.62,36,391213.39,0.606,2,0,2,18203.23,Business,1
37,200581.49,9.5,Salaried,560,667429.49,84,225547.72,1.391,0,0,4,13471.79,Personal,0
53,682599.57,13.3,Self-Employed,517,173092.38,60,211738.9,0.33,2,0,2,92258.48,Business,1
57,427433.98,14.0,Salaried,654,1315360.14,240,238427.23,0.804,2,0,0,346424.04,Debt Consolidation,0
58,769655.04,18.8,Contract,332,1225665.04,24,0.0,0.127,0,0,1,70972.29,Vehicle,1
30,622149.8,4.6,Self-Employed,641,20000.0,48,226364.34,0.366,1,0,0,36843.48,Personal,0
50,872875.4,14.1,Contract,565,913216.25,12,331809.5,0.464,0,0,2,327243.57,Business,0
21,866705.73,2.1,Salaried,720,968416.11,48,191777.05,0.311,2,0,3,150536.53,Vehicle,0
46,789747.47,1.4,Salaried,744,639134.39,84,402231.76,0.574,1,1,2,277966.94,Home,0
46,890098.4,9.8,Salaried,746,1848632.67,180,408239.5,0.625,2,0,1,52565.55,Vehicle,0
36,557414.38,2.8,Salaried,619,1794372.33,180,109298.25,0.454,1,0,1,343076.09,Business,1
64,1584779.35,14.7,Business Owner,548,611246.02,12,279522.08,0.207,2,0,2,49261.68,Debt Consolidation,0
59,409295.23,19.6,Contract,577,688590.39,180,207696.15,0.642,0,0,1,44050.58,Education,0
22,471061.06,0.0,Self-Employed,676,629864.78,120,0.0,0.107,0,0,3,16332.07,Medical,1
30,852339.65,9.3,Self-Employed,502,494333.81,24,166306.4,0.242,0,0,1,524087.81,Medical,1
30,815180.33,0.0,Salaried,775,339619.74,24,14437.84,0.051,0,0,4,174953.16,Personal,0
60,838847.25,12.3,Salaried,620,1053428.56,120,224118.11,0.368,1,1,1,46968.24,Debt Consolidation,0
43,834829.66,11.1,Contract,695,1780720.72,120,322895.1,0.557,2,0,0,150761.55,Business,0
53,175110.71,11.8,Salaried,490,1575040.94,24,160828.7,1.638,0,0,4,231868.79,Home,1
56,1102324.67,14.9,Salaried,567,1194588.5,48,37993.76,0.121,0,0,0,97993.84,Education,0
54,298027.26,0.0,Unemployed,478,20000.0,180,242113.93,0.818,2,0,0,27018.92,Home,1
24,570473.55,0.0,Unemployed,742,20000.0,12,639866.98,1.124,0,1,1,17628.45,Business,0
27,109618.36,1.5,Self-Employed,636,1332081.65,60,0.0,0.972,2,1,0,481369.64,Personal,0
38,715142.13,7.3,Salaried,701,1609686.72,180,241904.92,0.518,1,0,2,6247.44,Medical,0
35,501124.43,7.5,Contract,656,1076867.31,12,102118.8,0.376,2,0,4,45339.84,Education,0
53,839030.04,17.6,Salaried,692,647209.84,60,123305.22,0.209,0,0,0,78427.34,Education,0
27,697267.61,1.8,Salaried,620,1476150.5,84,181155.77,0.429,1,1,2,25912.14,Education,0
37,739511.95,5.2,Salaried,632,1176796.89,36,138069.81,0.314,3,0,1,168912.76,Home,0
31,365264.58,2.4,Contract,642,1368722.64,60,308324.7,1.144,1,0,3,9210.56,Vehicle,0
29,609757.72,7.6,Contract,687,20000.0,120,156477.76,0.259,3,0,1,108070.47,Personal,0
28,725958.24,4.9,Business Owner,689,971669.96,36,0.0,0.107,2,0,1,145788.08,Business,0
29,747827.51,0.0,Salaried,900,1687285.57,60,430340.48,0.756,2,0,0,10143.34,Business,0
45,919324.25,3.8,Self-Employed,801,1063724.22,60,403270.13,0.531,1,0,0,156257.79,Vehicle,0
39,691618.98,4.7,Salaried,490,1274122.37,12,90783.62,0.279,0,0,4,106565.38,Vehicle,0
40,337956.93,8.3,Contract,637,818186.46,24,208958.95,0.812,2,0,2,9666.66,Home,0
42,689894.7,8.3,Salaried,613,853037.56,84,419166.03,0.706,2,0,4,386898.1,Debt Consolidation,0
53,1348769.06,14.3,Salaried,765,1501263.77,60,385969.49,0.375,0,1,4,96925.0,Education,0
58,1272501.33,14.3,Business Owner,622,465105.83,240,444326.46,0.378,2,0,2,530382.39,Personal,0
44,90000.0,13.4,Self-Employed,692,416180.44,180,267405.95,3.0,1,0,2,13067.47,Medical,1
49,699835.79,13.5,Contract,440,560892.99,24,338516.04,0.548,2,0,4,163765.6,Business,1
53,929029.88,13.0,Salaried,514,811723.2,240,453578.29,0.558,1,0,3,197280.53,Home,0
51,644418.25,15.4,Contract,838,20000.0,180,138208.57,0.217,2,0,1,147768.97,Home,0
26,499977.27,0.0,Salaried,655,1165529.47,48,279311.9,0.745,5,1,4,189661.81,Debt Consolidation,0
64,662258.95,16.9,Salaried,560,717876.56,84,0.0,0.087,1,0,4,127993.35,Personal,0
28,759047.37,3.2,Self-Employed,672,1226844.63,36,0.0,0.129,2,0,0,75420.83,Education,0
39,366882.51,9.0,Salaried,555,20000.0,12,289997.02,0.795,2,0,3,26415.74,Debt Consolidation,0
49,981172.16,6.1,Self-Employed,624,1228761.51,36,317479.32,0.424,1,0,0,18151.13,Medical,0
38,637001.75,6.0,Salaried,519,1468447.47,120,130288.76,0.389,3,0,1,268841.26,Personal,1
31,396243.93,5.2,Salaried,579,1019273.92,84,90845.67,0.435,3,0,3,39079.36,Education,0
61,1151087.54,17.4,Business Owner,613,815009.49,48,135997.81,0.175,1,0,3,46759.8,Business,0
24,222717.27,4.8,Salaried,751,1232601.65,60,234536.5,1.496,3,0,1,1038.45,Business,1
31,641197.48,6.3,Business Owner,692,1435714.13,180,0.0,0.179,1,0,2,224142.38,Medical,0
64,736081.23,17.0,Business Owner,707,1061463.28,120,283811.38,0.501,1,0,0,70194.23,Business,0
53,1231985.48,14.8,Salaried,648,1098820.59,84,205833.48,0.238,0,0,2,158324.71,Vehicle,0
24,587744.81,0.6,Business Owner,724,1628470.94,60,244537.26,0.638,0,0,1,9698.33,Business,0
54,160258.69,13.6,Salaried,571,1180578.49,12,177728.7,1.698,2,0,4,176316.51,Business,1
63,580546.22,19.2,Salaried,584,399870.43,48,0.0,0.055,1,0,3,135421.69,Home,0
25,725887.59,1.5,Salaried,687,1433320.95,24,2324.86,0.161,0,1,1,23741.26,Personal,0
39,850021.14,8.3,Contract,625,738139.36,120,474227.43,0.627,0,0,2,37694.82,Business,0
41,1229134.92,10.9,Self-Employed,649,816641.5,48,84327.54,0.122,1,1,4,331853.54,Vehicle,0
26,966724.39,4.1,Self-Employed,635,853440.21,36,345406.68,0.428,1,0,4,284751.76,Vehicle,0
29,320980.65,0.0,Unemployed,763,1284433.93,60,5174.37,0.336,2,1,4,262894.94,Medical,1
28,398146.13,9.8,Salaried,767,1674426.45,60,197300.71,0.832,1,0,2,36277.69,Home,0
29,1030006.86,5.3,Contract,594,812210.72,240,120677.05,0.18,2,0,2,98397.39,Education,0
38,708859.11,5.4,Business Owner,492,1665631.06,24,148250.36,0.397,0,0,3,55229.89,Education,1
41,145460.69,0.0,Unemployed,586,882294.16,180,138799.47,1.439,0,0,3,175651.01,Debt Consolidation,1
31,525731.55,5.4,Contract,569,1501083.97,24,459905.91,1.103,0,1,0,317448.54,Education,1
33,90000.0,0.0,Unemployed,725,899216.54,180,546947.54,3.0,0,1,0,170388.63,Home,1
29,507744.98,7.7,Salaried,733,553788.17,60,242773.43,0.565,0,0,2,115278.33,Personal,0
56,646722.92,8.9,Contract,557,1761049.53,60,125714.29,0.412,0,0,2,578304.13,Debt Consolidation,0
30,809664.15,8.1,Contract,582,506057.6,120,0.0,0.05,0,0,0,6526.17,Home,1
60,619977.92,21.2,Self-Employed,517,472595.46,12,0.0,0.061,1,0,0,91126.93,Personal,1
44,352135.19,10.9,Salaried,662,171979.85,180,460884.15,1.348,2,0,2,3539.74,Debt Consolidation,0
56,90000.0,0.0,Unemployed,646,1433633.76,120,0.0,1.274,1,0,0,950359.8,Medical,1
49,736392.44,10.5,Salaried,721,1551723.65,24,120739.32,0.333,1,0,0,105740.69,Medical,0
32,651156.46,4.4,Self-Employed,695,986564.92,12,227955.32,0.471,1,0,1,64949.74,Debt Consolidation,0
47,539421.82,12.5,Self-Employed,705,308063.43,120,0.0,0.046,2,1,4,709868.94,Home,0
33,519135.88,6.7,Salaried,511,796610.61,12,0.0,0.123,2,0,0,164763.52,Debt Consolidation,0
26,862121.73,4.2,Business Owner,594,648690.32,84,0.0,0.06,1,0,2,87101.42,Education,0
32,980636.56,6.3,Salaried,735,284765.7,36,80173.02,0.105,2,0,4,484382.2,Business,0
33,590963.85,7.5,Business Owner,602,555554.22,120,246562.92,0.492,1,0,0,70792.68,Business,1
26,637225.71,4.4,Contract,504,1052867.83,240,384999.85,0.736,1,0,4,326570.05,Business,0
22,842567.6,0.0,Salaried,723,497415.59,180,80560.04,0.143,2,0,3,51421.82,Vehicle,0
62,678971.43,18.9,Business Owner,598,945866.94,120,116901.24,0.284,3,0,0,224411.17,Personal,0
43,662091.97,14.4,Salaried,746,20000.0,84,178475.41,0.272,0,0,2,18314.31,Personal,0
38,641501.1,6.7,Contract,648,1639590.53,12,55003.38,0.29,2,0,0,74154.81,Education,0
61,90000.0,0.0,Unemployed,625,604294.21,240,275205.78,3.0,0,1,1,209894.41,Debt Consolidation,1
30,669124.7,0.8,Salaried,773,1235124.44,240,280764.91,0.567,0,0,4,42881.58,Personal,0
38,808886.17,6.7,Business Owner,533,894342.51,12,0.0,0.088,0,0,4,16234.31,Business,1
58,849771.06,12.9,Self-Employed,779,1001249.06,180,315096.25,0.465,2,0,0,752361.41,Medical,0
48,384278.38,14.9,Self-Employed,592,234007.8,12,222897.17,0.629,1,0,4,119013.74,Home,0
38,803492.6,11.7,Business Owner,665,419720.51,84,246578.35,0.349,2,0,4,52950.37,Education,0
32,978433.52,4.1,Self-Employed,665,431073.29,36,412327.09,0.457,1,0,3,1117.93,Debt Consolidation,0
22,1122374.96,3.9,Self-Employed,612,812673.71,24,0.0,0.058,1,0,2,107036.51,Medical,0
24,929032.32,6.2,Salaried,581,1463077.79,36,0.0,0.126,1,0,3,61316.81,Vehicle,0
28,326732.12,2.7,Salaried,617,1016627.42,36,187356.95,0.822,2,0,2,149959.45,Personal,1
55,814763.17,14.0,Contract,559,349829.81,48,0.0,0.034,2,0,1,244057.11,Personal,0
49,563213.36,13.4,Salaried,827,843666.99,36,161902.85,0.407,2,0,0,162369.76,Business,0
40,727975.15,5.1,Self-Employed,607,759683.08,60,352291.76,0.567,2,0,0,36873.7,Debt Consolidation,0
55,508945.82,13.9,Salaried,754,624567.45,84,271394.99,0.631,2,0,1,1310912.08,Medical,0
28,192631.64,9.2,Contract,742,792291.74,60,214218.94,1.441,0,0,3,66910.47,Education,0
30,540870.69,2.1,Self-Employed,683,1181855.96,84,158109.71,0.467,3,0,4,212629.36,Debt Consolidation,0
38,831650.67,9.4,Salaried,638,440036.79,48,122983.32,0.19,1,1,1,243126.42,Home,0
61,791999.94,17.6,Salaried,667,627054.5,36,112613.57,0.206,1,0,1,16448.79,Vehicle,0
48,781736.96,10.3,Salaried,701,1291060.4,24,241170.21,0.441,3,0,0,61812.36,Education,0
58,415087.58,0.0,Unemployed,659,1034481.39,36,0.0,0.199,1,0,4,52327.85,Medical,1
31,731131.87,9.3,Self-Employed,509,1439555.91,24,463360.78,0.791,3,0,0,104744.27,Debt Consolidation,0
58,843377.94,16.5,Self-Employed,486,1517924.86,60,67224.94,0.224,0,0,2,33331.85,Medical,0
24,690329.64,3.3,Business Owner,786,119729.44,84,300382.19,0.449,1,0,0,462689.7,Home,0
31,650722.64,8.8,Salaried,413,944148.89,180,214465.34,0.446,0,0,4,95120.53,Vehicle,1
44,1104814.59,8.3,Salaried,668,546021.69,36,0.0,0.04,2,0,4,249639.1,Education,0
23,641507.76,0.0,Salaried,629,200640.47,24,432679.67,0.699,1,1,3,81296.95,Medical,1
58,721640.87,20.1,Salaried,664,405403.31,180,394663.37,0.592,0,0,0,191883.71,Vehicle,0
59,889721.13,15.6,Business Owner,547,649615.83,120,0.0,0.058,1,0,2,265764.12,Vehicle,0
44,614522.87,11.9,Contract,682,652739.66,36,186757.32,0.389,0,0,4,111443.25,Debt Consolidation,0
34,530161.01,2.9,Contract,669,496555.66,240,237325.95,0.523,0,1,4,13889.96,Business,0
25,664169.63,2.8,Contract,898,793179.3,84,0.0,0.096,1,0,0,103095.38,Personal,0
48,554571.2,7.5,Self-Employed,662,2023323.1,120,0.0,0.292,2,0,4,22096.79,Debt Consolidation,1
44,632621.27,9.4,Salaried,771,20000.0,48,49940.74,0.081,0,0,2,304155.32,Medical,0
54,501371.32,11.3,Self-Employed,515,1368588.46,48,0.0,0.218,3,0,4,38908.71,Education,0
47,355002.95,0.0,Unemployed,742,790812.84,48,12165.84,0.212,0,0,2,264356.41,Vehicle,0
26,911048.74,1.1,Business Owner,670,581060.58,120,0.0,0.051,0,0,0,133350.91,Medical,0
26,562021.29,0.0,Self-Employed,674,20000.0,180,177969.12,0.32,1,0,2,11938.98,Vehicle,0
55,349905.39,10.1,Business Owner,676,1181381.66,180,39390.3,0.383,1,0,4,228264.03,Debt Consolidation,0
27,765592.89,4.7,Contract,804,79516.25,36,400513.94,0.531,1,0,4,255032.72,Vehicle,0
62,753045.96,17.4,Contract,673,1213946.95,120,232448.65,0.438,0,0,3,33733.98,Medical,0
25,513692.14,0.0,Business Owner,579,1670665.43,120,342976.38,0.928,3,0,4,434114.16,Home,1
53,889317.56,14.4,Salaried,595,158598.12,12,0.0,0.014,1,0,3,14460.9,Vehicle,0
63,376393.7,14.2,Salaried,724,1384180.29,180,86919.74,0.525,1,1,2,101196.98,Vehicle,1
40,918351.9,9.8,Self-Employed,690,812719.68,24,224518.9,0.315,2,0,4,22935.05,Medical,0
23,591658.35,0.5,Salaried,512,20000.0,24,281536.13,0.479,1,0,1,33986.24,Debt Consolidation,0
59,90000.0,0.0,Unemployed,696,197591.57,12,83414.73,1.102,2,0,0,149932.48,Vehicle,0
29,668582.4,2.9,Self-Employed,553,889113.32,60,109796.62,0.271,0,0,4,22075.99,Home,1
44,567451.91,16.9,Self-Employed,689,1000591.62,12,129522.95,0.369,2,0,3,365043.88,Personal,0
64,589787.68,14.9,Salaried,578,20000.0,60,146384.56,0.251,1,0,3,507390.43,Personal,0
53,511568.56,13.5,Self-Employed,625,815852.55,120,589555.52,1.28,0,1,1,56639.61,Debt Consolidation,1
23,574196.05,3.1,Self-Employed,601,1211777.98,60,256383.74,0.615,2,0,2,72980.12,Education,1
57,586702.83,11.5,Salaried,787,1299287.76,36,207177.56,0.53,0,0,3,24343.88,Vehicle,0
28,156827.44,0.0,Contract,686,593582.02,48,0.0,0.303,4,0,3,238809.11,Home,0
53,1014016.97,11.0,Salaried,764,1019234.39,120,0.0,0.08,2,0,1,91124.78,Debt Consolidation,0
48,619910.59,13.1,Salaried,900,1336217.69,48,161622.53,0.433,1,0,1,413094.66,Business,0
33,453016.25,3.8,Salaried,654,1226227.99,84,403467.53,1.107,1,0,1,141392.16,Business,0
39,371894.08,6.5,Self-Employed,785,1245718.61,120,164154.82,0.709,1,0,2,5530.47,Medical,0
26,957683.02,4.7,Business Owner,587,856753.31,60,171863.96,0.251,0,0,3,22260.85,Vehicle,0
64,404392.01,14.8,Contract,763,752741.13,48,66035.25,0.312,2,0,1,103627.21,Business,0
31,663496.83,3.7,Salaried,577,936056.79,12,0.0,0.113,0,1,1,87319.28,Debt Consolidation,0
34,143087.75,0.0,Unemployed,648,418115.64,120,278641.02,2.181,3,0,1,43866.1,Education,1
43,684645.08,9.8,Business Owner,698,1356047.5,36,154216.97,0.384,2,0,1,168940.06,Education,0
50,411110.12,12.3,Salaried,712,34797.72,60,280285.58,0.689,1,0,4,16900.53,Medical,0
43,510920.14,11.2,Salaried,535,547844.84,12,227833.75,0.532,0,0,0,158978.7,Debt Consolidation,0
43,668203.1,5.4,Salaried,572,781878.59,120,26461.97,0.133,2,0,2,89488.28,Medical,0
46,733828.06,9.4,Contract,705,1034839.75,240,240573.78,0.441,1,0,0,204073.72,Medical,0
58,514601.88,11.0,Salaried,617,1128764.26,180,0.0,0.175,1,0,2,11936.12,Vehicle,0
38,628266.4,6.1,Self-Employed,524,1544493.08,36,239157.59,0.577,0,0,3,48966.54,Personal,1
57,1080113.61,18.8,Business Owner,644,838876.06,12,188689.3,0.237,0,0,2,2268.2,Education,0
55,286342.86,12.6,Contract,639,441007.08,12,477307.86,1.79,1,0,2,103129.36,Personal,0
63,874432.76,12.7,Business Owner,666,727481.63,48,43959.78,0.117,1,1,2,115599.77,Debt Consolidation,0
61,632304.01,14.0,Business Owner,698,640301.22,12,0.0,0.081,3,0,0,20440.83,Debt Consolidation,0
56,441828.96,9.2,Salaried,692,1059966.73,24,125630.71,0.476,0,1,4,202153.06,Medical,1
31,695252.88,0.1,Contract,581,266500.5,84,309635.48,0.476,4,0,1,119888.41,Business,0
55,565687.13,15.6,Salaried,613,712285.14,12,0.0,0.101,0,0,0,18842.19,Personal,0
53,391799.22,8.5,Salaried,734,1611331.01,84,357595.92,1.242,2,0,1,110252.59,Personal,0
33,617070.8,0.0,Unemployed,601,889926.07,180,162449.19,0.379,2,0,1,298866.51,Vehicle,1
50,917022.38,11.7,Salaried,614,273533.6,240,0.0,0.024,1,0,1,56868.92,Business,0
32,149923.51,2.8,Salaried,515,630107.69,240,133787.8,1.229,0,0,3,165963.82,Home,1
44,300392.97,9.9,Self-Employed,647,20000.0,36,66606.85,0.227,2,0,0,11714.32,Personal,0
56,853364.27,11.2,Salaried,681,770569.96,84,0.0,0.072,2,1,1,215891.87,Vehicle,0
29,552781.54,5.7,Salaried,472,1623840.68,12,0.0,0.235,2,0,0,2635.09,Business,0
35,1017143.66,3.5,Self-Employed,554,206698.52,36,331486.21,0.342,3,0,1,294553.53,Personal,0
55,1006084.1,12.4,Business Owner,522,71976.56,180,99293.55,0.104,1,0,3,3026.65,Medical,0
40,731866.38,6.1,Contract,721,473369.99,24,129534.48,0.229,1,0,1,469471.49,Business,0
63,470534.33,18.9,Salaried,478,1260658.17,36,352060.0,0.963,2,0,3,83893.56,Education,0
21,722860.07,1.6,Self-Employed,643,1652318.79,48,210055.58,0.473,0,0,2,312436.44,Business,0
52,374059.01,4.5,Contract,715,1024106.08,36,0.0,0.219,1,0,1,28917.16,Education,0
56,1031311.13,14.8,Salaried,667,157045.14,120,321103.44,0.324,0,0,1,141823.04,Medical,0
61,825534.65,10.8,Salaried,610,788887.56,240,467090.45,0.642,2,0,1,226131.42,Business,0
27,411792.36,1.4,Salaried,681,1694712.74,60,290556.94,1.035,2,0,2,79315.38,Home,0
64,930169.36,16.9,Self-Employed,743,644549.65,84,44297.92,0.103,1,0,4,3763.09,Education,0
38,1211381.22,5.7,Salaried,640,870236.25,120,0.0,0.057,2,0,1,57515.35,Education,0
36,740595.73,7.5,Business Owner,448,920279.8,48,37749.31,0.15,0,0,4,286080.65,Debt Consolidation,0
36,432603.3,0.0,Unemployed,753,27068.52,60,218545.93,0.51,0,0,3,32229.14,Vehicle,0
49,576042.67,8.9,Salaried,686,1298973.36,240,456726.13,0.973,4,1,2,265769.83,Personal,0
50,708338.05,9.2,Self-Employed,647,1226880.87,48,63315.65,0.228,1,0,1,43768.68,Vehicle,0
41,283191.36,7.9,Salaried,472,20000.0,36,83195.93,0.299,1,0,1,28224.17,Home,0
24,608867.62,0.0,Salaried,623,134674.19,12,383859.95,0.648,1,0,3,132817.56,Education,0
64,889894.33,15.8,Business Owner,571,315149.94,12,121877.83,0.165,1,0,4,15947.18,Business,0
30,1076749.44,7.6,Salaried,541,1174174.62,120,508516.31,0.56,0,0,2,109162.01,Vehicle,0
25,90000.0,0.0,Unemployed,638,424443.96,36,173341.5,2.303,0,0,0,35692.45,Business,1
47,607779.14,9.4,Self-Employed,602,1000675.55,120,410198.62,0.807,2,0,2,500831.1,Business,0
39,976029.3,5.4,Salaried,608,709112.5,12,268900.79,0.334,2,1,1,271379.47,Medical,0
48,620557.13,16.8,Salaried,717,835585.88,180,327276.25,0.635,0,0,3,5766.68,Education,0
59,671164.62,13.6,Salaried,673,1047967.71,48,168127.83,0.375,1,0,2,52001.33,Debt Consolidation,0
25,403685.24,0.2,Contract,605,936167.06,180,179900.77,0.631,3,0,0,371580.76,Medical,0
33,552848.65,1.7,Business Owner,594,790514.06,180,275405.57,0.613,0,0,1,66852.99,Business,1
43,209536.56,8.8,Salaried,609,963540.21,84,343665.14,2.008,2,0,4,78987.3,Debt Consolidation,1
55,544696.19,14.4,Self-Employed,628,908486.04,240,294691.09,0.674,1,0,4,67134.05,Business,0
47,580661.24,7.7,Business Owner,703,695166.51,240,0.0,0.096,1,0,1,42319.38,Personal,0
37,677509.71,9.4,Contract,556,584382.3,120,246382.82,0.433,2,0,2,28289.53,Personal,0
47,481082.95,11.2,Salaried,781,1740221.41,60,81814.29,0.459,1,0,1,49425.5,Home,0
64,609102.25,19.8,Salaried,703,578647.55,240,101741.63,0.243,1,0,4,107133.39,Business,0
42,549948.65,7.4,Salaried,404,1483497.5,240,282350.5,0.729,3,0,4,15564.64,Education,1
59,701958.7,15.9,Salaried,658,457435.43,48,505625.41,0.772,2,0,1,123903.79,Vehicle,0
55,569869.44,13.0,Self-Employed,744,1205087.26,36,158230.8,0.447,1,0,1,29898.64,Personal,0
34,373553.48,9.6,Salaried,685,1691879.11,36,555118.51,1.848,0,0,0,1094.94,Personal,0
31,651441.61,4.3,Salaried,613,631246.76,240,2540.22,0.081,5,0,3,102827.55,Debt Consolidation,1
54,965870.8,13.2,Salaried,645,466303.92,24,421713.69,0.475,0,1,4,627380.63,Medical,0
30,659116.55,2.2,Salaried,666,585385.19,12,277524.57,0.492,0,0,2,745234.12,Business,0
35,489544.89,4.1,Contract,719,790316.18,60,237540.2,0.614,1,0,2,108097.34,Business,0
31,599213.4,4.7,Self-Employed,523,960935.67,240,448969.23,0.878,2,0,1,33404.39,Medical,0
47,165341.81,12.9,Salaried,596,780001.41,36,85424.09,0.894,0,0,3,95197.66,Home,1
33,601149.31,2.7,Self-Employed,797,590007.72,60,429962.46,0.794,4,0,0,32444.92,Education,0
49,583911.41,11.6,Salaried,653,1777270.93,12,162503.37,0.522,2,1,1,434215.76,Personal,0
62,489634.91,17.0,Contract,788,699780.59,180,84420.81,0.287,4,0,3,16385.26,Business,0
57,519975.41,15.5,Self-Employed,900,489949.31,240,0.0,0.075,1,1,0,44899.76,Home,0
62,620441.37,11.3,Self-Employed,606,1215255.58,84,485363.71,0.939,1,0,1,39754.86,Business,0
22,851114.57,0.0,Contract,542,1223217.9,24,405426.97,0.591,1,0,3,625474.42,Personal,0
41,933015.1,3.9,Contract,626,1506244.69,12,113948.6,0.251,1,0,1,10844.44,Personal,0
30,394968.71,3.7,Contract,749,1763931.88,120,298175.36,1.112,1,0,1,9645.67,Personal,0
61,590480.66,13.3,Salaried,762,973136.01,24,222787.93,0.509,1,1,3,497509.55,Personal,0
52,569852.51,10.9,Salaried,854,655872.88,12,136475.72,0.332,3,0,4,89017.65,Home,0
35,994386.38,2.0,Business Owner,647,20000.0,240,373656.47,0.377,0,0,1,47576.13,Personal,0
45,708376.64,8.4,Self-Employed,694,331074.29,60,87425.02,0.161,2,0,1,216055.57,Vehicle,0
47,851197.47,7.0,Business Owner,586,904280.88,84,0.0,0.085,0,0,1,15660.07,Vehicle,0
42,947065.65,10.7,Business Owner,424,209529.08,120,246770.71,0.278,1,0,1,9261.13,Education,0
41,510896.65,9.4,Salaried,646,20000.0,48,212017.9,0.418,2,0,4,113864.44,Medical,0
23,946971.64,1.3,Salaried,546,832913.95,36,93211.13,0.169,2,1,3,60261.19,Debt Consolidation,1
40,656563.84,6.7,Self-Employed,708,1188379.61,60,39364.34,0.205,1,0,4,93378.35,Home,0
36,431021.89,0.0,Salaried,481,676760.98,12,0.0,0.126,2,0,1,40642.63,Personal,1
57,800589.94,13.0,Business Owner,583,1248393.8,36,134710.09,0.293,1,0,0,36086.73,Education,0
59,1171982.08,12.9,Business Owner,674,1108291.48,84,42458.2,0.112,2,0,0,362674.36,Home,0
54,592714.47,13.9,Self-Employed,684,1374616.66,240,373591.27,0.816,0,0,4,314296.99,Business,1
22,990389.45,2.3,Business Owner,646,1886719.23,84,292970.47,0.448,0,0,1,52027.48,Vehicle,0
58,554663.55,15.8,Self-Employed,818,2107013.32,120,112783.9,0.507,1,0,0,352054.43,Personal,0
38,609584.08,10.6,Business Owner,791,1165835.56,36,294089.53,0.635,1,0,3,105552.59,Medical,0
39,818899.35,5.5,Salaried,588,570074.91,12,180654.55,0.276,1,0,1,138036.54,Education,0
62,654506.86,14.6,Business Owner,795,830917.94,48,151499.15,0.333,3,1,0,36998.96,Debt Consolidation,0
59,1069635.06,18.3,Business Owner,809,1586627.29,120,190134.24,0.296,1,0,1,6389.67,Debt Consolidation,0
23,693906.5,1.3,Salaried,639,353387.52,12,518835.74,0.788,0,0,3,621112.83,Debt Consolidation,1
36,426601.52,5.3,Self-Employed,654,1523830.55,180,315923.33,1.026,1,1,1,118364.66,Education,0
53,678139.31,18.3,Contract,645,715037.97,36,146273.2,0.3,0,0,4,127507.33,Personal,0
44,531806.43,10.9,Salaried,592,913562.98,120,360895.33,0.816,0,0,2,154990.24,Education,0
32,870244.14,3.8,Business Owner,601,396156.22,180,354405.42,0.444,1,0,0,40316.54,Medical,0
44,790949.56,0.0,Unemployed,769,138137.4,84,246749.11,0.326,2,1,4,163150.48,Vehicle,0
59,621323.85,19.2,Contract,689,660582.0,24,140857.44,0.312,3,0,1,131455.62,Debt Consolidation,0
30,760444.07,4.2,Salaried,600,1451505.85,36,128970.27,0.322,3,0,1,79013.54,Education,1
53,702110.16,12.9,Self-Employed,567,449019.72,60,6473.61,0.06,1,0,1,144033.34,Education,0
53,352014.43,0.0,Unemployed,582,1606260.58,240,232488.61,1.025,0,0,2,677441.45,Personal,0
59,672698.72,17.8,Self-Employed,635,513563.31,120,90223.83,0.195,2,0,2,136187.34,Debt Consolidation,0
34,424645.64,6.8,Salaried,732,265886.42,84,121390.55,0.336,0,0,2,9915.86,Home,0
30,710784.99,6.3,Salaried,573,926818.52,180,312323.22,0.544,0,0,3,94683.48,Business,0
45,599814.56,11.0,Contract,731,1139535.99,24,503692.85,0.992,0,0,1,21751.18,Business,1
44,442799.98,10.9,Salaried,668,894043.96,12,267356.22,0.765,2,0,4,12176.56,Debt Consolidation,1
39,907543.32,5.0,Salaried,663,875476.7,84,181073.66,0.277,0,0,2,61682.19,Personal,0
55,726752.41,19.0,Salaried,742,1601480.11,84,196622.55,0.447,1,0,4,136381.31,Debt Consolidation,0
56,797975.26,10.3,Business Owner,726,847457.27,36,404833.65,0.592,1,0,0,235939.72,Vehicle,1
31,965014.15,4.9,Self-Employed,524,564796.61,84,269786.47,0.326,2,1,1,39679.82,Education,0
56,245979.62,10.0,Contract,552,233515.23,24,234872.49,1.031,1,0,4,272931.74,Home,0
31,1098205.2,3.7,Business Owner,629,1436817.84,24,247622.67,0.33,0,0,1,90389.39,Personal,0
38,90000.0,0.0,Unemployed,682,587160.99,240,0.0,0.522,1,0,3,109596.42,Home,1
22,655883.13,0.8,Contract,773,635948.51,12,270285.75,0.49,1,0,1,110906.14,Education,0
35,494984.06,6.6,Salaried,656,1325939.7,84,42460.56,0.3,1,0,4,136370.2,Debt Consolidation,0
63,645249.74,13.9,Business Owner,803,1827073.9,180,270995.13,0.647,0,1,3,92517.57,Education,0
40,985471.63,7.5,Salaried,586,925665.96,120,67665.87,0.144,0,0,2,28507.37,Education,0
52,807054.14,0.0,Unemployed,602,731500.86,48,306410.52,0.452,1,0,1,19610.52,Business,0
25,556693.59,0.0,Salaried,622,797173.76,36,172446.94,0.424,0,0,4,7970.8,Vehicle,0
48,914868.68,8.2,Business Owner,576,572230.86,12,0.0,0.05,2,0,4,207989.17,Debt Consolidation,0
37,662247.81,9.0,Contract,754,622076.32,24,147677.43,0.298,1,1,2,121135.52,Education,0
53,1128626.71,13.0,Salaried,401,624755.38,84,597059.94,0.573,1,0,2,149083.44,Personal,0
61,191712.39,16.5,Contract,605,1255364.04,60,0.0,0.524,0,0,3,351542.11,Home,1
44,763280.86,12.3,Salaried,753,755914.7,48,229941.5,0.38,0,0,0,62514.49,Business,0
25,430218.42,0.0,Salaried,622,1479656.21,36,18098.21,0.317,1,0,3,405722.16,Debt Consolidation,1
41,90000.0,6.4,Self-Employed,747,741861.42,12,447837.77,3.0,2,0,3,144832.19,Education,1
26,524867.48,0.1,Salaried,848,616485.42,24,346935.66,0.755,1,1,3,43897.66,Medical,0
40,1119012.2,6.6,Self-Employed,657,1438937.5,36,233463.8,0.312,0,0,2,62844.2,Personal,0
23,441987.7,4.8,Contract,755,810775.01,240,365137.8,0.973,0,1,2,744297.84,Debt Consolidation,0
49,881691.38,6.1,Salaried,868,736782.87,36,244022.9,0.344,0,0,4,117473.6,Home,0
34,938668.05,1.6,Self-Employed,686,816780.32,24,201101.49,0.284,0,0,3,118616.87,Debt Consolidation,0
29,620825.8,0.0,Contract,646,1533324.76,84,92205.37,0.346,0,0,3,206186.03,Business,0
21,630113.9,4.2,Contract,731,953038.87,24,135035.37,0.335,1,0,2,68762.51,Personal,0
60,287925.52,13.8,Salaried,757,1424741.99,48,116468.99,0.8,2,0,2,136825.24,Education,1
57,178959.03,0.0,Unemployed,647,682687.8,120,201862.03,1.433,0,0,1,10412.08,Education,1
56,931751.91,9.2,Salaried,606,1344701.95,12,0.0,0.115,2,1,0,10108.08,Home,1
23,621169.77,0.0,Self-Employed,805,918842.42,240,385339.58,0.739,2,0,4,4125.72,Home,0
36,736835.36,8.6,Self-Employed,626,1241287.83,84,550436.9,0.882,1,0,2,188484.75,Vehicle,0
63,759289.39,17.6,Contract,757,1283323.12,240,122201.14,0.296,1,0,2,413600.21,Medical,0
46,1223000.99,9.7,Salaried,674,329190.24,120,411491.35,0.358,1,0,3,736331.74,Vehicle,0
26,507370.04,0.0,Salaried,814,835978.8,240,175861.48,0.478,1,0,3,249162.84,Home,0
27,1169352.51,1.4,Business Owner,574,1278598.98,60,91585.47,0.166,2,0,4,315130.92,Business,0
32,666375.81,4.8,Salaried,573,1358242.68,12,131278.88,0.36,4,0,3,119523.18,Home,0
63,1149549.74,13.8,Self-Employed,727,1426717.24,12,215424.65,0.287,3,0,4,176226.91,Vehicle,0
28,464755.48,4.8,Business Owner,548,852363.86,24,70164.87,0.298,3,1,3,214740.91,Debt Consolidation,1
60,913163.05,18.3,Business Owner,660,1570104.77,12,309112.82,0.476,1,0,4,56573.12,Vehicle,0
50,588578.3,10.0,Salaried,789,471396.72,180,106529.61,0.245,0,0,0,126572.83,Vehicle,0
61,754868.08,18.2,Salaried,489,52617.42,240,6819.25,0.015,2,0,3,52219.83,Home,0
57,663594.07,0.0,Unemployed,686,661194.55,84,196415.05,0.376,2,0,0,155988.94,Home,1
35,736702.4,9.0,Salaried,759,1397921.14,24,75091.64,0.254,0,0,2,58166.85,Business,0
57,1013095.67,20.5,Salaried,648,256896.41,240,141083.33,0.16,1,1,0,475602.79,Education,0
28,453444.73,0.0,Salaried,567,65070.99,36,190224.33,0.431,3,1,2,182566.92,Home,1
33,430291.39,7.1,Salaried,626,20000.0,180,0.0,0.004,1,1,1,163085.84,Debt Consolidation,0
30,281026.27,0.0,Unemployed,575,1167972.14,120,462595.75,1.979,4,0,2,106291.18,Vehicle,1
26,605336.96,0.0,Salaried,656,76197.64,48,346275.96,0.582,2,0,4,182804.93,Home,1
24,562535.16,0.0,Salaried,625,1074515.16,180,86590.18,0.307,1,0,1,153236.08,Education,1
29,384342.07,1.4,Self-Employed,604,635956.71,84,196557.12,0.644,2,1,0,246043.92,Education,0
26,914662.9,1.6,Salaried,692,414700.91,240,314442.01,0.38,4,0,0,174952.88,Debt Consolidation,0
37,557290.7,5.3,Salaried,792,300638.84,84,237568.39,0.469,1,0,4,169428.45,Business,0
24,615519.53,0.0,Unemployed,680,903145.42,48,538373.31,0.992,4,0,1,71016.8,Medical,1
23,759185.84,3.3,Business Owner,771,422921.09,12,157040.64,0.251,2,1,1,109097.62,Business,0
64,891107.23,11.5,Salaried,792,797513.6,240,414016.29,0.536,3,0,3,76206.17,Home,0
24,748427.41,0.0,Salaried,597,1000703.19,180,0.0,0.107,0,0,4,165904.98,Personal,0
24,402931.31,3.2,Salaried,675,1106330.62,12,0.0,0.22,0,0,0,180824.27,Medical,0
22,694800.73,2.1,Salaried,612,1267160.21,84,503204.97,0.87,1,0,3,108429.79,Business,0
26,1097083.24,0.0,Self-Employed,517,882364.17,180,122247.92,0.176,2,0,1,17576.03,Debt Consolidation,1
44,731903.06,10.9,Self-Employed,682,274954.97,120,0.0,0.03,4,1,2,471892.8,Business,0
57,1083319.18,18.4,Business Owner,555,1032863.67,36,191409.6,0.253,4,0,0,197223.99,Medical,0
53,869317.96,12.7,Contract,694,1128101.82,24,427515.81,0.596,1,0,0,435154.96,Education,1
46,751762.41,7.0,Salaried,510,709220.38,240,62565.56,0.159,1,1,3,54581.76,Personal,0
24,305619.68,0.0,Unemployed,665,656048.44,48,192493.02,0.802,2,0,3,225421.93,Personal,0
55,838828.89,18.8,Self-Employed,509,2037588.69,180,0.0,0.194,1,0,1,22616.7,Vehicle,0
22,793820.64,0.0,Salaried,711,153474.42,60,115608.89,0.161,0,0,1,48808.21,Medical,0
48,342958.99,10.9,Contract,615,1046837.19,120,379495.9,1.351,1,0,2,148146.65,Medical,1
39,715825.72,10.5,Salaried,606,1323015.72,36,58818.38,0.23,0,0,2,191331.15,Business,0
59,667980.53,15.5,Self-Employed,751,629367.38,84,0.0,0.075,1,0,4,43135.29,Home,0
34,691118.29,0.0,Business Owner,621,715741.62,84,60299.59,0.17,1,1,1,375746.3,Education,1
49,1007991.09,12.5,Salaried,660,599266.68,24,90257.39,0.137,1,0,2,106929.89,Education,1
40,473713.44,4.7,Contract,632,800111.16,120,337648.49,0.848,1,0,3,167889.29,Education,0
43,317307.73,5.0,Salaried,696,1249746.28,60,268359.93,1.161,3,0,1,17977.2,Debt Consolidation,1
62,921929.06,11.2,Contract,744,700896.02,84,303129.38,0.39,1,1,0,232048.09,Vehicle,0
52,337901.54,16.0,Salaried,725,2355296.07,12,205117.78,1.165,0,0,2,14415.4,Medical,0
39,172014.23,4.7,Salaried,608,573631.2,24,88424.94,0.781,3,0,1,110054.73,Debt Consolidation,0
40,884066.92,8.6,Salaried,759,1488757.58,120,60254.24,0.203,1,0,4,3177.93,Home,0
52,732680.56,14.1,Contract,568,1071962.43,240,277819.0,0.496,2,0,1,179001.32,Business,0
36,763179.91,6.5,Salaried,583,854236.56,24,486020.52,0.726,1,0,2,289550.45,Medical,1
28,510393.11,3.7,Contract,638,1535380.55,12,30667.69,0.301,2,1,2,335509.56,Debt Consolidation,1
41,313898.47,9.1,Salaried,744,20000.0,36,16763.01,0.058,1,0,1,197614.14,Debt Consolidation,0
24,312553.2,1.6,Self-Employed,545,1012589.23,12,0.0,0.259,0,0,2,183251.34,Vehicle,0
28,552952.78,0.5,Salaried,730,441810.03,36,349675.04,0.696,2,0,3,42973.45,Medical,0
39,335899.29,4.7,Salaried,645,582006.03,120,192414.26,0.711,0,0,1,142556.61,Education,0
56,431763.23,0.0,Unemployed,611,558498.85,180,299971.43,0.798,2,1,3,21526.54,Medical,1
55,586385.52,13.2,Salaried,749,318087.85,84,108565.75,0.229,1,0,4,139529.18,Debt Consolidation,0
32,829259.01,5.7,Business Owner,578,20000.0,48,311282.45,0.377,1,0,4,235047.23,Personal,0
39,692787.03,10.5,Self-Employed,856,994392.12,24,148225.64,0.329,2,0,3,70758.23,Debt Consolidation,0
27,714699.89,3.4,Self-Employed,634,767065.06,60,0.0,0.086,1,0,0,357055.74,Medical,0
54,823870.63,10.8,Self-Employed,663,649704.34,240,366121.68,0.507,1,0,4,221659.79,Debt Consolidation,1
31,544024.85,0.0,Contract,789,1179587.34,24,193479.45,0.529,2,0,4,134197.39,Debt Consolidation,0
56,900992.32,11.7,Business Owner,666,1025967.41,60,144146.19,0.251,0,0,4,254495.34,Home,0
58,770002.03,10.8,Self-Employed,757,666581.77,48,250632.34,0.395,0,0,3,26685.35,Vehicle,0
51,90000.0,9.8,Self-Employed,474,2325461.84,48,0.0,2.067,1,1,0,138359.72,Home,1
35,803631.44,6.3,Self-Employed,610,1308994.36,60,277530.16,0.476,3,0,3,62157.14,Business,1
62,760485.55,16.7,Salaried,686,2022400.35,24,92754.09,0.335,2,0,0,194329.56,Business,0
51,831012.22,17.6,Self-Employed,747,592522.54,24,171901.07,0.264,3,0,3,153073.54,Medical,0
49,362289.1,12.6,Salaried,719,924849.56,12,405072.87,1.322,1,0,0,40091.61,Home,0
58,782056.71,20.5,Business Owner,711,180865.37,120,315595.04,0.422,2,0,0,33118.05,Home,0
59,91117.64,0.0,Unemployed,745,634760.84,240,168251.31,2.404,0,0,3,243083.17,Business,1
24,445150.34,0.0,Unemployed,693,508020.36,60,181804.94,0.5,1,0,1,702515.85,Education,0
59,362720.86,14.1,Contract,457,2297752.62,84,0.0,0.507,1,0,0,248495.26,Medical,1
54,466836.3,10.0,Self-Employed,780,453761.35,240,52059.46,0.189,1,1,0,352991.77,Debt Consolidation,0
30,910578.53,2.3,Business Owner,575,682983.09,120,230082.89,0.313,0,0,1,90547.38,Vehicle,0
34,481656.37,5.2,Salaried,678,73164.85,36,62450.3,0.142,1,1,2,806.79,Vehicle,1
54,466902.34,11.3,Self-Employed,666,1066861.68,120,0.0,0.183,3,0,3,217260.63,Education,0
30,853679.86,0.6,Salaried,654,349887.29,48,286426.95,0.368,1,0,2,498458.06,Vehicle,0
40,893927.94,8.9,Salaried,550,1259272.86,240,435160.0,0.599,1,0,2,25852.39,Medical,1
51,520517.8,0.0,Unemployed,476,20000.0,240,70148.47,0.138,0,0,4,22107.13,Vehicle,1
49,896177.42,6.6,Contract,560,739188.35,12,357501.85,0.465,1,1,3,4441.36,Education,1
61,662105.18,12.6,Self-Employed,724,20000.0,180,330465.03,0.502,1,0,2,238633.29,Personal,0
25,560851.76,0.9,Salaried,520,554743.52,36,24172.75,0.122,0,0,4,641305.78,Home,0
33,623979.68,1.8,Business Owner,571,656393.57,60,69016.29,0.195,0,0,3,120122.79,Home,0
64,770932.29,16.5,Salaried,688,500484.27,120,524558.48,0.732,1,0,1,259428.64,Medical,0
46,543025.42,11.8,Contract,558,549891.87,24,0.0,0.081,3,0,2,172549.89,Personal,0
31,171733.45,0.0,Unemployed,601,1285584.13,12,90376.36,1.125,0,0,0,238692.49,Debt Consolidation,1
33,785975.11,2.8,Salaried,657,1887227.16,48,553834.81,0.897,3,0,3,141683.72,Personal,1
35,938134.81,1.7,Salaried,675,969653.6,84,97603.53,0.187,1,0,3,129126.15,Vehicle,0
45,771565.06,7.9,Salaried,556,369978.2,84,443538.36,0.613,1,0,0,81023.97,Business,0
33,1084578.97,6.8,Salaried,663,832038.72,240,16037.02,0.076,5,1,0,43972.76,Home,0
48,504621.11,13.5,Salaried,686,622865.42,36,224888.15,0.544,1,0,0,234961.16,Education,0
40,197506.34,8.7,Salaried,535,1244696.43,120,395465.67,2.506,2,0,0,13207.0,Business,1
47,856656.97,14.0,Salaried,669,943930.61,24,115856.15,0.223,2,0,1,557966.68,Vehicle,0
27,425041.61,7.6,Salaried,586,20000.0,60,217952.54,0.517,0,0,3,29135.57,Personal,0
48,612576.94,9.4,Salaried,661,1348967.74,60,333998.53,0.721,2,0,4,227553.78,Personal,0
61,427550.87,20.5,Business Owner,715,1283420.27,48,37641.23,0.328,0,0,2,45073.04,Medical,0
26,390197.44,1.2,Salaried,634,1547514.35,24,603263.9,1.863,2,0,2,49740.47,Business,1
35,266443.15,8.7,Contract,732,541779.55,24,386790.4,1.614,1,1,2,365542.43,Personal,1
51,581424.18,14.1,Salaried,721,950486.89,180,135689.19,0.364,4,0,3,184142.28,Medical,0
48,582362.13,4.9,Salaried,732,207611.66,240,157731.89,0.299,0,0,3,1351220.33,Business,0
50,709490.1,8.7,Salaried,686,774377.6,12,544109.73,0.854,2,0,0,34560.96,Home,0
45,1131930.74,5.9,Business Owner,749,998492.67,36,136133.38,0.191,1,0,2,267642.76,Personal,0
51,859226.57,6.7,Salaried,685,481972.11,240,115011.47,0.179,1,0,1,72374.85,Vehicle,0
47,272457.59,13.0,Self-Employed,500,971169.99,24,406309.77,1.776,1,0,4,34900.55,Vehicle,0
24,761003.86,7.4,Salaried,579,884000.05,60,0.0,0.093,1,0,4,7928.31,Education,1
54,376938.67,0.0,Unemployed,631,575081.77,36,185900.21,0.615,2,1,1,82450.34,Business,0
40,632543.39,10.2,Salaried,642,1498735.7,240,215148.66,0.53,0,0,2,8980.52,Home,0
23,600325.12,5.3,Salaried,682,682778.62,120,73331.52,0.213,1,0,1,92357.99,Home,1
38,702138.11,7.4,Contract,577,866424.36,120,0.0,0.099,0,0,0,74947.5,Education,0
40,484028.3,7.5,Salaried,831,66548.38,12,212438.08,0.45,2,0,0,430662.86,Debt Consolidation,0
24,563412.29,0.5,Salaried,641,1059595.54,24,323872.53,0.725,3,1,4,308487.68,Medical,1
64,1024984.78,18.8,Contract,649,561553.15,180,77770.01,0.12,1,0,1,161203.5,Vehicle,0
30,451023.55,6.2,Salaried,590,1278605.48,36,0.0,0.227,0,1,0,393427.94,Business,1
35,384528.01,7.0,Salaried,560,144426.88,48,426094.64,1.138,0,0,1,118427.17,Home,1
40,641573.16,8.9,Salaried,639,1015348.48,12,295063.02,0.587,2,0,3,14596.17,Debt Consolidation,0
57,425358.39,14.2,Salaried,652,20000.0,12,134875.47,0.321,0,0,2,133627.87,Vehicle,0
53,265304.22,8.0,Contract,642,1107934.05,120,365753.82,1.713,1,0,0,246611.38,Vehicle,0
54,612883.21,15.9,Self-Employed,799,712598.68,24,243513.15,0.49,4,0,2,32656.69,Debt Consolidation,0
31,992155.47,0.1,Self-Employed,639,999676.75,24,522058.69,0.607,2,0,4,11098.01,Education,0
58,701348.98,16.7,Salaried,642,499918.74,180,319550.5,0.513,0,0,2,46901.24,Education,0
57,902644.27,16.7,Business Owner,723,325350.45,120,0.0,0.029,1,0,4,337555.89,Medical,0
41,277462.91,4.6,Business Owner,635,582748.44,24,81426.94,0.461,1,0,1,412799.52,Education,0
45,781531.37,7.8,Salaried,699,896006.0,180,90037.05,0.207,1,0,1,9965.51,Medical,0
22,626341.47,6.8,Contract,535,1088285.33,240,255720.81,0.547,0,0,2,17720.32,Medical,0
54,532771.29,13.0,Self-Employed,536,951921.81,48,145371.93,0.416,0,0,4,154972.79,Personal,0
63,771012.62,13.1,Contract,661,331619.6,60,0.0,0.034,1,0,4,223869.51,Personal,0
41,702530.4,10.4,Salaried,629,1718839.71,84,306045.19,0.631,0,0,4,87683.17,Business,1
44,404128.02,6.9,Salaried,577,966407.04,24,380021.1,1.132,0,0,0,84950.58,Business,0
42,895963.43,2.6,Business Owner,661,488817.75,240,181507.8,0.246,3,0,3,184612.48,Vehicle,0
24,908283.86,2.8,Contract,669,1012110.1,24,237702.51,0.351,3,0,0,133201.55,Education,0
48,624014.63,8.1,Salaried,586,927993.64,120,25839.8,0.16,1,0,3,144449.09,Vehicle,0
52,476101.45,13.4,Salaried,603,712333.38,84,105943.27,0.342,2,0,1,10686.95,Education,1
61,675604.98,13.6,Contract,669,653605.68,24,113306.05,0.245,0,1,3,105171.05,Personal,1
61,933653.3,18.1,Salaried,558,1292435.61,48,300545.57,0.433,0,0,1,13211.42,Debt Consolidation,0
42,356420.29,9.0,Salaried,596,1663923.82,36,246084.75,1.064,0,0,0,73569.46,Medical,1
63,870639.56,9.0,Self-Employed,698,20000.0,240,140655.39,0.163,0,0,3,67092.34,Business,0
44,499496.39,10.3,Salaried,648,1415267.79,60,133511.18,0.494,2,0,1,93296.63,Vehicle,0
49,744515.77,10.3,Salaried,607,809964.76,48,0.0,0.087,4,0,0,17425.33,Debt Consolidation,0
47,536917.18,14.7,Salaried,569,918345.27,36,489057.39,1.048,0,0,1,235955.36,Education,1
64,587245.76,18.4,Contract,559,1475821.17,24,0.0,0.201,0,0,0,31150.13,Medical,1
53,1076773.73,15.1,Salaried,638,20000.0,60,275938.49,0.258,2,0,1,453060.21,Debt Consolidation,0
26,412728.35,0.0,Business Owner,832,1207394.7,60,206787.75,0.735,4,0,2,187467.45,Home,0
24,380341.54,0.0,Unemployed,701,1441248.53,240,152177.19,0.703,0,0,2,272791.86,Medical,0
39,1236831.1,7.1,Business Owner,530,455691.63,84,198525.32,0.19,0,0,1,51026.18,Personal,0
43,837380.48,7.7,Self-Employed,714,103023.48,60,80663.05,0.106,1,0,1,166122.95,Medical,1
50,354225.75,15.6,Self-Employed,582,1619964.41,48,317506.77,1.262,2,0,4,287623.23,Business,0
42,342604.87,7.9,Salaried,650,20000.0,36,0.0,0.005,1,0,2,76606.75,Education,0
43,478093.66,5.1,Self-Employed,597,1009324.9,84,259006.64,0.711,2,0,1,260005.97,Debt Consolidation,0
61,409476.98,0.0,Unemployed,832,1311554.17,24,78002.58,0.447,2,0,2,214799.64,Debt Consolidation,0
35,698485.67,8.5,Contract,548,998299.5,12,123152.96,0.291,0,0,4,370858.05,Personal,0
42,345075.86,7.9,Salaried,678,1082316.29,240,128016.77,0.622,2,0,0,34273.42,Personal,0
45,453810.64,8.9,Salaried,588,667490.2,12,170236.0,0.493,0,1,4,25865.63,Business,0
41,457129.38,11.2,Contract,716,1031360.35,36,290387.6,0.816,2,1,0,347406.53,Education,0
63,680813.3,14.1,Salaried,676,445765.7,84,193556.81,0.337,1,0,1,62063.31,Vehicle,0
63,1222173.86,10.1,Contract,763,510527.77,24,367936.3,0.334,0,0,2,89811.26,Vehicle,0
43,432703.23,6.2,Salaried,715,817772.88,120,388081.4,1.048,1,0,1,214243.47,Home,0
40,562760.54,8.3,Business Owner,588,30078.07,60,255578.22,0.458,1,0,4,23757.83,Vehicle,0
46,391714.93,9.3,Contract,900,1088520.06,12,322866.24,1.047,2,0,3,127756.84,Debt Consolidation,0
28,779886.14,0.0,Self-Employed,700,20000.0,60,564487.52,0.726,1,0,2,61032.27,Home,0
39,643664.6,10.2,Salaried,600,981407.73,180,0.0,0.122,0,0,1,30911.9,Business,1
30,402943.36,4.1,Contract,668,1028435.98,48,393704.56,1.181,0,0,4,529128.44,Vehicle,0
27,527301.1,3.6,Salaried,707,402739.81,120,478072.32,0.968,2,0,1,14027.66,Vehicle,0
25,414122.42,2.9,Salaried,703,183016.93,84,278060.76,0.707,2,0,4,113985.7,Education,1
46,748972.82,6.1,Self-Employed,695,595915.14,60,542728.24,0.788,2,0,4,226005.4,Education,0
21,1271094.15,0.9,Salaried,737,1119838.63,84,519275.99,0.479,0,0,3,43481.48,Personal,0
49,971716.1,13.9,Business Owner,728,972849.56,60,139333.87,0.223,1,0,3,98642.86,Education,0
40,633752.87,11.0,Salaried,574,244233.45,12,153120.33,0.272,2,0,2,267201.87,Personal,0
37,481756.13,8.6,Salaried,840,852840.55,48,295509.31,0.755,3,0,4,356355.28,Business,0
54,363149.98,14.7,Contract,827,930978.39,48,87659.43,0.446,2,0,2,161201.55,Vehicle,0
44,852422.43,4.0,Salaried,722,909785.04,180,688019.75,0.893,2,0,4,180533.3,Debt Consolidation,0
53,865838.54,12.8,Self-Employed,653,306704.34,120,341990.36,0.423,1,0,1,284775.31,Home,0
52,726474.75,9.5,Business Owner,655,877851.37,84,208376.85,0.384,2,1,2,185711.85,Home,0
22,906333.5,4.2,Contract,621,1258872.51,48,0.0,0.111,2,0,0,16740.12,Debt Consolidation,0
30,632276.73,7.0,Self-Employed,633,1068480.86,84,245345.36,0.523,0,0,0,18246.4,Business,0
46,868690.18,7.1,Contract,453,1005739.96,240,0.0,0.093,1,0,1,83713.17,Home,1
63,800049.25,16.7,Salaried,788,1621341.28,180,336785.13,0.583,1,0,4,185011.33,Vehicle,0
27,573716.03,3.1,Salaried,756,883895.56,36,0.0,0.123,0,0,1,15914.01,Vehicle,0
25,90000.0,0.0,Unemployed,499,379045.46,36,449070.46,3.0,0,0,4,38215.39,Home,1
62,686615.85,11.4,Contract,730,380629.08,60,123653.9,0.224,2,0,1,134872.42,Business,0
63,936512.67,10.2,Self-Employed,649,888013.59,84,0.0,0.076,0,0,3,102549.84,Personal,0
28,493966.22,2.9,Self-Employed,632,81228.31,120,197049.74,0.412,0,0,0,207225.51,Debt Consolidation,0
38,760935.35,0.0,Self-Employed,694,644508.56,180,203028.13,0.335,1,0,2,142067.27,Vehicle,0
48,410316.03,11.3,Salaried,493,1032086.83,60,188422.81,0.66,0,1,3,77932.41,Medical,1
29,819014.58,5.0,Contract,649,1385572.5,180,448350.82,0.683,5,0,4,241523.76,Debt Consolidation,0
35,720235.33,9.3,Contract,657,27993.13,12,268558.23,0.376,0,0,1,161407.79,Education,0
38,350472.31,4.9,Self-Employed,657,849538.81,24,343295.93,1.173,0,0,2,57462.34,Vehicle,1
49,627996.37,11.7,Salaried,527,765881.94,60,155229.4,0.345,0,0,2,179304.33,Medical,0
34,871860.23,7.2,Salaried,690,818752.85,60,276859.82,0.393,2,0,2,99048.54,Medical,0
39,339241.86,3.7,Salaried,745,870782.75,240,0.0,0.205,0,0,1,70944.11,Vehicle,0
33,518262.44,7.5,Business Owner,687,784166.5,84,246458.51,0.597,1,0,4,213796.44,Home,0
54,681625.76,14.0,Self-Employed,629,1496104.48,48,63522.42,0.269,3,0,2,154018.24,Business,1
27,1151332.68,0.6,Salaried,892,1421998.36,84,437534.58,0.479,3,0,3,50871.46,Medical,0
31,461855.48,4.4,Self-Employed,567,1871644.59,24,213590.93,0.787,2,0,2,37606.57,Vehicle,0
31,403818.5,0.0,Unemployed,720,794713.9,48,319316.3,0.948,1,0,2,62678.26,Business,1
60,782033.85,17.9,Salaried,672,594655.27,12,247218.06,0.377,1,0,2,217619.45,Home,0
62,575620.02,15.3,Self-Employed,831,316119.0,24,525134.26,0.956,1,0,0,26247.78,Personal,0
43,706283.34,9.5,Self-Employed,685,540280.89,48,0.0,0.061,1,0,1,105024.66,Personal,0
27,506041.33,0.5,Salaried,704,1157285.57,12,179516.57,0.538,1,0,3,153756.2,Home,0
54,609548.8,10.4,Self-Employed,696,1234262.54,24,27184.32,0.207,0,1,4,92783.18,Home,0
42,247682.02,8.9,Self-Employed,555,1137757.37,240,0.0,0.367,1,0,3,7819.28,Debt Consolidation,0
58,704890.94,12.1,Salaried,572,467766.16,180,15494.74,0.075,1,0,3,76346.7,Medical,0
36,869773.38,8.4,Salaried,625,470462.55,84,410966.42,0.516,1,0,4,111135.63,Business,0
64,743356.44,19.0,Contract,736,1778232.02,240,194568.44,0.453,0,1,3,243077.85,Vehicle,0
56,977626.94,11.7,Salaried,671,384003.51,12,160441.2,0.196,2,0,4,31496.12,Personal,0
30,772081.86,4.2,Self-Employed,631,1508262.33,240,339230.21,0.596,0,0,1,13269.05,Debt Consolidation,1
52,678114.67,10.1,Self-Employed,773,1002288.02,60,220777.84,0.444,2,1,4,40977.79,Personal,0
33,479018.61,0.0,Contract,472,433700.53,48,310399.97,0.72,3,0,4,129956.2,Personal,0
36,673434.07,4.2,Business Owner,533,207757.22,180,258111.94,0.408,3,0,4,90265.85,Debt Consolidation,1
32,265372.38,4.2,Contract,425,455540.29,60,297686.37,1.259,0,0,1,426010.83,Home,1
51,623230.28,13.6,Self-Employed,759,1008815.81,84,119056.29,0.321,2,0,3,42050.09,Personal,0
32,669499.69,4.8,Salaried,641,345186.0,36,388475.73,0.621,0,0,4,170039.81,Medical,0
49,1112855.27,13.9,Salaried,737,1577205.18,60,0.0,0.113,3,0,2,30261.07,Business,0
46,807080.08,7.1,Salaried,640,696069.77,24,184523.65,0.298,0,0,1,25688.71,Business,0
54,482786.5,12.1,Salaried,742,1150223.23,24,397445.87,1.014,1,0,0,117655.66,Education,0
64,369157.93,22.1,Salaried,639,1109855.55,84,172268.45,0.707,1,0,4,133675.92,Home,0
21,548361.98,0.0,Salaried,687,1610950.39,240,122446.36,0.458,2,0,0,230024.89,Education,0
64,931941.11,15.8,Salaried,674,581014.83,24,611919.35,0.706,2,1,4,267744.94,Business,0
25,556845.92,0.0,Salaried,680,853041.13,84,455346.52,0.94,1,0,2,75548.97,Education,1
44,804496.04,8.6,Salaried,802,99302.75,12,225493.92,0.29,1,0,1,187188.09,Business,0
35,746718.64,4.3,Business Owner,504,851574.11,60,25314.02,0.125,0,1,1,196858.91,Debt Consolidation,0
49,863250.11,13.0,Self-Employed,644,1370005.78,180,0.0,0.127,4,0,0,260353.57,Medical,0
52,293685.49,13.2,Contract,668,909735.85,48,327559.1,1.363,2,0,2,93874.26,Home,0
58,1112045.53,10.9,Self-Employed,654,1956334.77,180,427856.34,0.525,1,0,4,110402.97,Personal,1
38,372879.14,5.0,Contract,614,1059854.96,48,271238.72,0.955,3,1,3,278905.35,Education,1
62,921433.08,16.4,Contract,602,529793.8,240,0.0,0.046,0,0,2,456060.62,Medical,0
35,573954.0,7.8,Salaried,788,1027882.37,84,228857.45,0.542,0,1,2,294806.95,Personal,0
29,245043.02,0.0,Unemployed,644,68302.6,36,112366.87,0.481,0,0,1,182162.33,Personal,0
37,587724.52,8.5,Salaried,869,400509.53,36,229098.17,0.444,1,0,4,45100.74,Medical,0
44,732901.15,6.2,Self-Employed,698,191495.4,180,549816.98,0.771,4,1,2,276858.64,Vehicle,0
50,801381.14,11.3,Contract,624,808055.44,60,342092.29,0.508,3,0,4,79827.77,Debt Consolidation,0
57,972590.38,14.9,Salaried,700,769738.41,48,303693.43,0.376,2,0,4,205382.36,Home,0
30,978987.22,2.0,Self-Employed,660,1402554.83,84,191838.0,0.311,0,0,4,29759.79,Business,0
34,721955.39,6.6,Salaried,771,750465.76,12,274605.43,0.464,3,1,4,374575.97,Personal,0
62,1151418.56,9.6,Salaried,545,298740.11,24,69856.72,0.081,1,0,3,662.96,Medical,0
40,680243.14,9.3,Salaried,488,1579658.86,60,299888.45,0.627,1,0,1,40062.63,Business,1
31,899360.09,2.6,Salaried,682,20000.0,36,165193.67,0.185,1,0,1,219248.5,Debt Consolidation,0
64,836179.92,16.9,Salaried,725,819232.78,60,51993.98,0.141,2,1,3,7701.5,Home,0
40,519698.84,12.0,Self-Employed,676,908803.75,48,346700.32,0.807,0,1,1,239224.87,Vehicle,0
64,774308.54,13.4,Self-Employed,711,794856.23,48,0.0,0.082,0,0,2,85514.89,Home,1
61,845792.97,16.8,Self-Employed,697,1050045.94,180,101967.63,0.22,1,0,3,10066.65,Vehicle,0
60,858950.47,18.0,Business Owner,517,855345.11,180,310397.67,0.441,2,0,1,139059.26,Education,0
46,778214.13,10.5,Salaried,675,1049829.98,36,420425.24,0.648,0,0,0,169644.85,Medical,0
56,921340.74,9.2,Salaried,769,498890.35,48,284906.54,0.353,3,1,0,199344.54,Vehicle,0
63,720156.71,20.9,Contract,665,70473.8,84,79024.36,0.118,1,0,3,103867.7,Personal,0
32,90000.0,3.8,Contract,532,776823.36,240,190832.17,2.811,2,0,0,55432.23,Personal,1
22,1022567.54,0.0,Salaried,620,286737.66,60,252429.42,0.269,2,0,3,27856.23,Home,1
35,567602.14,4.7,Salaried,700,435737.58,12,480896.19,0.909,0,0,0,3455.88,Business,0
49,478179.94,10.1,Contract,812,1380740.62,84,365707.64,0.996,1,0,3,67992.64,Personal,0
45,390972.43,6.0,Contract,474,1578998.9,120,367027.31,1.262,1,1,3,237139.64,Home,1
24,524888.52,1.7,Salaried,683,1371353.05,240,211775.47,0.612,1,0,1,93113.85,Home,0
45,531313.04,7.8,Salaried,566,1278690.79,240,7222.46,0.206,2,0,1,395226.42,Business,0
28,436747.63,4.8,Salaried,696,829975.57,120,0.0,0.152,1,0,2,78196.57,Debt Consolidation,0
43,495468.43,10.4,Self-Employed,703,1307721.99,60,145772.13,0.505,2,0,2,426801.64,Business,0
46,807435.71,14.9,Contract,629,977809.48,24,325897.52,0.501,3,0,4,460804.75,Vehicle,0
49,1341590.86,10.6,Business Owner,707,1773745.22,180,109660.51,0.188,1,0,3,41420.54,Personal,0
39,859142.9,4.8,Salaried,753,340949.42,60,302991.44,0.384,5,0,2,129676.64,Education,0
38,931649.55,2.4,Self-Employed,635,1136304.18,120,56956.62,0.159,2,1,0,156581.56,Education,0
50,592647.49,18.2,Contract,530,167853.69,120,84724.24,0.166,0,0,4,186155.87,Debt Consolidation,0
53,722166.34,14.8,Self-Employed,778,1139174.38,12,453441.78,0.754,0,1,2,548194.61,Home,0
56,811620.6,11.9,Contract,725,20000.0,48,338037.0,0.418,4,0,4,152406.68,Personal,0
35,477110.53,10.7,Salaried,701,193228.58,120,144832.03,0.336,0,0,1,35911.99,Education,0
39,547567.48,11.3,Salaried,588,158688.09,60,50500.8,0.115,3,0,1,66566.22,Personal,0
35,855637.99,1.5,Self-Employed,739,926066.0,84,370804.68,0.52,4,0,3,152820.12,Vehicle,0
44,941573.19,6.9,Self-Employed,834,977262.58,84,357762.84,0.463,1,0,3,10659.07,Vehicle,0
26,281852.57,0.0,Unemployed,639,2025239.5,12,315055.52,1.693,1,0,0,484164.62,Personal,1
39,355210.7,4.0,Self-Employed,659,754354.74,36,167990.88,0.643,2,0,3,322912.62,Vehicle,0
29,550102.0,2.9,Salaried,554,1186269.85,48,2973.58,0.178,2,1,2,123831.48,Vehicle,1
44,308667.22,11.3,Salaried,585,880435.03,48,197329.53,0.867,2,0,4,69286.39,Vehicle,0
58,729800.6,10.7,Self-Employed,553,1144449.03,12,453367.98,0.747,2,0,2,105510.85,Personal,0
64,792850.78,18.1,Salaried,662,871831.74,12,36373.0,0.134,0,0,2,254988.25,Medical,0
40,739322.39,11.1,Business Owner,619,1349808.44,36,208541.62,0.428,0,0,3,183671.1,Debt Consolidation,0
23,666427.81,2.0,Salaried,684,273663.24,180,494442.57,0.775,2,0,2,98921.67,Debt Consolidation,1
31,734225.31,3.8,Salaried,570,20000.0,240,145238.07,0.2,2,0,0,135918.18,Home,0
25,676215.51,0.0,Self-Employed,635,1008701.56,180,177053.23,0.381,3,1,1,120369.24,Medical,1
54,398617.43,15.7,Salaried,564,20000.0,240,0.0,0.004,1,1,4,33301.39,Debt Consolidation,1
64,815683.92,13.7,Business Owner,667,1455869.16,240,312176.11,0.526,3,1,1,47593.93,Home,0
45,774460.74,10.3,Self-Employed,503,525940.47,120,66692.37,0.14,1,0,2,325358.55,Education,0
28,1015677.94,2.9,Self-Employed,664,280881.6,24,0.0,0.022,2,0,1,89221.88,Education,0
21,682018.56,3.4,Business Owner,625,2150260.04,48,28359.45,0.294,1,0,2,66745.51,Personal,0
63,1013710.05,15.1,Business Owner,666,790774.99,120,237520.32,0.297,0,0,3,106441.55,Business,0
34,858537.98,3.7,Contract,501,694947.07,48,0.0,0.065,4,0,3,458493.85,Business,0
25,562843.08,0.0,Salaried,709,1173987.7,36,0.0,0.167,0,0,0,43202.14,Medical,0
28,908101.94,4.1,Salaried,623,1207732.06,12,300671.15,0.437,0,0,4,303374.65,Medical,1
32,1083543.46,3.1,Business Owner,670,1369563.34,48,186970.82,0.274,3,0,3,46653.25,Business,1
49,1029096.18,8.6,Self-Employed,482,133513.25,48,35481.91,0.045,0,0,3,180847.09,Business,0
60,831608.04,13.3,Self-Employed,538,1068053.39,180,142171.89,0.274,3,1,3,79082.65,Personal,1
33,1226034.31,6.4,Self-Employed,615,653406.98,180,512870.7,0.461,1,1,3,860929.27,Medical,0
51,536179.22,8.7,Contract,774,339485.76,24,430711.71,0.854,2,0,4,20811.66,Home,0
23,1137019.4,0.0,Salaried,697,824056.42,60,180661.97,0.217,1,0,3,86539.44,Home,0
21,792074.87,2.7,Self-Employed,662,20000.0,240,346912.81,0.44,0,0,4,383403.14,Personal,0
23,941096.83,0.3,Salaried,567,1261465.49,60,221780.56,0.343,0,0,3,47842.53,Personal,1
61,639990.56,18.9,Salaried,550,654662.04,240,0.0,0.082,0,0,4,4801.38,Business,0
46,1036118.68,8.9,Business Owner,675,561249.52,12,0.0,0.043,1,0,2,87874.75,Vehicle,0
56,1061743.54,14.0,Self-Employed,713,731160.67,36,36320.1,0.089,2,1,1,111968.93,Education,0
21,328160.34,0.5,Salaried,669,716241.62,240,0.0,0.175,1,0,2,89463.46,Debt Consolidation,0
21,559168.43,4.2,Contract,804,1370340.92,120,248882.03,0.641,2,1,0,22254.85,Medical,0
58,175686.83,18.7,Contract,589,252143.39,36,101010.88,0.69,2,0,2,94705.47,Debt Consolidation,0
25,567416.76,5.1,Self-Employed,666,608896.9,240,276559.23,0.573,2,0,3,66582.25,Medical,1
27,90000.0,0.0,Unemployed,498,691721.67,48,279325.28,3.0,0,0,3,27604.37,Education,1
43,611558.08,5.8,Salaried,669,267420.49,180,324204.94,0.565,2,0,1,185426.0,Vehicle,0
47,1408910.84,12.7,Contract,782,879656.72,36,32488.23,0.073,4,0,2,413221.1,Medical,0
31,1059450.88,8.1,Salaried,556,438063.35,48,292820.91,0.309,1,0,2,265388.87,Education,0
40,297138.12,11.1,Salaried,726,97859.0,36,28016.77,0.121,1,0,0,349827.24,Education,0
50,825934.58,11.6,Salaried,780,1063113.7,48,328041.19,0.5,0,0,3,62879.83,Business,0
40,856732.77,9.8,Salaried,588,1573637.54,84,420077.75,0.637,1,0,2,258443.4,Business,1
37,563525.73,8.6,Self-Employed,692,824210.38,180,330167.64,0.703,2,0,3,52230.69,Medical,0
24,653576.9,1.6,Salaried,792,748357.25,84,168126.04,0.349,1,1,3,273954.1,Vehicle,0
40,725995.55,8.2,Self-Employed,671,737762.22,12,302018.29,0.497,0,0,0,211771.46,Home,0
56,368347.16,14.3,Salaried,721,542024.56,84,0.0,0.118,2,0,2,317634.77,Business,0
48,423167.66,8.4,Salaried,490,1385048.71,48,0.0,0.262,0,1,1,48746.29,Education,1
60,410074.18,0.0,Unemployed,704,847024.88,12,284023.29,0.858,1,0,3,65228.38,Home,0
26,789850.63,0.0,Business Owner,697,20000.0,36,435392.2,0.553,0,0,3,20018.21,Personal,0
21,90000.0,0.0,Unemployed,531,1399476.98,240,0.0,1.244,2,0,1,80777.69,Medical,1
45,473405.97,10.0,Self-Employed,563,1276917.46,48,202733.23,0.644,0,1,3,131942.85,Vehicle,1
28,598555.19,2.7,Salaried,704,1100800.5,120,278995.44,0.613,1,0,0,165286.92,Vehicle,0
47,899537.74,12.7,Self-Employed,623,20000.0,24,89380.67,0.101,0,0,1,8918.54,Personal,0
60,697878.56,19.4,Self-Employed,750,798525.84,180,138911.11,0.291,1,0,3,15593.69,Business,0
35,1047682.71,9.6,Salaried,678,1246713.99,180,310383.79,0.391,2,0,2,376199.26,Debt Consolidation,0
45,498044.86,13.9,Contract,655,989749.7,24,219473.56,0.6,1,0,0,151909.71,Home,0
50,735277.45,9.3,Self-Employed,635,902575.68,120,220260.3,0.398,0,1,2,17234.96,Education,0
27,679426.14,0.0,Business Owner,676,1247756.34,240,23186.29,0.181,2,0,1,320655.65,Debt Consolidation,0
60,863990.24,18.4,Self-Employed,722,869654.15,240,194393.12,0.306,3,0,4,141491.33,Vehicle,0
29,428603.03,7.3,Self-Employed,698,1401812.19,120,128375.6,0.561,2,0,4,398096.37,Medical,0
56,1186849.44,18.7,Salaried,612,880878.39,120,138011.26,0.176,2,0,0,263391.79,Home,0
50,90000.0,0.0,Unemployed,762,841092.04,60,102547.27,1.887,0,0,1,338623.54,Vehicle,0
27,1046870.06,0.0,Salaried,709,1246206.84,24,195089.57,0.282,1,0,2,291314.84,Medical,0
52,715497.12,13.5,Salaried,685,600706.53,12,43710.0,0.128,1,0,1,3679.95,Vehicle,0
29,762106.15,4.9,Salaried,658,251378.92,36,202176.16,0.292,0,0,3,19693.4,Education,0
47,1011631.23,14.2,Self-Employed,695,801900.68,36,134294.32,0.196,0,0,0,672603.5,Vehicle,0
63,590415.37,0.0,Unemployed,485,1095187.26,240,32223.13,0.203,0,0,4,54292.36,Medical,1
62,540493.28,19.1,Contract,672,1262681.27,180,0.0,0.187,3,0,1,143134.11,Medical,0
59,1014022.39,13.4,Business Owner,798,1265449.76,36,370543.87,0.465,2,0,1,59455.24,Vehicle,0
42,779868.49,0.0,Unemployed,670,765675.91,48,334335.76,0.507,2,0,1,51063.87,Home,1
45,600177.07,11.2,Business Owner,658,714314.97,120,55126.26,0.187,1,0,4,40846.95,Education,0
34,1168607.13,2.8,Salaried,596,503942.03,120,322700.25,0.311,0,1,1,29649.39,Medical,1
61,816425.62,20.4,Self-Employed,694,924938.03,180,15538.29,0.11,2,0,1,19646.66,Business,0
41,551693.06,2.9,Salaried,632,20000.0,120,144716.76,0.265,4,0,1,581291.9,Business,0
54,475677.65,14.9,Salaried,768,811379.62,120,104549.64,0.356,2,0,0,72979.67,Debt Consolidation,0
36,589178.23,7.0,Salaried,572,2224840.34,120,150033.64,0.557,1,0,4,87413.01,Education,0
53,207180.42,12.2,Salaried,609,48068.29,240,316312.39,1.545,0,0,3,12293.75,Business,0
30,173188.88,0.0,Unemployed,596,878417.8,48,127662.66,1.143,2,0,2,421838.59,Home,1
53,280268.19,0.0,Unemployed,815,988917.9,36,138864.9,0.778,3,0,0,103148.28,Debt Consolidation,1
23,337396.59,0.0,Salaried,633,1053232.52,240,333780.9,1.239,1,0,0,253301.5,Debt Consolidation,1
25,948961.3,0.1,Business Owner,601,316678.48,24,211107.44,0.249,0,0,1,55536.05,Personal,0
36,590308.43,9.3,Salaried,462,1057793.36,36,93478.16,0.302,0,0,4,239068.68,Medical,1
42,504051.36,6.1,Salaried,568,532746.72,24,243315.51,0.567,0,0,2,336613.14,Vehicle,0
52,611666.52,13.8,Salaried,698,86208.27,180,378679.16,0.63,2,0,4,77794.94,Medical,0
36,733776.87,2.1,Salaried,697,1275978.65,240,390064.98,0.671,2,0,1,385302.87,Education,0
21,618305.3,1.4,Salaried,591,1132307.4,48,0.0,0.147,3,0,0,142183.29,Medical,0
35,466756.23,0.0,Salaried,596,316718.77,12,0.0,0.054,1,0,1,2295.78,Personal,0
40,688413.37,13.9,Salaried,817,528101.26,36,379835.16,0.613,1,0,1,131122.82,Education,0
44,656331.01,8.8,Salaried,893,509993.79,84,148246.5,0.288,1,0,3,175574.99,Business,0
49,399133.94,2.8,Contract,753,20000.0,48,0.0,0.004,1,0,0,81612.46,Business,0
31,557873.83,1.8,Salaried,790,1181214.87,120,68617.7,0.292,1,0,4,89835.65,Home,0
47,822834.57,7.8,Salaried,809,1199959.2,180,120972.45,0.264,0,0,3,39909.88,Personal,0
48,824034.56,8.8,Self-Employed,849,633695.22,48,143737.5,0.236,1,0,2,130125.17,Medical,0
55,644508.92,12.5,Salaried,623,785937.22,84,337687.12,0.621,2,0,3,44181.92,Education,0
43,835193.2,6.8,Self-Employed,571,857348.99,12,32749.79,0.121,0,0,3,12999.25,Education,1
56,460011.13,11.6,Salaried,815,922195.93,24,368395.83,0.961,0,0,3,87981.49,Medical,0
30,389753.04,0.1,Self-Employed,563,126235.4,48,251323.85,0.671,1,0,0,288917.47,Vehicle,0
52,630186.26,14.9,Self-Employed,557,1044222.3,24,0.0,0.133,0,0,2,74293.7,Debt Consolidation,0
23,1130391.53,4.4,Business Owner,559,212246.37,12,142494.74,0.141,1,1,1,82569.95,Medical,0
25,652812.91,0.8,Self-Employed,638,1140687.61,120,289040.08,0.583,1,0,1,139882.39,Business,0
59,645158.55,15.1,Salaried,471,267559.91,12,207121.19,0.354,0,0,3,77141.12,Debt Consolidation,0
41,1046034.5,4.6,Salaried,521,149945.63,36,268215.19,0.268,2,0,1,20283.4,Medical,0
48,609265.39,11.0,Salaried,594,785980.72,120,94265.11,0.258,0,0,1,16380.48,Personal,0
47,1236683.31,11.1,Self-Employed,542,774747.39,24,299858.25,0.293,2,0,3,261016.27,Education,0
51,562179.22,11.3,Salaried,746,851873.32,36,128276.85,0.349,1,1,0,280914.4,Education,1
31,377067.82,5.2,Salaried,651,353632.13,120,658309.82,1.821,3,0,1,279166.96,Education,0
28,729409.51,3.7,Business Owner,702,901408.86,12,0.0,0.099,1,0,3,261411.2,Home,0
22,540728.93,0.0,Salaried,692,948495.84,36,685631.17,1.408,0,0,2,111741.58,Business,0
59,512070.01,18.8,Salaried,631,1382856.65,60,28793.32,0.272,0,0,1,291057.55,Debt Consolidation,0
30,1427493.52,3.0,Business Owner,739,892516.36,12,428820.43,0.35,4,0,1,280832.37,Business,0
46,754656.64,15.0,Salaried,691,500303.92,84,348939.33,0.515,0,0,2,9501.02,Vehicle,0
41,776062.39,9.3,Contract,621,126468.9,48,36278.27,0.06,2,0,3,128182.78,Debt Consolidation,0
28,155530.18,0.0,Unemployed,498,34869.54,36,307904.86,1.998,2,0,0,146836.78,Medical,0
39,159582.65,0.0,Unemployed,697,961489.07,84,110754.25,1.176,0,1,3,128948.78,Debt Consolidation,1
24,865389.59,1.9,Salaried,536,1196599.44,12,249472.92,0.399,0,1,3,75702.19,Business,1
28,202039.56,0.6,Salaried,684,354889.78,84,226616.11,1.262,2,0,1,150332.37,Vehicle,0
27,332283.88,0.3,Self-Employed,657,927631.8,60,137124.23,0.636,2,0,3,236174.37,Personal,0
57,646172.87,16.0,Self-Employed,528,712890.66,12,122162.6,0.277,0,0,2,140147.89,Medical,0
45,1009761.83,10.0,Self-Employed,673,1159133.77,180,261357.03,0.351,3,0,0,52726.9,Vehicle,0
61,626370.76,14.2,Salaried,667,1233038.46,60,37312.0,0.217,1,0,3,290898.05,Personal,0
40,761037.89,10.1,Salaried,668,20000.0,12,44102.91,0.06,1,0,3,18353.04,Business,0
29,630932.17,3.3,Salaried,663,1316067.35,48,371895.71,0.756,0,0,3,310826.39,Vehicle,0
47,1002064.6,12.9,Salaried,591,926098.48,120,277109.52,0.35,2,1,0,72520.26,Education,0
61,323819.25,13.1,Salaried,703,534322.01,60,0.0,0.132,1,0,2,118205.23,Personal,0
44,502990.8,0.0,Unemployed,588,548268.58,48,19409.63,0.126,3,0,0,47221.08,Business,0
21,550275.27,1.5,Salaried,553,815873.7,12,0.0,0.119,1,0,3,251069.47,Debt Consolidation,0
34,870221.05,8.8,Self-Employed,711,548125.61,12,363744.17,0.468,0,0,2,3657.4,Debt Consolidation,0
61,165179.47,0.0,Unemployed,734,331498.18,36,323943.69,2.122,1,0,3,428222.56,Debt Consolidation,1
43,672098.27,8.5,Salaried,705,446101.17,36,4023.72,0.059,0,1,4,184982.08,Vehicle,1
62,697373.32,15.9,Self-Employed,631,279919.02,84,316937.17,0.487,1,0,0,83388.79,Personal,0
43,565391.13,14.1,Business Owner,475,1473284.22,60,557390.22,1.194,1,1,1,59382.33,Vehicle,1
21,279896.75,0.0,Salaried,783,827952.41,24,0.0,0.237,3,0,2,40055.66,Education,0
59,568897.16,17.4,Self-Employed,474,1926421.55,84,89281.86,0.428,1,0,4,23918.52,Home,1
54,731482.78,12.1,Contract,703,985538.19,240,0.0,0.108,0,0,0,203645.57,Business,0
52,653771.94,6.8,Business Owner,840,1094454.13,180,370737.9,0.701,2,0,4,66785.63,Vehicle,0
63,643481.61,13.1,Contract,663,269197.37,240,182709.62,0.317,1,0,3,40114.11,Business,0
29,90000.0,0.0,Unemployed,676,690895.53,60,128341.12,2.04,0,0,0,96962.98,Education,0
60,624337.52,17.7,Salaried,684,836345.65,48,240935.25,0.493,1,0,4,18140.23,Personal,0
31,1035896.66,5.2,Business Owner,668,481375.68,12,99751.9,0.133,1,0,2,177426.47,Vehicle,0
63,902295.08,20.2,Self-Employed,862,567599.49,120,127706.19,0.192,1,1,0,564248.04,Personal,0
29,752269.52,4.4,Business Owner,574,1010073.92,48,249457.24,0.439,0,0,0,265025.45,Medical,0
45,882913.18,7.3,Business Owner,563,1019879.9,84,90185.99,0.195,1,0,1,44758.66,Education,0
55,644934.9,15.4,Business Owner,621,131527.36,36,115582.61,0.196,0,1,2,72170.52,Personal,0
24,1015109.67,1.7,Contract,807,941870.45,24,171826.38,0.243,0,0,3,165919.23,Vehicle,0
23,1122940.63,0.0,Salaried,598,1076507.59,120,216441.24,0.269,1,0,0,292467.74,Debt Consolidation,0
58,902205.91,16.2,Business Owner,689,504861.58,48,308295.98,0.386,1,0,3,57978.82,Home,0
23,1253671.46,1.0,Salaried,746,454043.1,60,304981.01,0.272,0,0,3,55669.18,Debt Consolidation,0
48,510954.41,9.0,Self-Employed,720,1020734.57,240,0.0,0.16,1,0,1,80347.88,Personal,0
62,560230.19,15.9,Business Owner,742,20000.0,36,453431.24,0.812,1,1,1,203711.8,Debt Consolidation,1
48,503594.06,15.0,Contract,778,801042.24,24,210641.04,0.546,2,0,1,38549.82,Home,0
42,608127.43,12.5,Salaried,678,1617213.95,120,140301.03,0.443,1,0,2,202826.68,Vehicle,0
39,1232016.64,7.8,Self-Employed,609,20000.0,84,37362.67,0.032,1,0,1,111572.22,Personal,0
49,613710.22,11.4,Salaried,663,1211437.43,48,558050.08,1.067,1,0,2,320376.52,Vehicle,0
46,460086.05,5.7,Salaried,619,1072211.22,84,624775.37,1.544,1,0,0,74056.29,Education,0
43,441385.29,14.0,Salaried,877,80949.59,240,535912.52,1.229,1,1,3,35642.9,Home,0
27,903005.53,5.5,Contract,602,1060244.43,24,221854.82,0.34,4,0,4,48515.82,Debt Consolidation,0
50,936325.44,13.9,Salaried,693,1300709.95,180,261938.95,0.391,0,0,1,613951.7,Medical,0
53,224630.45,0.0,Unemployed,515,211691.4,60,468386.53,2.161,3,0,3,140715.54,Home,1
52,224053.97,12.5,Salaried,662,446387.83,180,156664.84,0.859,0,0,3,97952.26,Business,0
24,476851.61,0.8,Business Owner,624,813053.56,240,297434.46,0.76,0,0,2,239988.83,Personal,0
51,1120310.96,14.0,Self-Employed,711,1288835.07,24,240899.46,0.307,2,0,1,193007.8,Debt Consolidation,0
53,1018201.97,11.4,Business Owner,713,529440.8,24,545378.21,0.577,1,0,4,22676.38,Home,0
29,640365.34,2.5,Self-Employed,778,778954.63,12,458539.0,0.813,1,0,3,85872.88,Vehicle,1
58,1328208.29,16.7,Business Owner,770,467553.11,24,175165.1,0.16,2,0,1,147149.91,Personal,0
44,1158581.57,6.9,Contract,644,812278.81,48,474509.11,0.466,1,0,1,172974.32,Medical,1
41,651015.1,6.3,Self-Employed,565,1323339.11,36,199308.31,0.469,3,0,4,165843.98,Vehicle,0
52,688607.06,13.0,Salaried,576,852948.42,180,101759.99,0.247,0,0,3,378893.57,Vehicle,0
43,520488.33,12.8,Salaried,677,621270.4,120,148639.42,0.381,1,0,4,178078.2,Home,0
44,747849.18,11.6,Business Owner,664,783621.65,48,226534.03,0.387,1,0,3,78064.9,Business,0
34,267418.76,8.4,Self-Employed,673,399687.22,84,58690.98,0.339,1,0,0,15860.09,Medical,0
61,347403.41,16.2,Self-Employed,602,302803.96,36,106828.62,0.377,0,0,3,57242.01,Debt Consolidation,0
63,295335.28,21.3,Self-Employed,779,1401709.01,60,0.0,0.38,2,0,4,306154.56,Personal,0
26,886084.25,0.0,Salaried,517,1618854.8,36,51953.13,0.205,4,0,0,95077.15,Business,0
53,305649.44,18.9,Contract,597,20000.0,180,242218.44,0.798,0,0,3,136083.39,Education,0
22,1240490.57,6.9,Business Owner,553,1091064.75,36,387584.89,0.383,0,1,3,24448.84,Vehicle,1
37,615405.53,7.8,Business Owner,631,1229466.74,240,364525.77,0.752,1,0,1,4411.64,Debt Consolidation,0
63,1310337.48,19.3,Business Owner,762,194157.43,240,277371.17,0.224,3,0,4,919.87,Education,0
28,529736.41,2.7,Contract,624,564122.43,24,0.0,0.085,2,1,2,46087.76,Business,0
37,256453.31,5.8,Self-Employed,659,511476.87,84,45019.54,0.335,2,1,2,230796.12,Debt Consolidation,1
30,597944.72,0.0,Unemployed,710,1750473.38,180,164460.31,0.509,0,0,0,372248.84,Medical,0
53,1046466.41,12.7,Salaried,620,1626225.11,180,373309.96,0.481,1,0,1,2839.89,Medical,0
41,433487.25,9.7,Self-Employed,684,339411.59,48,99766.23,0.293,2,0,3,146666.24,Debt Consolidation,0
47,745086.93,11.7,Business Owner,673,70375.94,60,0.0,0.008,1,0,2,220253.18,Home,0
62,496551.02,22.4,Self-Employed,548,1186488.48,24,460691.87,1.119,0,0,1,27762.15,Business,0
43,635868.33,9.1,Salaried,608,1071973.76,36,67712.06,0.241,3,0,3,18846.78,Business,0
53,722957.29,8.3,Self-Employed,682,1421996.75,36,0.0,0.157,3,0,1,921186.12,Personal,0
25,524154.24,6.5,Salaried,765,270462.71,36,240920.36,0.501,0,0,1,87241.12,Home,0
30,172277.15,0.0,Contract,765,1161770.51,48,190986.56,1.648,1,0,2,205698.99,Debt Consolidation,0
62,577780.17,14.7,Salaried,839,434120.39,120,109977.27,0.25,3,0,0,303183.48,Medical,0
58,886879.69,15.6,Salaried,694,1111581.75,240,200066.22,0.326,3,1,2,496392.78,Medical,1
49,631775.11,12.5,Self-Employed,613,781440.33,84,33330.71,0.152,0,0,3,21621.96,Business,0
37,566139.84,2.1,Salaried,644,1750309.0,60,107915.45,0.438,3,0,1,126474.15,Home,0
29,391305.86,1.0,Salaried,640,1023696.85,120,193496.7,0.704,0,0,2,244063.18,Business,1
58,558487.16,10.4,Self-Employed,613,643002.84,84,0.0,0.092,0,0,0,42835.73,Home,0
55,1054237.03,15.5,Self-Employed,684,868966.7,60,371911.8,0.419,2,0,4,160674.06,Home,0
31,345055.69,7.6,Salaried,689,749740.77,12,0.0,0.174,0,0,3,24713.64,Home,0
46,855205.77,6.3,Self-Employed,544,222781.83,60,31005.88,0.057,0,1,3,257671.63,Business,1
48,692763.81,13.8,Self-Employed,748,1762446.08,12,380027.63,0.752,0,1,2,96657.48,Vehicle,0
42,724202.67,11.2,Contract,485,1599359.86,84,302476.07,0.594,0,0,2,84136.14,Debt Consolidation,1
61,536910.93,14.0,Salaried,630,711848.27,240,215718.16,0.508,1,0,3,25417.55,Home,0
26,527055.66,0.0,Salaried,753,1149940.37,180,0.0,0.175,0,0,1,66756.47,Education,0
32,281569.95,0.0,Unemployed,705,1825714.67,180,90977.46,0.842,3,0,1,139248.41,Personal,0
25,481833.26,0.0,Self-Employed,618,1418448.16,60,161091.77,0.57,1,0,1,236792.02,Personal,1
51,772858.03,16.6,Salaried,827,646304.3,60,174166.84,0.292,0,0,1,58689.19,Personal,0
49,798359.75,10.8,Contract,610,756021.39,60,405455.37,0.584,2,0,3,63052.72,Home,0
64,1272176.66,14.2,Salaried,470,20000.0,24,558972.81,0.441,2,0,4,26011.63,Vehicle,1
44,738547.51,9.6,Contract,691,1187385.92,240,310673.64,0.549,2,0,1,326071.49,Home,0
27,289939.34,0.0,Business Owner,490,1421422.62,12,103809.52,0.75,0,0,1,109084.81,Personal,1
40,597754.77,0.0,Unemployed,575,1424853.08,240,418594.4,0.891,0,0,0,52548.65,Education,1
24,208032.34,0.0,Unemployed,706,1150520.13,240,93877.47,0.894,2,0,1,353459.26,Vehicle,0
50,1189981.34,9.1,Salaried,609,976173.31,240,0.0,0.066,0,0,3,127209.02,Medical,0
50,1204731.11,12.7,Business Owner,702,301093.87,12,0.0,0.02,5,0,1,32267.8,Debt Consolidation,0
58,584683.15,20.1,Salaried,546,959854.77,240,0.0,0.131,0,0,0,49523.11,Personal,0
35,822475.7,12.2,Self-Employed,727,484169.0,36,130910.68,0.206,1,0,0,23532.34,Vehicle,0
34,490511.21,2.1,Self-Employed,498,1062589.71,36,167908.93,0.516,1,0,1,251898.95,Home,0
24,609672.71,0.0,Salaried,769,418066.9,120,0.0,0.055,0,0,1,166730.73,Debt Consolidation,0
39,822996.2,8.7,Salaried,607,1059408.01,48,46259.31,0.159,1,0,4,112052.87,Debt Consolidation,0
41,938250.05,11.5,Salaried,788,1461561.71,240,0.0,0.125,1,1,4,182649.48,Business,0
54,922801.46,6.7,Salaried,574,988575.83,60,177139.46,0.278,1,1,2,75754.56,Medical,0
54,717747.41,13.5,Salaried,823,964229.37,24,46372.58,0.172,0,0,0,197873.16,Vehicle,0
27,1238855.98,0.9,Contract,564,1256513.45,36,381789.12,0.389,1,1,4,154814.78,Home,1
33,544744.9,0.0,Self-Employed,489,1685167.33,120,230543.22,0.671,1,1,3,136845.48,Home,1
43,264199.84,4.8,Contract,654,746357.95,84,488861.72,2.076,1,0,4,28746.4,Debt Consolidation,1
35,288325.18,3.9,Contract,761,1060511.0,36,118142.3,0.704,2,0,0,127202.92,Business,0
22,1121501.93,0.6,Business Owner,721,1555616.29,24,585985.93,0.633,0,0,0,341398.83,Business,1
58,691836.77,17.8,Salaried,755,1134644.43,120,200453.59,0.421,1,1,0,78972.77,Education,0
53,735764.37,13.9,Contract,723,20000.0,36,104876.32,0.145,2,0,4,31141.65,Home,0
43,680369.03,11.6,Business Owner,576,442190.73,12,633572.45,0.983,2,0,3,59290.48,Home,1
34,675824.38,5.3,Business Owner,719,1175521.05,84,0.0,0.139,2,0,4,98711.01,Business,0
58,514226.03,12.7,Contract,658,599913.67,180,100517.85,0.289,3,1,3,129833.24,Debt Consolidation,0
22,720787.7,0.0,Self-Employed,586,1520177.34,36,0.0,0.169,1,0,1,55470.46,Medical,0
40,632655.02,9.7,Self-Employed,666,1728962.01,120,0.0,0.219,1,0,1,32759.48,Medical,0
56,813751.34,17.1,Contract,645,504877.42,60,0.0,0.05,2,0,0,145265.43,Business,0
62,807859.6,16.0,Self-Employed,777,283748.66,240,311016.29,0.413,4,0,1,96629.48,Education,0
32,526530.32,1.6,Contract,604,619408.83,84,0.0,0.094,1,0,3,60527.03,Business,0
49,319317.34,12.2,Salaried,599,590541.37,60,154140.39,0.631,3,0,2,91657.7,Vehicle,0
29,237550.1,4.6,Salaried,587,1568044.14,36,360544.91,2.046,2,0,2,35867.99,Education,1
26,1371662.9,5.7,Self-Employed,821,282332.79,180,283402.13,0.223,4,0,4,237517.53,Business,0
36,1014543.36,4.0,Salaried,592,1171215.1,12,274505.58,0.363,2,0,0,5737.37,Debt Consolidation,0
59,699045.64,0.0,Unemployed,767,1493918.97,60,418487.84,0.77,2,0,3,142316.29,Home,1
51,521348.3,14.3,Salaried,557,1209610.21,36,489697.39,1.125,1,1,4,103101.76,Vehicle,1
42,815377.43,7.2,Business Owner,696,1018227.64,60,0.0,0.1,5,0,4,287009.02,Business,0
33,432159.3,3.5,Salaried,674,718894.41,240,286976.49,0.797,0,0,0,250585.75,Business,0
27,90000.0,0.0,Unemployed,761,1724488.32,12,151001.02,3.0,3,0,1,232558.1,Personal,1
32,485806.62,0.3,Salaried,748,677372.17,12,173598.46,0.469,0,1,3,9397.56,Personal,0
27,949546.24,8.6,Salaried,657,1274142.16,180,0.0,0.107,0,1,2,249073.84,Business,0
29,834186.34,1.4,Salaried,602,720632.4,120,104249.3,0.194,2,0,3,65718.19,Vehicle,1
51,447488.0,14.6,Self-Employed,796,20000.0,48,123905.88,0.28,0,0,3,83818.73,Medical,0
26,186295.99,0.0,Unemployed,593,665178.64,36,457445.7,2.741,0,0,0,4320.3,Vehicle,1
23,443280.79,0.0,Unemployed,446,721858.09,84,0.0,0.13,1,0,4,103807.28,Debt Consolidation,1
44,526257.15,8.4,Salaried,483,728302.43,36,0.0,0.111,3,0,0,33761.24,Home,0
33,655896.56,7.4,Self-Employed,505,469844.96,84,198901.92,0.361,0,0,3,226366.03,Business,0
41,760461.86,7.0,Salaried,704,1112885.18,48,0.0,0.117,2,0,4,313718.19,Vehicle,0
27,715732.64,0.7,Self-Employed,849,1168544.74,120,174876.23,0.375,1,0,0,49928.42,Vehicle,0
30,690536.36,9.0,Self-Employed,466,647090.55,84,318936.03,0.537,2,0,2,85573.49,Education,0
40,493575.71,7.7,Salaried,580,642892.24,84,182033.19,0.473,1,0,2,108317.86,Personal,0
51,552256.35,10.0,Self-Employed,658,274655.87,12,122375.9,0.261,1,0,2,266990.9,Debt Consolidation,0
39,370587.54,2.7,Contract,789,927181.17,84,171819.04,0.664,0,0,4,28653.68,Debt Consolidation,0
44,278665.85,14.8,Salaried,579,1488959.7,120,352531.86,1.693,1,1,0,114907.71,Vehicle,1
43,637312.81,7.1,Salaried,703,1489308.57,60,0.0,0.187,2,0,3,559938.2,Education,0
32,837064.9,10.6,Salaried,627,500425.44,84,331126.74,0.443,0,0,0,82660.04,Home,0
33,290929.4,6.0,Salaried,885,1795595.88,84,19200.62,0.56,0,0,4,83657.66,Vehicle,0
39,722243.31,7.6,Salaried,663,618914.3,36,308372.69,0.496,0,0,4,231196.27,Debt Consolidation,1
22,799157.8,0.9,Self-Employed,682,292030.15,48,0.0,0.029,2,0,3,108714.39,Medical,0
51,230816.56,18.6,Salaried,658,119076.84,24,297651.87,1.331,3,1,4,134987.86,Education,0
48,763354.72,4.2,Business Owner,613,261866.11,120,181663.14,0.265,1,0,0,150420.46,Vehicle,0
34,1050552.55,5.8,Contract,735,966874.91,24,217379.77,0.281,4,0,0,14530.71,Personal,0
37,435985.25,0.0,Unemployed,546,671267.94,180,372609.82,0.978,1,0,1,76915.9,Home,0
35,324385.71,5.0,Business Owner,470,483996.06,84,52203.03,0.28,3,0,1,69954.02,Debt Consolidation,0
49,848584.87,11.6,Salaried,636,376302.47,60,195490.79,0.266,2,0,1,129551.44,Education,0
54,512065.8,12.4,Salaried,723,256941.27,60,254594.12,0.537,1,0,0,39994.35,Home,0
25,784826.73,2.2,Salaried,598,355065.6,24,146177.97,0.222,1,0,0,33320.5,Personal,0
39,131479.56,0.0,Unemployed,667,1307696.84,84,329022.09,3.0,2,0,4,136248.37,Personal,1
21,236741.89,0.0,Unemployed,540,1701668.26,48,259367.8,1.671,1,0,3,160358.39,Debt Consolidation,1
40,522614.31,8.7,Salaried,746,1732580.13,180,95612.85,0.448,4,0,4,97917.17,Education,0
31,630789.43,6.1,Salaried,709,1143543.46,180,426931.73,0.822,1,0,1,75054.61,Medical,0
35,500179.96,4.0,Self-Employed,652,553861.98,240,301141.3,0.691,0,1,4,50657.23,Medical,0
41,604115.44,13.6,Salaried,665,466093.26,240,48337.87,0.142,1,0,0,132787.55,Vehicle,0
35,90000.0,0.0,Unemployed,525,1178069.91,120,46532.82,1.564,3,0,3,128656.96,Education,1
38,773664.9,9.3,Salaried,529,676820.9,36,160487.73,0.277,1,0,1,175238.48,Education,0
54,742821.3,15.7,Salaried,639,1005958.27,36,280546.08,0.486,1,0,2,872.9,Vehicle,0
56,300866.96,14.1,Salaried,696,1765218.99,240,0.0,0.469,1,0,4,66790.85,Medical,0
21,848229.17,3.4,Salaried,701,908414.29,240,55908.32,0.152,1,0,0,57922.9,Personal,0
37,603928.01,11.1,Salaried,617,1938925.73,36,96053.96,0.416,1,0,3,66209.4,Education,0
58,751440.6,17.2,Contract,717,236562.59,84,0.0,0.025,4,0,2,39709.75,Vehicle,0
44,860140.42,7.5,Salaried,778,1023711.2,240,16081.9,0.114,4,0,1,318661.69,Home,0
30,709060.56,3.5,Self-Employed,642,956868.26,180,224714.23,0.425,5,0,4,11348.71,Vehicle,1
47,969300.79,12.1,Salaried,678,307959.36,240,111995.8,0.141,2,0,3,7885.22,Home,0
27,544676.12,4.9,Salaried,631,1200827.77,48,126141.26,0.408,2,0,4,43122.08,Business,0
21,858607.35,0.0,Salaried,639,1565405.0,60,0.0,0.146,2,1,4,1660.45,Medical,1
48,711731.15,9.1,Salaried,665,1901334.91,84,161566.99,0.441,2,0,4,27132.33,Medical,0
43,792908.36,13.6,Salaried,803,1005644.93,240,0.0,0.101,0,0,3,12241.84,Debt Consolidation,0
54,799907.29,10.0,Salaried,732,20000.0,240,462625.34,0.58,0,0,0,150320.28,Medical,0
36,955182.58,3.2,Contract,724,1038494.88,60,513799.0,0.625,0,1,1,7123.0,Personal,1
58,1041353.09,10.8,Business Owner,609,1170979.79,180,114830.17,0.2,0,0,1,244564.81,Personal,0
39,193263.63,0.0,Unemployed,569,682407.0,48,0.0,0.282,3,0,0,119685.75,Education,0
53,535683.24,16.5,Salaried,685,907559.64,84,353828.44,0.796,0,0,1,219114.51,Personal,1
25,749561.46,5.4,Business Owner,762,558286.84,180,306625.48,0.469,2,0,3,160059.44,Education,0
25,571974.64,1.4,Business Owner,805,733152.2,180,537454.13,1.042,1,0,2,140624.29,Personal,0
55,438951.95,15.1,Salaried,429,1308743.49,12,585393.99,1.572,1,0,0,244890.05,Education,1
57,175986.88,14.4,Salaried,870,1494511.87,12,0.0,0.679,1,0,3,39777.98,Education,0
62,335684.31,12.8,Self-Employed,688,164645.54,24,408558.7,1.256,1,0,1,131032.53,Vehicle,0
35,1138351.59,12.3,Contract,732,544338.81,12,159948.57,0.179,1,0,0,97503.74,Home,0
21,435874.94,4.1,Self-Employed,493,20000.0,24,298835.91,0.689,0,1,0,9915.69,Medical,1
64,1204865.07,18.3,Salaried,629,1719162.13,240,340012.7,0.396,1,0,0,57721.18,Education,0
47,428788.65,0.0,Unemployed,724,1235389.76,84,332464.64,1.006,2,0,1,150641.58,Debt Consolidation,0
31,617560.49,3.3,Salaried,544,20000.0,12,380066.54,0.618,2,0,3,13353.7,Personal,0
54,90000.0,0.0,Unemployed,390,767732.62,120,99151.48,1.784,2,0,1,117922.39,Education,1
60,718167.22,15.9,Contract,680,658270.46,240,28481.47,0.113,4,0,4,74448.75,Debt Consolidation,0
33,1109045.94,5.7,Contract,646,422030.53,180,413644.36,0.403,4,0,1,235476.07,Vehicle,0
54,1088409.19,12.2,Contract,780,1318138.66,180,43088.96,0.136,1,0,0,294826.76,Personal,0
55,770559.66,9.2,Salaried,636,1306693.42,240,535051.77,0.83,1,0,0,2333.62,Medical,0
43,378832.91,15.2,Self-Employed,642,934725.8,120,62412.45,0.362,1,0,1,60393.13,Debt Consolidation,0
48,591708.66,11.5,Business Owner,713,479173.78,180,131449.54,0.287,2,1,3,306636.21,Personal,1
32,569852.04,5.8,Business Owner,743,483375.99,180,165726.15,0.359,3,0,2,59119.21,Business,0
61,1039538.73,14.7,Salaried,586,821963.38,120,0.0,0.063,0,0,4,114106.41,Home,0
64,1136930.11,12.5,Salaried,735,571431.82,24,0.0,0.04,1,1,0,52291.32,Home,0
64,777973.21,17.0,Salaried,603,797089.27,240,364166.21,0.55,0,0,0,25501.48,Education,0
53,620229.89,11.8,Self-Employed,651,1079040.55,12,0.0,0.139,1,0,2,299005.6,Debt Consolidation,0
22,990177.62,2.5,Self-Employed,710,33235.77,36,653539.31,0.663,1,0,3,231829.59,Medical,0
37,403356.61,9.1,Contract,726,420907.86,120,183057.32,0.537,2,0,2,101819.66,Personal,0
40,819955.83,9.9,Business Owner,679,783153.52,120,14718.03,0.094,1,1,0,85364.95,Medical,0
63,991741.5,19.8,Business Owner,553,1582672.45,180,275639.28,0.406,2,0,2,6817.22,Vehicle,0
45,456299.85,15.0,Salaried,482,1222666.78,12,0.0,0.214,3,0,3,134481.33,Medical,0
44,510021.44,10.4,Self-Employed,633,798207.99,180,139957.78,0.4,0,0,2,79852.98,Personal,0
27,439565.61,5.7,Salaried,737,1001154.35,24,163038.56,0.553,1,0,0,67247.6,Business,1
55,1056181.71,15.1,Salaried,690,749248.07,84,0.0,0.057,2,0,0,264507.59,Medical,0
35,1120591.82,0.0,Salaried,672,1338611.89,36,86279.41,0.173,4,1,4,46894.39,Education,0
25,640698.13,1.1,Salaried,649,1016876.58,84,474684.16,0.868,0,0,1,28669.77,Vehicle,1
64,661945.35,14.6,Salaried,678,1439400.12,12,232985.04,0.526,2,0,0,21902.04,Personal,0
29,474039.73,3.9,Self-Employed,561,122330.66,12,271904.12,0.594,2,1,2,252735.08,Debt Consolidation,1
21,600436.58,0.0,Salaried,720,396904.73,240,58371.3,0.15,2,0,1,16982.09,Personal,0
24,471444.56,3.0,Salaried,726,937285.67,60,0.0,0.159,0,0,1,57155.56,Personal,1
40,632742.44,10.5,Salaried,618,1046755.59,60,156609.17,0.38,0,0,3,430498.92,Education,0
25,715308.21,5.2,Self-Employed,689,2000169.23,48,0.0,0.224,1,1,3,468602.51,Home,0
58,609671.76,19.7,Self-Employed,496,20000.0,240,2573.6,0.007,2,0,3,128447.43,Medical,0
43,618602.98,3.8,Salaried,666,783462.37,180,0.0,0.101,0,0,4,94871.19,Debt Consolidation,0
35,595636.38,2.0,Salaried,638,761039.01,60,0.0,0.102,2,0,2,354131.25,Vehicle,0
21,170609.14,0.0,Unemployed,763,918919.31,24,316859.14,2.288,1,0,3,42657.6,Education,1
42,552638.03,11.4,Self-Employed,632,1666630.31,120,176508.88,0.561,1,0,1,59988.17,Medical,0
27,958549.15,3.1,Business Owner,728,1238137.81,24,88459.37,0.196,1,1,3,30885.38,Debt Consolidation,0
64,286315.99,17.3,Self-Employed,615,20000.0,36,320782.94,1.126,1,0,3,119162.34,Vehicle,0
33,1029569.96,4.6,Contract,444,1566879.72,84,0.0,0.122,0,0,1,575997.85,Debt Consolidation,0
41,693882.37,2.2,Contract,630,1552931.51,240,0.0,0.179,4,1,4,92976.3,Education,0
21,752504.39,0.0,Salaried,668,931537.28,24,401118.6,0.632,2,0,4,310467.04,Debt Consolidation,0
26,946269.45,1.7,Business Owner,664,20000.0,12,610653.26,0.647,0,1,3,149727.83,Education,0
30,449985.21,1.5,Salaried,665,724190.51,48,323160.78,0.847,0,0,0,35617.3,Home,0
23,527410.36,0.0,Business Owner,604,1034363.99,120,284882.92,0.697,1,0,0,154387.36,Personal,0
52,434932.68,20.1,Salaried,621,1298275.51,84,95265.46,0.458,3,0,3,207147.78,Education,0
62,661232.99,15.6,Salaried,549,20000.0,240,99404.45,0.153,1,0,4,78738.69,Education,0
64,553801.17,0.0,Unemployed,470,415447.73,24,240908.47,0.495,3,0,0,20708.47,Personal,1
32,487059.49,5.1,Contract,640,1349008.21,180,447121.67,1.14,2,0,3,322612.91,Medical,0
55,853982.91,15.4,Salaried,583,1550882.54,120,276777.75,0.469,0,0,2,14214.51,Medical,0
43,90000.0,0.0,Unemployed,747,1015263.72,180,372432.44,3.0,2,0,2,189779.11,Medical,1
23,509608.2,4.5,Salaried,454,1374256.11,240,35078.87,0.285,1,0,0,112398.42,Vehicle,1
24,900784.34,2.5,Self-Employed,676,1027640.64,36,311046.55,0.437,0,0,0,49822.71,Business,0
45,629257.18,5.7,Contract,841,1281542.38,36,79158.05,0.289,1,0,2,200690.75,Debt Consolidation,0
39,446714.09,6.9,Salaried,634,872561.14,60,225227.32,0.66,1,0,1,158382.14,Home,1
21,435789.19,0.0,Self-Employed,650,1039974.27,48,310847.76,0.904,3,0,3,164290.13,Education,0
61,112994.36,15.3,Business Owner,688,189110.7,24,104378.04,1.058,3,0,2,78108.68,Debt Consolidation,0
53,443049.51,14.3,Salaried,695,1161068.63,36,16926.0,0.248,2,0,3,38269.1,Education,0
43,930310.34,10.7,Salaried,613,173823.58,48,265267.26,0.3,2,0,2,188916.95,Personal,0
64,583349.31,18.7,Salaried,559,1160508.03,120,175741.03,0.46,0,0,4,21991.75,Medical,0
63,759863.91,17.8,Business Owner,709,580508.48,12,224503.45,0.357,2,1,1,44864.38,Medical,0
63,143046.95,17.1,Salaried,478,984994.15,120,318285.88,2.776,1,0,1,3085.33,Education,1
32,225290.55,0.0,Salaried,725,323601.64,180,435311.49,2.047,0,0,3,130696.18,Debt Consolidation,1
59,1161512.29,17.5,Business Owner,615,548195.91,24,319387.75,0.313,0,0,2,47855.74,Home,0
43,820323.52,10.3,Salaried,650,983985.46,240,295749.28,0.456,1,1,0,45175.3,Personal,0
52,368640.24,9.4,Salaried,603,1177165.82,120,109932.12,0.554,1,0,1,25534.75,Business,1
58,703356.9,15.6,Business Owner,779,1346895.59,120,137568.75,0.349,0,1,4,60333.01,Debt Consolidation,0
28,763706.91,4.7,Business Owner,672,224963.17,120,281810.58,0.393,1,0,0,44598.2,Home,0
40,357968.07,11.1,Salaried,621,49433.59,180,134615.24,0.387,2,1,0,187368.41,Vehicle,0
26,113964.03,3.5,Contract,619,312346.83,48,281064.76,2.685,0,1,3,41518.01,Debt Consolidation,1
33,746197.4,5.8,Business Owner,637,267195.89,60,53188.9,0.1,0,0,4,213541.42,Business,0
39,797152.14,10.0,Salaried,866,1583414.46,84,547282.93,0.845,0,0,4,304974.83,Home,0
58,1008964.33,13.9,Business Owner,531,1470104.05,24,234862.06,0.349,0,0,3,116799.89,Debt Consolidation,0
58,1079809.35,16.0,Business Owner,747,301691.63,12,223040.94,0.229,5,0,1,144845.55,Medical,0
38,262610.68,4.9,Self-Employed,701,1655154.54,120,113131.02,0.935,0,0,3,424333.75,Education,1
35,656475.48,8.9,Self-Employed,789,1440249.32,36,544343.73,1.005,0,0,1,78907.02,Education,0
44,751887.16,4.4,Business Owner,707,20000.0,36,0.0,0.002,0,1,1,35321.06,Personal,0
61,348194.83,0.0,Unemployed,650,284883.83,12,73456.97,0.276,0,0,1,245286.84,Medical,1
63,673054.59,16.9,Self-Employed,742,20000.0,60,353646.51,0.528,0,1,1,48772.8,Debt Consolidation,0
30,461887.95,6.5,Contract,671,756709.18,84,243138.16,0.657,1,0,3,318713.13,Personal,0
29,90000.0,0.9,Business Owner,718,808706.06,240,96181.79,1.788,1,0,4,58852.53,Vehicle,0
52,983457.26,12.7,Contract,779,807769.92,60,101344.23,0.169,1,0,3,204746.56,Business,0
34,371497.54,0.0,Unemployed,658,20000.0,48,147639.64,0.402,4,0,4,101153.07,Medical,0
29,252927.55,4.5,Salaried,612,86380.53,180,218385.14,0.891,3,0,1,48328.23,Business,0
22,721282.91,0.0,Salaried,592,930077.44,36,479653.59,0.768,2,0,2,12303.43,Home,1
38,539173.8,8.7,Self-Employed,691,1111111.24,12,308929.13,0.738,1,0,3,213676.2,Vehicle,0
38,546256.92,1.3,Salaried,571,20000.0,12,384200.34,0.706,3,0,1,222941.84,Vehicle,0
45,479896.35,7.6,Self-Employed,619,159433.99,180,121830.64,0.28,1,0,3,63621.58,Debt Consolidation,0
29,758232.62,0.0,Contract,563,1311206.57,120,292831.33,0.525,1,0,2,43352.57,Medical,0
52,143044.11,0.0,Unemployed,696,187823.39,24,0.0,0.105,2,0,1,4731.7,Medical,0
50,412791.33,12.8,Salaried,582,792650.42,24,232784.7,0.718,0,1,3,30076.41,Personal,1
41,1092936.2,9.4,Business Owner,534,140228.31,180,221232.87,0.213,0,0,0,75395.06,Debt Consolidation,0
28,576279.65,7.2,Salaried,550,1215740.98,84,527855.02,1.085,3,0,3,60970.78,Medical,1
43,629128.4,7.9,Self-Employed,599,20000.0,60,480365.31,0.766,1,0,0,48162.3,Medical,0
50,860116.03,13.4,Salaried,607,647770.5,48,153480.82,0.239,1,0,2,223430.2,Personal,0
37,481103.32,6.6,Self-Employed,673,1270153.21,48,52914.75,0.321,0,0,3,7051.61,Education,1
32,515961.71,4.1,Self-Employed,635,1105014.3,180,57855.46,0.283,3,0,3,10697.56,Debt Consolidation,0
43,892428.82,12.7,Business Owner,683,567943.81,24,146963.88,0.216,0,0,1,57700.38,Personal,0
36,259655.6,12.2,Self-Employed,691,450658.93,240,434313.38,1.811,1,0,3,58508.94,Home,0
38,706274.76,5.5,Salaried,717,683551.74,36,274683.35,0.466,2,0,0,64186.35,Education,0
36,456072.14,8.5,Salaried,478,155324.46,36,293241.53,0.67,0,0,4,90207.86,Medical,1
34,852868.15,6.2,Salaried,549,749996.29,48,346017.23,0.476,1,0,1,33621.0,Business,0
52,479665.83,0.0,Unemployed,700,758562.02,180,21051.7,0.17,3,0,4,105397.6,Personal,0
41,413637.09,0.0,Unemployed,669,591025.37,12,72369.36,0.289,1,0,2,163714.52,Medical,0
41,258260.34,7.0,Salaried,738,1300173.81,24,293641.92,1.54,2,1,2,375508.67,Debt Consolidation,1
49,658151.15,0.4,Salaried,511,264758.19,48,59794.04,0.123,1,1,1,217547.85,Education,1
36,350683.36,10.6,Salaried,607,20000.0,24,0.0,0.005,4,0,3,164780.07,Business,0
25,752784.02,0.0,Business Owner,623,537340.31,48,5135.19,0.064,0,0,1,27852.81,Personal,0
58,132180.08,14.1,Salaried,665,861998.82,48,389785.01,3.0,2,0,3,58825.09,Vehicle,1
23,220791.93,0.1,Salaried,653,746635.87,84,132665.42,0.871,2,0,0,77568.59,Education,0
46,972258.4,7.6,Salaried,692,724418.99,36,240653.12,0.307,0,0,3,137811.06,Business,0
32,725263.29,5.1,Salaried,640,236817.74,60,14145.29,0.046,0,0,0,61891.05,Personal,0
30,538546.04,3.5,Salaried,774,308730.01,240,268292.6,0.544,0,0,1,177003.54,Medical,0
22,375814.17,0.0,Salaried,802,555826.91,60,151473.42,0.521,2,1,3,141741.93,Medical,0
60,595936.52,16.0,Business Owner,549,516401.34,180,280315.64,0.54,1,0,3,288470.5,Vehicle,0
39,704038.94,7.1,Self-Employed,654,1349042.78,36,113981.36,0.315,2,0,0,244125.27,Home,0
36,559091.92,8.8,Salaried,722,931957.93,240,290771.12,0.653,0,0,0,497245.43,Home,0
53,1082661.8,8.8,Self-Employed,703,533718.25,84,105137.73,0.137,2,0,0,347741.36,Medical,0
22,556809.07,0.0,Self-Employed,613,1347506.53,24,185541.9,0.527,0,0,0,119011.41,Education,0
45,686680.12,11.8,Contract,673,1023139.29,240,151097.6,0.339,1,0,1,43462.62,Home,0
42,90000.0,0.0,Unemployed,507,121228.2,120,204722.77,2.382,3,0,1,86488.22,Medical,1
45,581825.19,6.9,Salaried,648,20000.0,48,250231.62,0.433,2,0,2,127097.81,Vehicle,0
26,659247.85,0.2,Contract,519,136882.71,84,110917.37,0.185,0,0,3,78178.59,Personal,0
62,779803.57,16.1,Business Owner,696,1097467.31,240,178468.71,0.341,1,0,0,1969.2,Home,0
31,658592.87,3.7,Business Owner,550,1245742.53,12,233567.58,0.506,1,0,2,8643.87,Home,1
50,768727.41,11.0,Salaried,665,20000.0,12,291383.71,0.381,4,0,0,22452.38,Medical,0
53,1074705.82,9.7,Salaried,679,1129322.11,180,186304.64,0.257,0,0,3,105256.13,Debt Consolidation,0
36,681242.34,8.3,Salaried,657,1110369.92,36,40330.5,0.19,1,0,4,24690.52,Education,0
26,551046.57,0.0,Unemployed,593,1497520.88,180,215561.76,0.609,2,0,4,31884.23,Medical,1
34,794400.59,0.0,Self-Employed,631,1275197.07,120,320661.92,0.532,0,1,0,254566.9,Education,1
56,976088.34,9.3,Salaried,756,1475941.23,240,0.0,0.121,1,0,3,53592.43,Debt Consolidation,0
60,564570.02,18.6,Self-Employed,612,1044182.96,120,0.0,0.148,2,1,3,610531.33,Personal,0
62,671268.13,21.1,Salaried,652,1027460.94,240,80801.94,0.243,2,0,4,27965.61,Education,0
30,576306.61,0.0,Salaried,600,631357.71,84,165380.57,0.375,0,0,0,11162.8,Home,1
47,814569.31,12.8,Self-Employed,742,1210128.18,12,0.0,0.119,0,0,0,80814.35,Education,0
27,816103.21,7.3,Self-Employed,657,133796.64,24,303336.22,0.385,3,0,1,160325.03,Business,0
52,724264.05,9.8,Contract,581,730661.29,180,167144.25,0.311,1,0,0,53214.87,Debt Consolidation,0
39,1023176.64,11.9,Business Owner,651,1069941.77,36,0.0,0.084,0,0,1,511730.41,Medical,0
52,552167.13,11.9,Self-Employed,628,1504107.43,240,0.0,0.218,3,0,1,169979.84,Business,0
51,911344.39,12.9,Contract,775,561030.91,180,145894.86,0.209,1,0,4,567679.86,Education,0
64,982952.36,15.0,Salaried,646,1283290.53,120,0.0,0.104,2,0,4,341319.51,Education,0
42,982374.09,11.4,Business Owner,526,701410.7,24,374683.02,0.439,0,0,1,3248.89,Home,0
36,828542.45,8.5,Business Owner,695,1293529.47,24,233629.96,0.407,2,0,3,256939.57,Vehicle,0
44,847330.83,14.4,Salaried,811,399323.95,120,322074.11,0.418,2,0,0,22005.29,Medical,0
28,397498.88,7.1,Salaried,758,1162985.79,48,14776.28,0.271,0,0,1,394356.97,Vehicle,0
25,661590.57,1.6,Salaried,551,752331.11,48,274047.1,0.505,1,0,4,145480.83,Home,1
43,741127.62,18.1,Salaried,626,207449.41,12,81084.2,0.132,1,0,4,22418.25,Medical,0
57,375621.08,18.5,Self-Employed,647,723351.19,60,165355.63,0.594,1,0,1,258020.58,Home,0
44,787646.06,10.8,Salaried,648,1460855.61,12,263509.41,0.483,0,0,3,252565.03,Education,0
55,539795.32,10.6,Business Owner,684,290397.54,24,187388.26,0.39,0,0,0,162599.13,Home,0
28,514020.43,0.0,Salaried,619,57841.28,240,345515.54,0.681,0,0,4,64662.92,Home,0
40,666940.24,3.3,Salaried,568,999371.26,120,225033.99,0.457,0,0,1,261657.47,Home,1
47,495315.9,7.6,Salaried,736,20000.0,240,116637.24,0.239,1,0,0,57795.97,Business,0
36,665638.51,10.1,Salaried,549,1581677.48,240,351718.52,0.718,1,0,2,18444.54,Education,0
21,266639.25,0.0,Unemployed,578,1569080.18,240,389657.53,1.932,1,0,4,56401.94,Home,1
24,403954.59,0.0,Salaried,548,1319140.16,48,215767.35,0.795,1,0,3,108087.11,Business,1
61,861993.61,15.6,Salaried,705,794384.01,36,440499.33,0.585,0,0,2,500362.41,Medical,0
47,486960.87,9.6,Salaried,660,1632330.83,120,157620.51,0.592,1,1,1,93752.28,Debt Consolidation,1
32,1204993.59,6.8,Salaried,730,1472723.74,84,176971.68,0.245,0,0,0,302975.48,Vehicle,0
32,605630.29,1.8,Self-Employed,579,533640.58,48,200788.2,0.402,1,0,0,150119.05,Debt Consolidation,1
22,310176.46,1.4,Contract,537,1519418.01,60,176636.59,0.961,0,0,0,90638.2,Vehicle,1
62,476914.56,17.3,Salaried,610,344163.25,24,144102.1,0.36,0,0,1,2082.72,Medical,0
25,898895.12,0.0,Self-Employed,634,701483.53,60,71325.48,0.142,3,1,2,219050.21,Home,0
54,596712.09,18.0,Self-Employed,669,20000.0,240,21058.09,0.038,2,1,0,47253.69,Home,1
31,289059.05,3.1,Contract,499,872961.88,48,219937.0,1.002,2,0,2,196283.84,Education,1
35,855428.19,2.6,Self-Employed,693,652745.75,60,415701.31,0.547,1,1,3,85416.51,Business,1
33,532106.53,7.4,Salaried,570,573900.03,240,346556.28,0.738,2,0,0,123436.66,Personal,0
57,1021354.88,14.6,Business Owner,592,717172.92,180,269855.24,0.32,1,0,2,179541.69,Business,0
22,836891.51,1.6,Contract,756,510227.38,180,424850.41,0.556,2,0,1,317855.2,Vehicle,0
36,713615.88,2.4,Self-Employed,454,820837.07,12,203464.53,0.377,3,0,3,161496.4,Vehicle,1
33,884976.85,0.0,Unemployed,679,1441784.55,180,22013.66,0.155,3,0,1,99396.78,Personal,1
33,204814.38,11.3,Contract,679,269073.59,12,137099.68,0.774,3,0,3,66125.39,Vehicle,0
29,419512.48,0.0,Salaried,576,1231263.71,12,189081.07,0.686,1,0,0,110415.23,Home,1
61,656012.5,17.1,Contract,610,907621.11,48,107763.93,0.275,1,1,4,26998.71,Vehicle,0
37,1213293.38,4.0,Self-Employed,760,987063.22,48,309812.1,0.32,2,0,4,145289.35,Debt Consolidation,0
39,1103500.62,15.3,Self-Employed,827,784645.57,24,368397.11,0.391,3,1,3,16706.29,Business,0
37,970172.72,10.1,Self-Employed,746,441299.95,84,0.0,0.036,1,0,4,272635.83,Personal,0
64,530469.01,18.0,Contract,820,1022431.85,240,173817.16,0.482,0,0,3,50963.2,Vehicle,0
35,472621.32,1.9,Self-Employed,588,1059419.65,84,0.0,0.179,1,1,1,219169.61,Personal,1
36,437859.99,3.0,Self-Employed,508,399765.33,240,183516.76,0.492,2,0,0,45578.7,Medical,0
35,446143.28,7.8,Salaried,645,130742.73,240,181504.69,0.43,1,0,4,57235.77,Debt Consolidation,0
35,1015176.15,1.5,Salaried,722,842653.98,180,519717.77,0.578,1,0,0,100562.44,Personal,0
24,548058.22,0.0,Contract,483,1177360.42,24,465726.25,1.022,1,0,3,249074.83,Home,1
47,800125.46,10.4,Business Owner,567,1302545.03,84,367823.09,0.59,1,1,0,16239.1,Medical,0
22,796596.7,0.8,Salaried,577,1401661.61,12,27247.02,0.175,0,0,0,5920.2,Personal,0
30,211118.01,4.7,Contract,682,985695.42,120,16848.6,0.453,3,0,1,414591.64,Debt Consolidation,0
29,637161.46,1.9,Contract,670,668393.66,240,2710.3,0.088,1,0,3,185166.99,Medical,0
33,361782.07,7.6,Self-Employed,580,798922.75,24,474791.13,1.489,2,0,0,48336.33,Home,1
54,625396.27,10.6,Salaried,666,178411.61,60,36120.43,0.081,1,0,0,290514.83,Education,0
47,531394.83,12.3,Self-Employed,547,458677.27,24,130597.38,0.315,2,1,1,229218.36,Education,1
64,569504.81,17.8,Salaried,612,773377.18,60,38041.73,0.175,1,1,2,78317.87,Education,0
36,701395.45,7.8,Salaried,536,666680.54,60,0.0,0.076,2,0,1,72712.98,Personal,1
61,775303.35,19.5,Self-Employed,636,846004.65,240,259870.93,0.422,1,1,3,30811.04,Education,0
22,548044.85,0.0,Contract,578,112581.38,36,227601.79,0.432,2,0,2,508.7,Business,1
43,758671.09,6.8,Salaried,712,224265.35,120,0.0,0.024,1,0,4,29691.0,Medical,0
56,487846.36,8.9,Contract,648,1187796.85,84,0.0,0.195,3,0,4,12868.65,Vehicle,0
44,839396.47,3.1,Contract,630,383327.66,120,245933.87,0.33,2,0,1,3965.44,Medical,0
62,671450.24,15.9,Salaried,809,461908.99,240,187001.51,0.334,1,1,3,240440.98,Debt Consolidation,0
34,518084.11,4.9,Salaried,684,847517.86,24,127832.29,0.378,2,0,3,159547.93,Vehicle,0
22,554310.3,0.0,Business Owner,617,334406.39,12,309022.05,0.606,1,0,3,114172.53,Personal,0
55,791650.63,11.0,Business Owner,597,1353164.96,84,0.0,0.137,0,0,4,153706.15,Home,0
23,1073659.81,5.4,Salaried,544,171584.94,24,92901.49,0.099,0,0,0,64091.73,Personal,0
54,833171.56,15.8,Business Owner,644,800761.99,60,293246.69,0.429,2,0,4,69554.46,Education,0
53,409899.12,9.0,Self-Employed,678,425707.49,60,83126.9,0.286,2,0,2,29643.1,Home,0
58,1090704.77,13.5,Business Owner,478,878093.75,84,256258.41,0.299,2,0,0,5337.23,Vehicle,0
42,695017.89,9.6,Business Owner,527,551267.82,12,0.0,0.063,1,0,1,50704.49,Medical,1
60,787939.75,13.7,Salaried,604,788174.07,84,51707.1,0.146,1,1,0,43920.88,Education,1
28,469584.86,0.4,Salaried,551,1410640.46,180,0.0,0.24,2,0,1,1978.67,Education,0
40,977193.33,6.6,Salaried,654,456276.78,12,0.0,0.037,1,0,0,139974.44,Business,0
26,117310.06,0.0,Unemployed,666,452114.81,48,114329.51,1.283,0,0,3,15825.08,Education,1
54,1048464.49,16.7,Contract,639,642049.55,48,281004.33,0.317,1,0,0,4030.35,Home,0
52,430684.85,10.2,Contract,700,1537009.69,48,179336.24,0.702,1,0,0,83940.49,Home,0
56,631773.4,15.4,Salaried,597,755128.66,60,408851.28,0.743,4,0,4,159857.64,Vehicle,0
54,1048998.95,13.2,Self-Employed,646,1417101.3,24,129296.1,0.231,1,1,2,49748.44,Vehicle,0
34,681043.56,2.2,Salaried,560,711544.29,60,0.0,0.084,2,0,0,316667.08,Debt Consolidation,0
23,1173866.49,0.0,Salaried,676,1394818.51,12,261954.98,0.318,1,0,3,4884.05,Business,0
61,652714.89,12.2,Salaried,657,1003695.78,12,5864.94,0.132,2,0,4,193003.7,Vehicle,0
42,727260.71,11.9,Contract,542,1077283.22,60,222658.52,0.425,1,1,1,96339.79,Vehicle,1
25,1088287.32,6.3,Salaried,636,82115.93,240,0.0,0.006,4,0,1,182554.73,Business,0
61,341519.2,14.8,Self-Employed,647,20000.0,120,150491.17,0.445,0,0,2,63733.21,Education,0
64,90000.0,0.0,Unemployed,675,1335100.76,48,326484.54,3.0,4,1,0,310560.99,Vehicle,1
40,608122.96,10.8,Business Owner,679,1328885.71,48,304486.4,0.676,1,0,4,25016.28,Medical,0
54,902343.17,16.8,Salaried,585,2010727.62,60,154866.46,0.35,2,0,1,7684.06,Medical,0
22,200537.2,0.0,Contract,719,57023.49,12,190760.3,0.974,2,0,1,28541.62,Debt Consolidation,0
25,761262.26,1.2,Self-Employed,697,1042899.71,84,110506.46,0.255,0,0,3,100602.99,Personal,0
33,767676.67,4.6,Self-Employed,585,288089.51,24,146306.19,0.221,0,0,1,17316.05,Education,0
49,1337597.56,8.9,Business Owner,547,429699.44,120,312819.3,0.26,0,0,0,59013.66,Personal,0
26,876371.23,3.2,Contract,592,548876.92,48,65020.14,0.124,1,0,2,41802.93,Vehicle,0
22,694012.56,0.0,Self-Employed,518,991177.52,48,82658.31,0.233,1,0,4,19576.72,Education,1
50,1026783.23,10.0,Self-Employed,669,467986.96,48,0.0,0.036,0,0,2,18589.62,Personal,0
54,833725.99,12.9,Self-Employed,757,816828.1,24,316405.58,0.458,2,0,0,8055.15,Home,0
53,580982.49,8.3,Salaried,778,1216017.12,36,142424.89,0.413,0,0,1,52349.86,Education,0
56,418848.56,7.8,Contract,552,1363986.66,24,0.0,0.261,2,0,4,73057.85,Home,0
56,562658.6,16.8,Salaried,721,1146294.66,180,348022.87,0.782,1,0,3,8967.32,Business,0
47,667981.53,8.2,Salaried,658,1025934.04,24,181812.09,0.395,0,0,0,267860.86,Business,0
43,709754.6,15.2,Salaried,434,729183.16,24,56576.38,0.162,3,0,1,87235.94,Debt Consolidation,0
58,177201.1,20.7,Salaried,620,515534.05,36,350860.3,2.213,2,0,3,53234.98,Debt Consolidation,1
36,590109.92,4.5,Salaried,610,1069505.77,48,128730.04,0.363,2,0,1,28431.61,Debt Consolidation,0
25,619145.44,8.6,Self-Employed,759,274545.47,84,0.0,0.035,1,0,2,509547.17,Education,0
54,835884.36,16.0,Salaried,572,859564.36,48,362720.87,0.516,0,0,4,55367.42,Home,0
33,1042700.22,2.9,Salaried,701,262161.35,60,38985.92,0.058,5,1,3,68483.53,Education,1
64,775413.38,9.5,Contract,640,779360.91,60,733826.1,1.027,2,0,3,797956.62,Debt Consolidation,1
39,90000.0,0.0,Unemployed,520,273144.87,24,109968.88,1.465,1,1,3,125420.43,Vehicle,1
58,256480.15,14.9,Self-Employed,600,599718.23,12,0.0,0.187,3,0,1,177148.16,Business,0
22,774752.74,1.7,Salaried,788,462023.49,120,505984.21,0.701,1,0,0,38875.27,Vehicle,0
50,469728.16,10.9,Salaried,634,401720.99,240,180061.77,0.452,0,0,4,129151.39,Medical,0
40,873709.24,4.2,Salaried,732,756321.49,12,236267.52,0.34,0,0,0,135871.11,Medical,1
41,1009355.04,6.7,Salaried,727,20000.0,240,258927.06,0.258,1,0,3,158763.15,Debt Consolidation,0
32,90000.0,0.0,Unemployed,610,20000.0,240,0.0,0.018,1,0,2,103004.74,Personal,1
63,1014473.14,15.7,Business Owner,534,1201856.32,180,0.0,0.095,4,0,0,161315.38,Debt Consolidation,0
38,974155.6,5.7,Salaried,546,873739.4,84,541887.37,0.628,1,1,2,36349.57,Medical,0
58,615759.83,0.0,Unemployed,781,438316.69,48,0.0,0.057,1,1,0,108486.63,Vehicle,1
39,129905.14,7.5,Salaried,664,1286951.68,84,485058.59,3.0,1,0,4,286126.17,Home,1
23,392586.99,0.0,Salaried,494,480411.27,12,284981.73,0.824,0,0,1,111717.87,Debt Consolidation,0
59,393954.87,18.0,Salaried,725,510153.34,36,221756.93,0.666,1,0,1,176710.85,Business,0
29,754868.19,1.0,Salaried,489,408307.36,48,105953.71,0.184,0,0,3,116879.59,Debt Consolidation,1
32,736331.66,3.5,Contract,576,1753309.39,60,605829.82,1.013,2,0,1,374543.07,Business,0
58,90000.0,21.3,Salaried,657,917550.87,36,65540.97,1.544,1,1,1,389420.63,Vehicle,1
60,791792.09,14.7,Business Owner,877,897855.44,48,70569.52,0.18,1,0,1,500233.42,Debt Consolidation,0
61,920179.96,14.7,Salaried,723,1033200.49,120,311391.97,0.428,2,0,2,559995.39,Education,0
39,690994.0,9.0,Contract,607,20000.0,240,69134.91,0.102,0,0,3,3819.82,Medical,0
54,735566.73,7.8,Self-Employed,653,502995.77,180,8207.4,0.066,2,0,3,63950.23,Vehicle,0
35,550751.58,9.4,Self-Employed,733,1027493.43,12,179961.15,0.476,5,0,0,44171.47,Medical,0
53,431264.76,15.8,Salaried,778,797945.76,84,314207.4,0.877,0,0,2,409528.64,Home,0
43,661736.04,10.4,Contract,628,1902709.35,60,528766.56,1.029,2,0,2,87113.46,Medical,0
23,619023.36,0.0,Self-Employed,630,532404.21,60,565479.64,0.982,2,0,4,189201.25,Personal,0
39,807813.63,6.4,Salaried,575,1271591.52,180,0.0,0.126,1,0,2,299044.59,Home,1
41,834124.98,4.2,Contract,710,1203002.15,36,378157.4,0.569,2,0,4,23178.29,Vehicle,0
32,654465.35,7.8,Salaried,742,871410.45,60,13392.97,0.127,1,0,2,71303.64,Vehicle,0
37,921727.09,9.6,Salaried,476,962201.72,180,22368.09,0.108,1,0,2,92096.78,Education,0
43,572268.83,10.0,Self-Employed,614,654899.8,84,93435.55,0.255,3,0,2,9655.79,Debt Consolidation,0
23,244993.86,0.0,Salaried,541,20000.0,60,81973.0,0.341,1,0,0,227575.4,Business,0
27,737263.42,6.9,Self-Employed,664,974591.8,240,0.0,0.106,0,0,2,12062.76,Debt Consolidation,0
54,730594.89,12.4,Salaried,539,1014214.19,12,0.0,0.111,1,0,4,1524.04,Home,0
36,769232.88,11.4,Salaried,531,1092822.8,48,451063.44,0.7,3,0,4,448100.48,Debt Consolidation,0
47,361887.16,11.2,Salaried,751,831548.16,60,352434.79,1.158,1,1,0,61991.13,Personal,0
45,1119699.02,11.1,Salaried,635,1285200.54,12,187794.14,0.26,2,1,2,118077.38,Medical,1
45,499625.6,0.0,Unemployed,645,367005.0,60,16611.09,0.092,0,0,4,105104.23,Debt Consolidation,0
39,582000.78,11.4,Self-Employed,689,1534193.8,240,413114.24,0.921,0,0,4,232298.43,Education,0
42,429136.71,10.2,Self-Employed,737,306042.46,180,179361.61,0.475,1,0,3,450021.32,Debt Consolidation,0
57,977288.35,18.7,Salaried,612,746080.4,12,87271.77,0.15,0,0,2,245085.76,Business,0
63,600557.55,17.3,Business Owner,614,1140436.88,180,0.0,0.152,1,1,4,40280.52,Vehicle,0
32,1198341.21,4.3,Salaried,615,542523.45,180,287694.29,0.276,0,1,3,63540.07,Medical,0
50,533698.77,13.4,Salaried,747,1174502.55,180,130628.67,0.421,3,0,3,1071.18,Medical,0
63,1306126.3,21.1,Business Owner,644,628607.28,24,237832.57,0.221,0,0,4,35818.77,Home,1
21,553881.55,3.1,Self-Employed,624,859066.51,240,221181.29,0.523,2,0,1,31542.11,Home,0
55,1097186.68,14.0,Contract,685,709435.72,12,305257.73,0.33,0,0,4,126599.0,Home,0
42,479282.87,2.8,Contract,815,511592.04,12,229992.91,0.565,3,0,1,5460.76,Business,0
63,730709.09,19.2,Contract,657,1925537.57,48,136002.54,0.397,1,0,0,366850.91,Medical,0
46,876187.33,5.7,Salaried,626,380126.2,180,290741.52,0.367,0,0,1,421002.43,Vehicle,0
57,873519.28,14.5,Salaried,825,20000.0,180,362074.34,0.416,0,0,2,90237.36,Medical,0
28,896190.46,2.5,Salaried,770,398181.87,84,469276.72,0.559,0,0,4,74792.62,Medical,0
27,496131.97,0.0,Contract,757,865647.94,12,0.0,0.14,1,0,0,278020.28,Vehicle,0
61,741202.09,17.1,Contract,605,611573.45,180,391134.3,0.594,1,1,3,119711.06,Personal,0
44,631097.14,0.0,Unemployed,596,1309287.83,36,0.0,0.166,2,1,0,198364.69,Debt Consolidation,1
45,495686.12,8.7,Salaried,485,1291091.9,120,373577.08,0.962,2,0,2,16679.26,Debt Consolidation,1
28,764135.27,5.1,Contract,737,640804.44,36,84681.39,0.178,3,0,4,98209.36,Education,0
30,572209.94,10.7,Self-Employed,657,20000.0,84,342471.82,0.601,4,0,3,621790.31,Education,0
57,759468.53,17.0,Contract,488,158425.48,12,459674.51,0.622,1,0,4,305277.28,Education,0
34,660137.55,3.3,Self-Employed,758,783898.81,240,232276.01,0.447,1,0,4,55524.46,Debt Consolidation,0
46,477929.21,10.7,Salaried,620,20000.0,12,191478.11,0.404,2,1,3,42474.03,Vehicle,1
34,573826.7,6.6,Salaried,631,616105.91,240,182288.2,0.404,1,0,0,139706.56,Personal,0
32,319233.06,0.0,Unemployed,514,1510651.39,240,115294.94,0.74,3,0,2,273857.57,Personal,1
28,595319.0,6.4,Salaried,694,971416.57,24,402394.01,0.806,3,0,0,48557.35,Home,0
61,1113183.99,7.7,Salaried,695,822833.97,120,180599.76,0.221,1,0,3,178889.59,Personal,0
62,975488.89,13.8,Salaried,646,279613.69,48,0.0,0.023,0,0,0,18254.43,Home,0
26,687495.12,1.8,Salaried,612,890868.83,36,359149.67,0.626,1,0,4,190878.58,Medical,0
36,104213.45,0.0,Unemployed,886,670737.93,36,349695.36,3.0,0,0,3,100449.86,Vehicle,1
45,465994.23,0.0,Salaried,542,919318.36,36,207761.48,0.604,2,0,4,109076.94,Education,0
37,1141452.76,4.2,Salaried,585,1163548.91,240,58120.33,0.132,0,0,4,174310.88,Education,0
52,440528.64,12.4,Contract,714,1249061.83,12,0.0,0.227,0,1,4,321587.02,Personal,0
32,661464.9,2.8,Self-Employed,559,864445.31,48,58636.37,0.193,0,0,0,211811.66,Education,0
23,696237.18,0.0,Salaried,552,1055961.46,48,235786.58,0.46,3,0,2,272549.15,Personal,0
35,564169.09,5.7,Salaried,752,544009.67,48,0.0,0.077,1,0,4,210465.58,Home,0
47,427449.06,11.4,Salaried,704,1366284.63,36,276394.78,0.902,2,0,1,681745.57,Debt Consolidation,0
28,424775.84,1.4,Salaried,694,356438.12,84,213061.19,0.569,0,0,1,305822.0,Education,0
56,568373.75,18.1,Salaried,666,696265.83,240,431709.13,0.858,1,0,0,35987.2,Business,0
21,422626.78,0.2,Salaried,588,1418308.86,120,326224.42,1.04,1,0,2,218921.75,Debt Consolidation,1
23,1087930.1,0.0,Business Owner,627,559168.79,24,69849.63,0.105,3,0,0,6141.45,Debt Consolidation,0
43,663718.5,5.4,Contract,643,129607.17,240,0.0,0.016,0,0,0,171421.03,Business,0
43,535049.72,8.2,Contract,726,594624.88,48,52179.3,0.186,1,1,1,172035.09,Debt Consolidation,0
33,662739.51,8.1,Salaried,688,1495867.14,36,448622.41,0.857,4,1,3,226034.89,Personal,0
32,799988.98,1.9,Salaried,566,20000.0,120,252985.33,0.318,2,1,0,107416.63,Home,0
24,172845.07,0.0,Unemployed,721,851196.59,240,307520.89,2.173,1,0,4,87945.55,Business,1
50,1062495.32,11.9,Business Owner,499,482998.24,36,86746.8,0.118,1,0,3,124131.01,Personal,0
37,330213.31,12.4,Self-Employed,621,716182.95,24,287257.39,1.043,2,0,4,142549.61,Education,1
26,907825.91,3.2,Salaried,547,625727.99,180,0.0,0.055,0,0,4,44134.14,Debt Consolidation,0
38,648761.92,4.7,Salaried,573,1280241.63,60,368336.48,0.726,1,0,3,32898.02,Vehicle,0
62,710996.91,18.6,Self-Employed,823,826904.03,120,0.0,0.093,2,0,3,338589.61,Business,0
32,459746.42,6.7,Self-Employed,518,1305267.38,60,0.0,0.227,0,0,3,53947.5,Vehicle,0
60,410037.47,14.4,Salaried,576,1442065.74,12,607219.69,1.762,0,0,0,334527.89,Debt Consolidation,1
32,90000.0,0.0,Unemployed,696,814948.5,48,224279.57,3.0,1,0,3,99141.56,Debt Consolidation,0
29,433305.83,4.8,Self-Employed,608,620251.08,180,219297.46,0.621,3,0,1,870163.51,Home,0
32,779918.31,4.6,Self-Employed,664,988591.95,240,0.0,0.101,0,0,0,86784.05,Debt Consolidation,0
35,401680.39,1.1,Salaried,779,1085093.48,48,312060.86,0.993,1,0,4,90432.88,Vehicle,0
26,377887.95,2.8,Business Owner,709,223354.62,120,359483.55,0.999,3,0,4,113074.52,Home,0
46,597733.67,8.1,Business Owner,608,918031.9,12,164126.91,0.397,0,0,4,110909.76,Home,0
35,545791.67,1.1,Salaried,638,673220.19,24,360183.41,0.759,1,0,0,272840.78,Vehicle,0
52,606624.69,11.3,Self-Employed,698,589825.77,120,410691.6,0.755,0,0,4,22866.49,Home,0
42,780776.77,12.2,Business Owner,707,454527.51,12,294630.07,0.424,0,0,0,161964.9,Business,0
40,915151.59,11.2,Contract,652,487139.92,120,0.0,0.043,1,0,4,122444.67,Personal,0
41,972313.61,10.8,Salaried,682,1427820.43,240,0.0,0.117,1,0,0,55237.09,Education,0
27,1119365.63,3.2,Contract,683,618003.74,12,503641.25,0.494,1,0,0,184801.28,Debt Consolidation,0
52,286773.17,14.2,Self-Employed,642,1371879.25,84,214829.2,1.132,1,1,0,147391.14,Personal,1
25,398029.02,1.9,Salaried,596,865513.29,48,215638.49,0.716,1,1,3,37446.28,Business,1
52,867621.29,9.1,Salaried,717,233642.69,84,50301.9,0.08,1,0,4,105280.88,Vehicle,0
64,615492.2,14.5,Salaried,676,895384.03,240,85254.62,0.255,1,0,1,169444.45,Personal,0
54,914196.62,11.4,Salaried,463,206040.22,12,414676.97,0.472,3,0,4,86689.08,Personal,1
41,711778.36,12.2,Self-Employed,576,1103572.82,120,469724.97,0.784,2,1,1,35195.49,Business,1
34,1183801.05,8.4,Business Owner,607,696113.32,24,343497.62,0.337,1,0,4,43302.57,Business,0
59,974679.03,12.0,Salaried,632,1227590.92,60,299282.92,0.408,3,0,2,136327.37,Medical,0
32,548254.16,0.0,Unemployed,758,1516772.92,48,312791.92,0.792,3,0,2,235661.79,Education,1
42,560032.1,7.2,Salaried,900,20000.0,60,187332.78,0.337,2,1,4,20691.36,Home,0
54,674634.79,12.7,Self-Employed,429,569427.21,120,0.0,0.068,2,0,2,137492.63,Home,0
61,293686.64,0.0,Unemployed,677,195270.0,84,0.0,0.053,4,0,2,337221.25,Medical,0
61,343526.96,20.2,Contract,656,1879130.61,48,436658.01,1.709,1,1,2,246553.01,Debt Consolidation,1
24,976942.31,1.1,Self-Employed,634,579843.8,84,194073.6,0.246,2,0,1,124289.89,Home,0
60,1053346.83,16.2,Business Owner,699,142443.87,84,285872.52,0.282,4,0,2,106983.72,Medical,0
26,528743.22,2.7,Salaried,663,1920169.32,12,237936.27,0.741,0,0,4,207912.63,Vehicle,0
46,1001148.13,6.9,Salaried,617,436963.58,84,247068.35,0.282,0,0,3,445357.16,Debt Consolidation,0
61,562408.09,16.3,Salaried,653,20000.0,48,262090.42,0.469,3,0,1,22440.72,Vehicle,0
49,224466.38,14.4,Salaried,700,220800.38,24,325532.38,1.529,2,0,4,104539.69,Business,1
62,974842.44,20.8,Salaried,692,871595.59,60,61840.19,0.135,2,1,3,82587.22,Debt Consolidation,0
36,325359.94,2.6,Salaried,667,822873.71,60,412833.4,1.471,2,0,4,72123.43,Vehicle,1
34,590056.13,0.6,Contract,597,381998.7,120,67208.04,0.166,0,0,3,152495.17,Home,0
35,693530.76,5.8,Contract,900,557476.12,48,243103.26,0.415,0,0,0,65359.81,Debt Consolidation,0
36,741366.34,9.3,Contract,682,826540.51,120,0.0,0.089,1,0,0,179645.32,Business,0
51,1052100.26,13.1,Business Owner,719,1461956.36,36,170006.44,0.273,2,0,0,257721.9,Education,0
40,802212.86,9.6,Salaried,604,966639.47,84,81230.43,0.198,3,0,2,130469.08,Vehicle,0
53,833473.13,8.7,Salaried,667,518417.07,240,204358.65,0.295,1,0,2,18493.92,Personal,0
39,606312.05,5.5,Business Owner,666,685787.45,84,332372.19,0.639,3,0,0,218345.17,Personal,0
34,712560.89,0.0,Self-Employed,478,1184854.97,120,213689.52,0.433,3,0,0,113315.59,Personal,1
29,247612.51,2.8,Salaried,586,1640033.44,48,552954.57,2.763,0,0,3,45998.13,Debt Consolidation,1
45,1062534.42,3.1,Self-Employed,584,247695.69,120,343265.5,0.342,3,0,3,294962.63,Business,0
60,366358.79,19.6,Self-Employed,596,1357054.77,180,158878.4,0.73,2,0,3,194486.73,Vehicle,0
58,624390.04,19.5,Salaried,554,643610.83,180,184500.99,0.378,3,0,3,90659.92,Business,0
32,303281.44,4.8,Salaried,654,20000.0,240,267997.26,0.889,1,0,1,181032.58,Medical,0
42,480458.43,3.9,Salaried,776,20000.0,36,326778.24,0.683,1,1,2,84315.48,Personal,0
52,696357.1,13.5,Self-Employed,662,1467087.31,180,0.0,0.169,0,0,3,134206.23,Debt Consolidation,0
47,195810.48,0.0,Unemployed,544,1526678.67,48,314597.73,2.23,2,0,3,47824.79,Business,1
23,892061.56,2.2,Self-Employed,557,515458.74,180,0.0,0.046,1,0,2,335968.41,Education,0
47,884725.25,14.0,Business Owner,616,693927.68,12,297172.97,0.399,1,0,0,147083.85,Vehicle,0
22,487272.57,0.0,Contract,523,20000.0,240,398017.47,0.82,1,0,2,747019.05,Vehicle,0
26,581604.52,0.0,Salaried,677,1181020.47,24,253951.73,0.599,0,0,4,472201.33,Debt Consolidation,0
49,1138925.11,11.0,Business Owner,772,785809.76,24,0.0,0.055,0,0,3,518292.58,Medical,0
25,839217.72,0.0,Self-Employed,598,23861.38,84,0.0,0.002,1,0,3,113771.05,Home,0
35,357307.28,12.4,Self-Employed,657,902370.38,60,301289.07,1.045,2,0,4,24624.19,Vehicle,1
46,504837.07,10.4,Salaried,611,105282.12,24,0.0,0.017,0,0,3,277371.48,Medical,0
49,802697.45,13.8,Contract,593,1078748.34,60,309777.85,0.493,1,0,2,239122.46,Personal,1
40,395341.65,0.0,Unemployed,667,258596.86,180,377268.71,1.007,0,0,3,316802.52,Medical,1
25,349404.61,0.0,Salaried,590,968534.58,60,404332.08,1.379,1,0,3,119263.17,Business,1
56,892281.65,18.3,Salaried,577,473483.76,84,156534.46,0.218,3,0,2,124960.0,Home,1
62,500281.46,13.0,Salaried,504,20000.0,180,278930.99,0.561,3,0,1,293715.54,Debt Consolidation,0
60,1042956.69,16.6,Contract,656,1298080.65,24,237600.53,0.327,2,0,1,9911.81,Medical,0
53,828362.29,14.1,Self-Employed,746,1325467.19,36,0.0,0.128,0,0,2,42392.99,Vehicle,0
38,368018.89,7.0,Salaried,714,539108.32,240,334103.37,1.025,3,0,3,175136.1,Personal,0
59,581730.82,12.8,Contract,784,937212.52,24,450285.82,0.903,0,1,0,56853.34,Education,0
42,526384.85,8.0,Salaried,589,1019088.98,36,324092.11,0.771,0,0,3,7692.26,Medical,1
27,657969.18,0.0,Self-Employed,727,1035244.73,36,109495.85,0.292,3,0,2,17709.59,Business,0
58,660005.78,17.2,Salaried,551,1662799.25,180,333190.94,0.706,2,0,0,181791.29,Personal,0
35,355627.77,7.3,Self-Employed,714,1008399.07,24,433573.66,1.446,1,0,1,175427.58,Medical,1
62,374435.21,16.3,Self-Employed,798,621171.44,48,409922.76,1.227,0,0,3,40274.2,Business,0
37,785255.83,4.7,Salaried,695,1013958.08,48,384836.87,0.593,2,0,4,163089.43,Business,0
59,785559.22,21.5,Salaried,800,585026.0,12,0.0,0.06,1,0,4,330922.01,Business,0
44,695384.39,5.3,Contract,596,267223.0,24,271678.64,0.421,1,0,1,29866.15,Debt Consolidation,0
41,727682.96,3.4,Self-Employed,638,1409870.17,48,316216.2,0.59,0,0,2,314688.29,Medical,0
34,484270.21,5.0,Contract,568,1067080.24,12,386958.73,0.975,1,0,4,7439.86,Education,0
57,753998.09,13.6,Self-Employed,653,20000.0,240,292812.31,0.39,1,0,2,6558.23,Education,0
23,1390626.39,4.1,Business Owner,674,458167.27,60,479351.25,0.371,3,0,1,37450.93,Business,0
41,953641.78,9.9,Salaried,652,1178820.49,12,0.0,0.099,2,0,2,122646.84,Home,0
37,575897.89,6.5,Contract,607,20000.0,84,300502.98,0.525,0,0,2,186758.15,Education,1
44,538157.06,10.7,Salaried,606,423533.4,120,286219.48,0.595,0,1,1,133903.31,Business,0
32,90000.0,5.8,Salaried,681,2130754.81,84,362489.07,3.0,2,1,1,113305.76,Education,1
50,954173.54,17.9,Salaried,636,634458.06,84,477582.31,0.554,0,0,4,201739.91,Business,0
37,844651.34,7.2,Salaried,546,1341346.89,12,40109.38,0.175,3,0,4,22655.02,Business,0
29,138043.01,0.0,Unemployed,479,1550233.5,120,471537.24,3.0,1,0,4,28584.07,Vehicle,1
29,90000.0,0.0,Unemployed,596,345751.29,240,346681.29,3.0,2,0,2,247013.27,Vehicle,1
51,551183.14,4.1,Business Owner,526,933182.64,48,166310.28,0.437,1,0,4,52599.15,Vehicle,0
32,744099.47,4.3,Salaried,575,1829410.21,24,36417.02,0.246,1,0,1,509499.0,Home,0
34,616664.82,8.5,Contract,612,1029762.37,24,235336.54,0.515,1,0,1,25725.95,Medical,1
48,1003898.0,12.6,Business Owner,637,1982759.35,84,251421.86,0.408,5,0,0,359854.31,Vehicle,0
35,663610.78,6.5,Salaried,590,481554.19,84,261413.73,0.452,0,0,3,142681.85,Education,0
38,892689.71,8.7,Self-Employed,847,1698548.54,180,87149.08,0.25,2,0,3,108380.06,Vehicle,0
31,872393.79,7.3,Business Owner,537,808336.99,48,309680.98,0.429,0,0,3,93526.77,Home,0
36,852198.85,10.3,Salaried,759,636259.97,180,127002.84,0.209,1,0,4,224949.65,Home,0
51,167579.15,13.3,Self-Employed,635,1120020.35,36,418983.59,3.0,1,1,1,52507.22,Medical,1
44,510413.61,8.3,Business Owner,591,744270.77,60,507837.2,1.112,1,0,3,116328.29,Vehicle,1
64,637912.08,10.3,Salaried,703,757715.62,84,53732.22,0.179,1,0,4,232292.29,Education,0
54,968892.2,16.1,Salaried,609,1042596.31,36,210780.21,0.304,0,0,2,6529.86,Vehicle,0
21,1070132.43,1.5,Self-Employed,577,20000.0,48,374989.46,0.352,3,0,2,180944.19,Business,0
37,756941.05,6.9,Business Owner,811,400671.91,180,249658.32,0.372,0,0,4,323643.63,Personal,0
33,133104.98,0.0,Unemployed,452,1161321.53,84,0.0,0.698,1,0,0,2706.43,Business,0
46,186257.86,12.9,Contract,628,1295765.21,84,355663.66,2.466,0,0,2,97258.92,Personal,1
32,848890.94,3.6,Self-Employed,667,978613.85,84,90960.98,0.199,0,0,2,238723.16,Debt Consolidation,0
63,588452.36,16.7,Self-Employed,777,937935.28,180,236084.45,0.529,0,0,1,322536.59,Education,0
34,1378583.67,5.0,Self-Employed,614,1001171.06,240,21072.12,0.073,1,0,0,44195.52,Debt Consolidation,0
43,481149.02,10.1,Self-Employed,889,1278899.21,48,343027.37,0.926,0,0,1,72540.0,Medical,0
26,1141318.77,0.0,Salaried,718,86886.0,48,124212.46,0.115,0,0,3,207732.45,Vehicle,0
61,1057091.85,17.7,Business Owner,437,545263.0,240,362076.92,0.384,1,0,3,446897.46,Debt Consolidation,0
61,612933.9,13.8,Business Owner,519,762785.46,60,161321.34,0.363,0,0,3,34862.88,Personal,0
55,760035.95,11.5,Self-Employed,671,897894.85,240,113378.04,0.244,1,0,4,83876.83,Business,0
36,837845.13,8.7,Contract,547,20000.0,180,274202.43,0.329,2,0,4,134637.63,Vehicle,0
23,699686.95,0.0,Business Owner,699,171303.22,120,6612.7,0.029,2,0,3,229261.58,Education,0
52,902495.68,15.1,Salaried,609,791669.76,120,523681.97,0.65,1,1,0,37054.56,Personal,0
39,857989.29,7.5,Salaried,542,1306570.36,240,233411.41,0.394,1,0,0,55291.65,Personal,0
64,878084.63,12.3,Salaried,563,590480.03,36,98073.13,0.165,1,0,0,54591.89,Home,0
51,685881.66,16.1,Salaried,727,466554.95,60,128118.69,0.241,0,0,2,225754.14,Education,0
44,375264.98,10.1,Self-Employed,468,1064334.22,60,203163.13,0.768,1,0,0,444050.53,Education,1
64,709803.66,18.4,Salaried,744,635964.51,24,379248.98,0.606,0,1,0,38289.43,Vehicle,0
56,749016.17,17.0,Salaried,747,1240449.23,60,38986.86,0.185,2,1,3,209896.75,Education,0
41,190987.28,12.5,Salaried,620,689337.12,84,133618.92,0.988,1,0,4,338615.5,Debt Consolidation,1
21,642308.83,0.6,Contract,524,242392.07,60,191088.11,0.328,2,0,1,62891.99,Medical,0
25,587799.68,3.5,Contract,700,1510298.14,84,477644.92,1.018,1,0,0,50982.6,Home,0
40,332843.48,8.7,Salaried,606,1418630.47,12,379845.91,1.482,1,0,0,262712.98,Vehicle,0
45,588748.4,8.6,Salaried,514,322260.26,60,486230.84,0.87,2,0,4,95721.9,Debt Consolidation,1
22,525038.41,0.0,Salaried,822,997851.8,240,205586.37,0.544,2,0,4,268898.28,Business,0
26,1097523.63,2.6,Salaried,570,636665.31,36,457895.85,0.464,3,0,1,502833.84,Vehicle,0
51,745029.59,16.1,Salaried,518,1109532.06,60,428109.82,0.694,2,0,2,47209.82,Education,0
54,958011.31,14.9,Salaried,676,362155.77,84,325417.12,0.37,0,0,2,52746.29,Medical,0
22,573546.17,0.0,Salaried,644,1235921.1,84,339859.79,0.765,1,0,2,493829.94,Business,0
43,90000.0,0.0,Unemployed,784,1397475.74,24,92976.81,2.275,1,0,3,165349.84,Personal,1
24,777085.46,0.3,Self-Employed,616,326328.63,24,529094.72,0.714,0,0,2,497449.51,Personal,0
52,528453.32,6.1,Contract,617,833850.07,120,155873.5,0.421,1,1,4,76406.61,Personal,1
57,624099.97,17.5,Salaried,680,1407982.5,60,300746.17,0.662,1,0,2,72320.86,Medical,0
59,450757.19,12.4,Salaried,668,299318.7,240,321805.68,0.767,1,0,3,27528.04,Medical,1
47,346191.97,0.0,Unemployed,671,465586.69,240,0.0,0.108,3,0,1,24199.65,Vehicle,1
48,947294.59,14.2,Salaried,674,1130869.0,24,190802.41,0.297,1,1,2,425315.39,Home,0
61,953184.53,15.3,Self-Employed,665,719655.43,48,236607.49,0.309,1,0,3,98580.94,Medical,0
47,724547.38,0.0,Unemployed,613,20000.0,180,179590.78,0.25,2,0,1,180677.37,Education,0
40,1088989.86,14.9,Self-Employed,725,639890.2,36,192937.78,0.224,1,0,2,241650.49,Medical,0
54,187531.44,16.2,Salaried,618,1673220.23,24,468683.25,3.0,2,1,1,152050.86,Business,0
46,376594.86,10.7,Self-Employed,722,1831444.17,24,51115.0,0.525,0,0,4,58097.13,Business,0
58,258952.11,23.5,Salaried,775,481456.79,60,0.0,0.149,0,0,3,18506.42,Business,0
44,826982.6,9.6,Salaried,589,343349.13,48,94431.57,0.147,2,0,2,162699.68,Personal,0
59,540729.55,16.9,Salaried,866,570994.02,240,333964.45,0.702,0,0,1,34984.56,Personal,0
22,480704.92,0.0,Contract,586,1700950.21,240,351501.88,1.014,1,0,3,175055.1,Business,1
22,698850.64,0.0,Business Owner,587,1221046.85,12,309081.38,0.582,0,0,3,28083.48,Debt Consolidation,0
25,707642.67,0.7,Salaried,699,1532042.57,240,364126.07,0.688,3,0,4,6152.41,Debt Consolidation,0
45,300669.74,9.7,Salaried,690,1299340.88,12,246087.07,1.164,1,0,3,191755.37,Home,0
52,528284.13,13.4,Business Owner,656,140317.91,120,106757.5,0.223,1,0,1,151131.04,Vehicle,0
30,627324.05,0.0,Contract,724,325576.09,240,29871.81,0.089,3,0,1,283971.3,Debt Consolidation,0
27,917686.48,4.4,Salaried,673,451913.43,48,0.0,0.039,1,0,3,64823.26,Medical,0
58,704650.65,12.3,Salaried,836,539012.65,24,159109.17,0.287,3,0,0,548994.58,Personal,0
54,501085.07,15.0,Contract,645,460846.5,12,341901.86,0.756,2,0,0,65996.22,Medical,0
49,146947.83,14.0,Contract,573,519017.57,48,242643.91,1.934,0,0,2,591093.86,Debt Consolidation,1
42,901168.9,7.2,Contract,600,1120245.17,240,204130.46,0.326,0,0,4,30311.92,Business,0
39,470017.09,4.3,Salaried,692,867898.17,60,10032.42,0.169,0,1,1,68319.05,Personal,0
21,313140.77,4.6,Salaried,694,1409889.04,48,664268.29,2.481,0,0,3,8176.48,Business,1
29,195168.69,5.8,Salaried,669,925919.16,12,51417.4,0.643,0,0,0,211225.53,Business,0
60,357224.8,16.1,Salaried,574,461861.77,84,221710.24,0.724,0,0,3,270725.42,Medical,0
35,401696.44,10.0,Contract,750,894230.98,24,380543.13,1.125,1,0,2,207894.65,Debt Consolidation,1
51,630287.82,12.2,Salaried,824,44344.77,120,207619.66,0.335,2,0,0,3074.67,Personal,0
51,387814.57,10.1,Self-Employed,653,20000.0,180,54750.96,0.145,0,0,1,267118.92,Debt Consolidation,0
34,685427.01,2.2,Contract,813,1121606.08,120,345558.88,0.635,2,0,4,99147.35,Education,0
29,212388.07,0.0,Unemployed,728,1309155.03,60,0.0,0.493,0,0,1,162116.7,Home,0
51,1395498.07,14.3,Business Owner,850,836064.71,84,513568.66,0.416,4,0,4,13162.69,Education,0
25,90000.0,0.0,Unemployed,693,604347.2,48,250802.19,3.0,1,1,1,17861.21,Business,1
42,703369.86,8.5,Salaried,662,129064.9,120,154386.26,0.234,0,0,1,170757.59,Education,0
60,760501.25,19.2,Salaried,726,1383462.52,120,0.0,0.146,1,0,0,100344.87,Personal,0
52,435360.65,11.8,Salaried,611,1046265.07,24,0.0,0.192,0,0,0,364128.15,Vehicle,0
54,372813.1,0.0,Unemployed,687,945586.77,36,190623.23,0.714,0,0,4,201750.14,Vehicle,0
24,801398.59,0.0,Contract,770,797588.11,120,540694.54,0.754,3,1,2,114772.61,Education,1
29,648122.87,1.7,Salaried,724,565214.64,48,241935.62,0.443,3,0,3,108173.14,Medical,0
33,982115.72,1.0,Salaried,647,243358.55,36,262470.73,0.287,2,0,0,110709.7,Medical,0
33,91578.1,10.8,Salaried,668,926352.08,240,269499.22,3.0,1,0,0,53799.02,Personal,1
29,413441.65,4.5,Salaried,718,530737.54,180,625527.58,1.616,2,0,2,21193.32,Medical,0
63,1094764.01,16.5,Contract,715,588019.48,120,120549.73,0.153,2,0,2,95998.79,Medical,0
28,849006.58,8.0,Salaried,718,1658922.88,48,481784.17,0.724,3,0,3,245249.17,Home,0
52,828127.93,8.5,Contract,681,775961.3,60,128255.76,0.23,1,0,3,168606.55,Business,0
46,983303.85,9.6,Self-Employed,576,20000.0,240,73349.67,0.076,1,0,2,142351.31,Vehicle,0
47,198860.53,16.4,Salaried,590,532270.78,60,185670.05,1.148,2,0,2,266933.95,Business,0
30,825902.67,3.2,Salaried,692,299274.13,180,184782.16,0.253,2,0,4,162213.51,Home,0
34,555092.54,0.0,Unemployed,725,730390.15,180,301162.42,0.648,2,0,3,111842.8,Personal,0
47,513324.96,12.8,Self-Employed,713,87783.8,180,0.0,0.014,1,0,4,119974.17,Debt Consolidation,0
34,1296309.28,9.1,Salaried,589,1016815.81,84,226614.79,0.238,2,0,4,97559.74,Personal,0
51,739087.24,16.0,Salaried,636,651966.74,48,92225.51,0.195,1,0,4,251882.66,Business,0
22,90000.0,0.4,Contract,544,562143.72,48,69688.5,1.274,1,0,4,101620.87,Vehicle,0
24,704318.0,0.0,Contract,525,874809.32,180,0.0,0.099,3,0,2,50340.87,Medical,0
53,516034.99,12.5,Contract,657,761671.58,48,134335.3,0.378,1,0,0,475524.91,Medical,0
48,972248.82,7.8,Self-Employed,772,732644.98,36,107010.73,0.17,0,0,2,5486.71,Education,0
22,739986.01,0.2,Contract,659,687906.65,24,123206.45,0.241,1,0,2,2309.5,Debt Consolidation,0
60,567519.48,15.6,Salaried,822,789842.89,84,0.0,0.111,1,0,4,256961.5,Vehicle,0
21,1125612.98,5.1,Business Owner,635,971588.04,240,217666.96,0.262,2,0,2,294746.57,Education,0
63,960862.83,18.6,Salaried,653,908985.15,48,57506.82,0.136,4,0,3,178311.18,Education,0
53,489020.0,19.9,Self-Employed,561,1363439.79,84,0.0,0.223,2,0,0,88191.79,Vehicle,1
64,340988.73,0.0,Unemployed,619,526655.21,36,101330.83,0.421,2,0,0,107973.87,Debt Consolidation,0
62,502229.2,0.0,Unemployed,543,919062.95,48,60666.41,0.267,0,0,4,432118.46,Medical,1
34,547934.18,4.1,Self-Employed,511,2023051.04,48,207404.7,0.674,1,0,0,131355.69,Medical,1
54,615400.15,17.7,Self-Employed,544,779523.19,48,98928.12,0.262,2,0,4,516800.83,Personal,0
30,636181.26,3.3,Contract,658,798910.15,180,0.0,0.1,1,1,2,242825.93,Education,0
41,90000.0,0.0,Unemployed,584,168306.91,240,40096.34,0.595,2,0,3,44219.37,Home,1
31,90000.0,3.3,Contract,605,443394.76,36,0.0,0.394,3,0,4,146250.83,Business,0
42,722783.72,4.8,Salaried,687,746816.94,48,404683.04,0.643,2,0,1,13496.67,Home,0
59,216775.01,11.0,Salaried,511,1066726.82,12,433615.07,2.394,2,0,2,65348.37,Education,1
40,408740.32,13.6,Contract,657,1124581.6,120,455404.63,1.334,0,0,0,28170.95,Medical,1
25,319104.41,0.5,Business Owner,726,963136.99,120,93827.43,0.535,1,1,2,26101.37,Personal,0
35,379888.89,6.1,Business Owner,734,1202049.01,180,433479.72,1.394,1,0,1,153105.7,Vehicle,0
55,958588.79,13.3,Business Owner,696,300328.52,84,273259.62,0.31,1,0,3,276790.46,Medical,0
43,610422.96,8.0,Salaried,645,1044458.32,240,52012.01,0.222,1,0,3,214854.58,Medical,0
45,607399.89,7.1,Salaried,594,806676.52,24,86866.61,0.249,0,0,1,15331.24,Vehicle,1
39,325024.55,6.3,Contract,643,862447.76,48,169043.47,0.732,0,0,1,57063.78,Business,0
33,472037.73,5.8,Salaried,799,618840.6,60,218441.3,0.568,1,0,1,34416.3,Debt Consolidation,0
47,922113.79,14.7,Business Owner,675,323484.83,120,265322.83,0.316,3,0,3,176955.3,Vehicle,0
48,817978.18,13.6,Business Owner,640,192423.52,24,199678.45,0.263,2,0,0,251902.08,Business,0
60,922668.52,11.9,Contract,701,960335.9,36,137266.28,0.232,2,0,4,94345.61,Medical,0
48,922273.0,13.8,Salaried,654,1048925.84,12,443376.33,0.572,1,0,2,176997.02,Personal,0
64,815945.04,18.6,Business Owner,670,735214.86,240,179519.14,0.292,0,0,1,66477.41,Vehicle,0
57,244937.68,12.5,Salaried,628,792593.24,60,169214.95,0.95,0,0,1,33617.28,Medical,1
24,419838.78,1.7,Salaried,613,439894.64,12,160891.24,0.467,1,0,4,150503.06,Debt Consolidation,1
38,626577.68,8.5,Salaried,740,1051530.88,36,179623.93,0.421,2,0,2,42921.91,Education,0
37,453878.24,6.5,Salaried,474,830312.79,84,0.0,0.146,0,0,2,25454.61,Debt Consolidation,0
21,90000.0,0.0,Unemployed,693,617193.08,60,19442.46,0.765,0,0,2,103641.79,Education,0
28,638438.07,0.2,Contract,607,1233041.7,60,640277.64,1.157,0,0,2,89518.84,Medical,1
54,1306575.78,19.2,Salaried,479,1122509.72,12,0.0,0.069,1,1,1,43635.8,Medical,1
36,522952.98,0.2,Contract,562,32065.53,180,248919.8,0.481,5,0,0,49493.61,Vehicle,1
27,617298.54,4.1,Self-Employed,647,824575.24,180,261654.42,0.531,0,1,0,36122.31,Business,0
33,457991.03,5.9,Business Owner,659,320881.83,24,382290.32,0.891,1,1,0,209918.98,Debt Consolidation,1
33,946850.26,6.7,Contract,717,869760.8,48,266020.52,0.354,3,0,3,90416.59,Business,0
28,839685.76,0.7,Self-Employed,723,20000.0,12,540356.0,0.645,2,0,3,199829.74,Vehicle,0
25,813433.53,5.1,Salaried,511,898572.04,24,243136.25,0.387,2,0,2,55327.24,Vehicle,1
54,1038948.95,12.9,Salaried,684,1155991.91,180,442613.84,0.515,1,1,3,66098.02,Personal,0
57,601164.66,10.8,Self-Employed,716,744604.29,24,387195.03,0.743,2,0,1,180462.53,Education,0
42,237395.55,0.0,Unemployed,670,217640.75,48,477558.24,2.085,0,0,3,44228.06,Debt Consolidation,1
48,1108469.63,11.2,Self-Employed,695,1778185.16,240,204470.75,0.313,1,0,4,159988.98,Home,0
61,878182.03,11.2,Salaried,476,1377980.27,36,271620.89,0.435,1,1,1,242917.5,Medical,0
58,156194.54,20.2,Salaried,561,534469.31,120,133548.22,1.129,3,0,3,82966.64,Education,0
22,716705.24,3.5,Contract,773,669488.09,12,228755.65,0.394,3,1,3,45282.51,Vehicle,0
62,577575.48,21.9,Salaried,625,20000.0,180,238697.73,0.416,0,0,3,737168.04,Education,0
23,980542.96,6.0,Business Owner,850,1036700.33,240,0.0,0.085,0,1,3,71402.26,Home,0
22,855047.62,0.0,Business Owner,535,115380.65,240,174234.18,0.215,1,0,0,36906.91,Medical,1
38,215864.31,4.2,Salaried,791,1133182.72,84,360177.09,2.088,0,1,1,146862.3,Business,0
53,763207.54,4.8,Salaried,595,1312970.96,240,0.0,0.138,2,0,0,464587.78,Home,0
24,661656.93,0.0,Salaried,728,764868.15,120,22458.5,0.126,2,0,0,329176.2,Home,0
33,726865.62,10.1,Salaried,623,267773.12,48,408016.51,0.591,2,0,2,37494.89,Education,1
32,926882.21,1.9,Business Owner,660,1424508.37,240,441763.05,0.6,0,0,3,164840.07,Home,0
38,1024991.49,6.2,Contract,704,801084.73,36,88261.64,0.149,3,0,1,83744.01,Personal,0
64,832472.25,15.5,Salaried,595,846612.69,180,231317.25,0.359,0,0,4,236788.99,Education,0
35,647724.62,6.7,Self-Employed,722,334233.1,240,185950.56,0.328,0,0,2,18459.0,Personal,0
30,913991.89,7.5,Salaried,626,896526.97,60,411855.67,0.529,1,0,4,96844.02,Medical,0
26,1175685.18,0.0,Salaried,666,698543.71,36,103997.64,0.136,0,0,2,6021.28,Vehicle,0
29,1002767.69,0.0,Business Owner,412,135756.1,24,131843.68,0.142,0,0,4,169399.3,Debt Consolidation,0
26,666551.53,6.5,Contract,620,1469996.14,60,441338.1,0.839,1,0,4,608578.12,Personal,0
46,783132.64,12.2,Contract,764,1679562.55,120,19400.5,0.196,0,1,0,69549.69,Home,0
39,718010.94,6.4,Salaried,713,1309101.16,84,110367.42,0.3,1,0,4,332659.99,Personal,0
42,667629.6,13.5,Self-Employed,730,1234416.59,84,223921.71,0.483,1,1,3,6875.0,Medical,0
57,1249292.71,10.3,Salaried,655,1682552.08,12,474278.57,0.487,0,0,3,309315.27,Personal,0
46,137736.66,0.0,Unemployed,801,276251.13,12,0.0,0.16,2,0,1,9312.53,Personal,0
27,1056726.46,2.2,Business Owner,676,270248.29,36,72094.3,0.089,3,1,0,32286.1,Business,0
37,266535.76,0.0,Unemployed,591,592802.92,240,306659.15,1.328,0,0,1,148205.22,Medical,1
34,268895.21,0.0,Salaried,727,948927.18,60,334450.99,1.526,1,0,1,1228.03,Home,1
57,660920.56,13.6,Self-Employed,733,653688.08,48,238080.02,0.439,1,0,1,63999.36,Medical,0
34,502306.04,7.4,Contract,707,290003.85,84,178990.18,0.403,0,0,2,252648.8,Home,0
27,762394.33,2.2,Salaried,614,802828.17,48,223337.43,0.377,0,0,3,9673.79,Medical,0
53,718825.06,16.6,Self-Employed,675,752810.13,24,0.0,0.084,0,0,1,176364.53,Medical,0
39,398493.28,10.9,Self-Employed,775,1220661.95,60,218255.97,0.793,1,1,3,17823.87,Business,0
25,629751.98,0.0,Unemployed,693,822270.1,120,466782.12,0.846,2,0,0,59346.45,Debt Consolidation,1
51,962533.5,14.5,Salaried,517,20000.0,240,0.0,0.002,3,0,2,43730.97,Home,0
30,673513.88,0.0,Unemployed,593,992734.04,48,58870.83,0.205,4,1,4,1635.49,Debt Consolidation,1
59,773241.17,15.4,Salaried,589,1590892.7,24,128561.79,0.331,1,0,3,60760.19,Education,0
57,699066.73,16.4,Self-Employed,582,814463.65,180,139893.26,0.293,2,0,2,275983.46,Home,0
37,823890.12,3.9,Self-Employed,460,1293479.31,48,531445.69,0.771,0,0,1,201715.6,Business,1
45,527631.24,12.0,Salaried,820,547438.17,24,32256.65,0.144,0,1,3,74535.45,Debt Consolidation,0
45,354514.89,0.0,Unemployed,571,1082874.53,60,0.0,0.244,0,1,2,104477.29,Home,1
49,640080.53,9.5,Contract,578,427705.39,12,338792.91,0.583,4,1,4,136769.52,Personal,1
24,90000.0,0.0,Unemployed,475,676750.49,240,83565.82,1.53,1,0,0,148566.57,Debt Consolidation,1
35,323863.88,0.0,Unemployed,728,680686.19,180,341781.43,1.223,4,0,3,284952.23,Medical,0
28,660758.28,0.1,Business Owner,642,1038345.05,48,164528.87,0.375,1,1,0,9301.44,Personal,0
51,629361.96,15.1,Self-Employed,618,387921.59,60,282623.58,0.498,1,1,4,501622.38,Business,0
24,699946.24,1.5,Contract,623,67557.61,48,0.0,0.008,2,0,2,41503.68,Vehicle,0
43,984133.28,4.4,Salaried,703,1035056.09,60,282018.15,0.371,0,0,0,105432.02,Vehicle,0
53,483807.48,15.4,Contract,607,1016262.7,240,239203.36,0.662,1,0,4,150859.3,Personal,1
62,638860.45,15.2,Self-Employed,471,856243.27,120,154031.47,0.348,0,0,1,69236.15,Debt Consolidation,0
33,594729.33,0.6,Business Owner,534,1266444.18,84,0.0,0.17,2,0,4,145120.26,Education,0
21,392454.85,0.0,Salaried,529,698680.77,240,239030.34,0.751,0,0,3,23152.98,Medical,1
52,544357.76,15.1,Salaried,675,940674.72,24,330328.29,0.745,2,0,4,61087.55,Business,0
21,550887.43,0.0,Salaried,734,625040.63,240,104392.33,0.28,1,0,3,11810.91,Home,0
23,752467.91,0.0,Salaried,782,670694.18,24,107931.75,0.215,0,0,1,5034.54,Medical,0
64,809111.44,19.1,Salaried,503,970108.21,36,342899.99,0.52,0,0,2,423347.44,Debt Consolidation,1
58,446785.75,17.2,Salaried,706,1933304.76,84,507839.8,1.483,1,1,3,28638.2,Vehicle,0
52,1016540.08,10.0,Salaried,595,1171148.8,24,369131.44,0.455,1,0,2,252745.11,Education,1
57,944103.08,17.1,Self-Employed,900,1074304.62,60,241303.43,0.347,1,1,4,57817.07,Business,0
24,383703.59,7.4,Salaried,775,1186719.7,48,156219.35,0.655,0,1,2,151902.96,Vehicle,1
24,915027.72,5.2,Contract,803,20000.0,12,195049.83,0.215,1,0,0,41951.17,Medical,0
34,720734.6,8.8,Salaried,722,959588.92,24,0.0,0.107,3,0,0,386159.71,Personal,0
22,563886.17,1.3,Self-Employed,684,1255236.85,60,172210.59,0.483,0,0,2,40953.31,Medical,0
60,806520.01,14.3,Salaried,614,842213.31,12,401579.22,0.581,0,0,0,96343.82,Vehicle,0
23,599557.3,0.6,Self-Employed,596,778411.99,240,207134.27,0.449,0,0,1,401465.52,Personal,1
44,805269.66,10.5,Self-Employed,578,330030.55,48,87410.03,0.141,0,0,1,113844.69,Home,0
58,757828.88,11.0,Self-Employed,706,583294.8,120,70760.27,0.155,0,0,4,100525.88,Business,0
53,611643.49,10.5,Salaried,790,383252.27,24,194282.08,0.368,2,0,4,29317.8,Vehicle,0
31,123543.31,0.0,Self-Employed,618,1299753.42,84,0.0,0.842,2,0,2,132116.77,Education,1
41,791795.64,8.7,Salaried,585,1550833.89,24,36460.16,0.203,0,0,4,216473.31,Home,0
45,578586.18,9.8,Self-Employed,516,1767533.04,24,475907.15,1.067,1,0,4,104020.41,Debt Consolidation,0
54,893486.65,11.2,Salaried,672,375002.81,120,13501.91,0.049,0,0,4,17678.76,Business,0
39,924418.77,9.7,Business Owner,761,465793.77,48,55722.81,0.101,2,1,0,126380.72,Medical,0
33,549083.95,1.7,Salaried,765,425152.42,240,252440.82,0.522,0,0,2,1275.59,Personal,0
56,960747.05,11.9,Contract,774,290721.93,240,120482.43,0.15,1,0,1,79724.73,Debt Consolidation,0
60,768210.42,17.9,Salaried,687,298790.9,24,215954.11,0.312,1,0,1,343387.2,Business,0
42,703910.71,11.2,Salaried,658,542252.56,84,355317.63,0.566,0,1,2,19011.84,Debt Consolidation,0
22,568472.33,0.0,Salaried,765,1237238.76,180,0.0,0.174,1,1,0,202813.53,Personal,0
43,1086888.93,9.5,Salaried,550,441082.38,36,335764.35,0.341,0,0,1,170593.28,Home,0
60,538683.32,13.3,Self-Employed,610,1326540.11,180,95169.85,0.374,1,0,1,74916.87,Education,0
64,648331.37,16.6,Contract,804,1483733.93,120,148506.24,0.412,2,0,4,239955.6,Vehicle,0
38,491666.21,7.2,Business Owner,553,942548.25,36,545976.54,1.264,0,0,4,125830.63,Debt Consolidation,0
27,799682.77,4.1,Salaried,647,1414565.43,12,0.0,0.142,3,0,3,132892.47,Medical,0
46,529462.75,11.0,Salaried,707,119369.85,48,306326.49,0.597,2,0,2,115947.45,Education,0
57,590491.1,15.2,Contract,657,520906.71,48,403045.29,0.753,1,1,3,382393.39,Home,0
62,593765.84,13.2,Salaried,753,894708.27,60,76964.47,0.25,5,0,3,36050.06,Personal,0
23,621680.48,2.0,Salaried,787,911617.01,36,79808.81,0.246,0,0,0,53411.05,Personal,0
33,323310.1,6.5,Contract,693,1514616.26,36,133639.78,0.788,4,0,1,39495.56,Vehicle,0
42,102188.68,10.5,Salaried,775,300577.33,240,75897.93,0.978,0,0,3,30228.33,Vehicle,0
25,726426.01,0.0,Salaried,566,531522.21,180,211964.78,0.35,0,0,4,6690.75,Medical,0
59,185610.57,17.9,Salaried,636,757508.46,120,360669.09,2.27,0,0,4,37641.57,Debt Consolidation,0
25,825534.45,0.0,Self-Employed,866,540690.4,48,134617.93,0.215,1,0,1,14899.28,Debt Consolidation,0
50,1076631.94,10.3,Salaried,825,278686.86,60,367139.78,0.362,0,0,4,549763.94,Education,0
61,828944.05,15.2,Business Owner,535,561724.78,36,452181.91,0.6,2,0,3,317640.16,Business,0
51,1014873.24,8.2,Salaried,649,677236.77,48,277590.69,0.327,2,0,2,752681.85,Home,0
54,692935.9,12.3,Salaried,662,1523772.23,60,294587.04,0.601,3,0,0,338600.4,Home,0
32,1032810.29,5.1,Salaried,687,289884.05,180,93088.18,0.113,1,0,3,242723.21,Personal,0
57,593945.54,8.9,Contract,765,1207592.28,180,0.0,0.163,1,0,0,119676.45,Education,0
39,90000.0,6.0,Salaried,816,1436067.67,24,305426.84,3.0,0,0,2,98375.98,Education,1
23,736022.06,0.0,Business Owner,653,543702.68,240,343365.7,0.526,1,0,1,196555.1,Medical,0
37,1074990.8,12.5,Salaried,751,929946.55,12,243639.98,0.296,1,1,0,110089.67,Business,0
36,778742.08,6.6,Salaried,708,1087968.16,12,363758.44,0.579,2,0,1,276944.8,Personal,0
43,537169.19,9.2,Salaried,648,1005502.31,180,101312.63,0.338,0,0,4,153102.51,Home,0
32,715225.29,5.1,Self-Employed,497,841071.61,36,293332.8,0.504,2,0,3,140956.71,Debt Consolidation,0
41,902781.21,9.8,Self-Employed,742,460587.04,180,464985.9,0.556,0,0,1,152203.06,Medical,0
39,632595.89,10.1,Contract,704,1131228.3,12,319820.22,0.649,1,0,3,52269.6,Personal,0
35,1298597.52,0.9,Contract,685,612771.05,36,441696.04,0.378,1,0,1,74501.59,Vehicle,0
51,560645.51,15.9,Contract,562,814325.47,180,442848.17,0.906,0,0,2,73313.12,Business,1
34,889627.68,8.9,Self-Employed,826,887909.15,24,0.0,0.08,0,0,4,94648.3,Debt Consolidation,0
54,889484.31,13.0,Self-Employed,664,1227994.61,60,329452.59,0.481,1,0,2,83214.06,Home,0
32,458043.14,4.0,Self-Employed,547,1763970.6,120,86248.18,0.496,1,0,3,34480.62,Debt Consolidation,0
59,607889.93,5.9,Salaried,533,431107.44,48,652.99,0.058,0,0,4,72968.76,Personal,1
37,902524.66,2.7,Contract,711,826287.36,24,148582.22,0.238,0,0,2,659974.39,Business,0
22,639196.97,2.0,Contract,714,57791.51,180,515748.63,0.814,1,0,2,50953.2,Home,0
27,702517.93,6.0,Salaried,608,1540720.96,84,102115.98,0.321,0,0,1,269708.27,Personal,1
56,296008.16,16.2,Contract,692,821924.72,240,0.0,0.222,2,0,3,194415.86,Personal,0
59,877999.66,15.0,Contract,710,650161.24,120,0.0,0.059,1,0,4,83987.41,Vehicle,0
30,698824.21,9.4,Salaried,663,826113.03,120,286108.29,0.504,1,0,4,22816.51,Home,0
47,662022.49,13.4,Contract,587,851381.76,84,63411.45,0.199,3,0,2,98537.81,Home,0
46,765222.97,8.8,Salaried,737,434080.27,120,0.0,0.045,2,1,1,360606.1,Debt Consolidation,0
26,512695.57,8.5,Salaried,725,1393985.11,48,0.0,0.218,2,0,2,370205.63,Debt Consolidation,0
40,509024.37,4.3,Salaried,701,1122369.86,240,230045.29,0.628,1,0,4,26979.5,Medical,0
51,629528.62,7.6,Self-Employed,575,1192085.17,180,340307.42,0.692,1,0,0,335130.29,Debt Consolidation,1
63,609949.21,15.5,Salaried,530,459995.19,36,119771.19,0.257,1,0,3,608134.21,Debt Consolidation,0
58,906132.39,0.0,Unemployed,657,432943.14,240,316816.19,0.388,0,1,2,529024.67,Education,0
25,839967.68,0.5,Salaried,734,743224.64,36,364687.34,0.505,4,0,3,240389.12,Personal,0
31,387882.77,6.4,Salaried,744,1199978.94,120,58932.12,0.399,0,0,1,250206.71,Personal,0
40,1166074.0,7.5,Self-Employed,703,1050847.9,240,178180.54,0.225,1,0,2,189897.66,Debt Consolidation,0
27,509785.85,2.4,Salaried,609,411157.68,48,91913.26,0.245,1,0,1,74992.24,Medical,1
46,832363.84,10.2,Business Owner,578,1133880.53,24,296998.4,0.466,1,1,4,24168.01,Home,0
21,824354.3,0.0,Salaried,648,313939.54,240,89797.9,0.139,2,0,2,130495.56,Personal,0
25,90000.0,0.0,Unemployed,649,469190.46,180,0.0,0.417,3,0,4,33068.04,Personal,0
23,696743.54,0.0,Business Owner,750,878861.68,60,209465.59,0.402,0,0,4,12294.87,Personal,0
34,495666.54,2.7,Salaried,607,214263.39,240,399862.09,0.841,3,0,2,198726.99,Vehicle,0
54,750270.02,12.5,Salaried,614,318235.74,24,291903.1,0.423,2,0,1,180339.82,Medical,0
28,713512.42,7.0,Salaried,835,1576060.77,60,381230.35,0.711,2,0,2,573574.27,Vehicle,0
64,359685.16,0.0,Unemployed,790,1483132.99,24,365423.85,1.346,1,0,1,69632.18,Business,1
32,752088.18,0.4,Business Owner,571,1944857.94,24,207586.74,0.483,1,0,2,67338.63,Vehicle,0
22,869282.84,0.0,Salaried,782,1025286.45,48,92452.13,0.201,0,0,4,123421.8,Vehicle,0
35,717371.48,10.7,Salaried,549,1122382.18,84,43448.67,0.186,2,1,3,213163.22,Home,1
53,706356.25,17.4,Contract,611,722521.18,24,0.0,0.082,0,0,3,728606.27,Home,0
25,648967.65,3.4,Salaried,621,624778.75,60,414118.92,0.715,2,0,2,58881.38,Vehicle,1
24,1217972.25,0.0,Business Owner,643,1235957.76,180,140491.08,0.197,0,0,2,531839.57,Education,0
58,904168.49,15.7,Business Owner,706,1480988.57,24,0.0,0.131,3,0,2,222505.08,Business,1
47,549387.87,11.6,Salaried,660,1193326.75,12,422178.54,0.942,2,0,3,305607.59,Home,0
36,167750.23,6.1,Self-Employed,705,380093.09,120,216968.05,1.475,1,1,1,306543.88,Education,0
54,340515.66,11.5,Salaried,614,995812.01,48,374198.47,1.333,1,0,0,79877.95,Medical,0
58,594243.53,13.7,Salaried,684,414924.71,24,152922.5,0.313,0,0,1,317467.06,Home,0
36,267905.79,0.0,Unemployed,657,637750.07,180,57210.73,0.404,3,0,3,44054.33,Personal,0
45,683094.64,6.2,Business Owner,525,1618113.32,48,280234.79,0.6,2,0,4,204048.63,Medical,0
21,687785.99,4.1,Contract,693,200209.54,24,295154.3,0.452,1,0,4,157629.52,Education,0
34,496872.99,7.8,Self-Employed,659,1884348.3,36,149617.86,0.605,3,1,4,1627.21,Education,1
47,449377.68,9.5,Salaried,586,1074767.18,84,436435.05,1.163,1,0,2,203505.56,Vehicle,1
29,927160.96,4.3,Business Owner,612,566943.62,36,370184.46,0.448,4,0,1,135447.68,Home,0
64,1071348.62,18.4,Self-Employed,614,834108.06,240,301657.52,0.344,2,1,4,16017.12,Debt Consolidation,0
63,449208.1,23.8,Salaried,628,457517.79,84,205.01,0.082,3,0,2,256012.65,Medical,0
32,693928.97,7.0,Salaried,808,526542.99,12,0.0,0.061,1,0,2,62272.13,Debt Consolidation,0
38,174748.84,9.3,Self-Employed,838,836647.9,48,415823.17,2.763,2,0,4,241792.15,Vehicle,1
29,405365.47,3.3,Business Owner,405,635539.52,48,0.0,0.125,0,0,0,3516.71,Medical,1
43,518808.54,7.5,Salaried,694,333516.18,24,183623.71,0.405,1,0,3,192630.23,Personal,0
26,898727.61,6.1,Contract,736,689294.76,12,226395.98,0.313,2,0,0,115156.84,Home,0
38,456323.49,8.8,Salaried,631,142692.61,24,111851.63,0.27,0,0,2,439735.04,Vehicle,0
45,467974.88,7.1,Salaried,734,164092.67,120,193642.18,0.442,2,0,0,247962.04,Business,0
47,687021.82,11.8,Salaried,799,158973.1,36,275653.48,0.42,1,1,3,54954.88,Home,0
47,687270.9,12.9,Contract,527,1635662.3,48,94300.27,0.328,4,0,4,100548.24,Home,1
30,430717.13,0.0,Salaried,662,1002812.0,24,358653.86,1.019,2,0,2,248692.13,Home,1
55,1198555.39,10.8,Self-Employed,826,1097928.53,240,304845.6,0.328,1,1,4,101537.05,Debt Consolidation,0
51,623659.16,13.1,Salaried,539,805630.48,240,167607.45,0.372,1,0,3,20769.92,Personal,0
54,877396.25,7.4,Business Owner,640,1053141.07,120,51242.36,0.154,0,0,0,40630.84,Medical,1
41,559555.12,2.7,Contract,610,1387922.97,36,183681.04,0.527,1,0,1,422423.42,Medical,1
60,826992.89,14.8,Salaried,745,1003909.71,84,579920.64,0.798,0,0,1,267542.61,Education,0
38,609739.39,0.0,Unemployed,757,1620165.01,48,63662.83,0.317,0,0,4,77890.48,Personal,0
56,1120915.92,15.6,Salaried,665,781407.3,240,475540.53,0.48,2,0,4,22055.73,Home,0
29,433433.58,7.9,Salaried,653,1099456.28,84,0.0,0.203,2,1,3,84291.19,Education,0
31,905198.79,4.2,Self-Employed,495,1152006.57,24,45058.48,0.152,4,0,2,416505.31,Business,1
44,956420.2,8.1,Business Owner,778,333977.43,12,102326.65,0.135,2,0,0,61906.3,Business,0
45,915634.15,5.7,Salaried,618,821370.48,180,370835.97,0.477,3,0,3,33626.06,Home,1
53,673030.18,11.6,Self-Employed,637,20000.0,120,209964.29,0.314,2,0,2,254551.58,Education,0
34,592239.81,7.3,Salaried,737,735062.69,120,435812.87,0.835,1,0,1,288659.76,Personal,0
59,947928.66,17.5,Self-Employed,668,660441.22,36,140124.4,0.204,1,0,4,29645.46,Medical,0
35,1030673.13,6.4,Business Owner,740,630525.77,120,190305.24,0.234,3,0,0,2698.35,Home,0
44,710430.14,0.0,Unemployed,704,596243.05,36,140837.36,0.265,2,0,3,46985.28,Medical,0
62,772636.89,20.2,Self-Employed,668,1055987.13,84,564752.23,0.84,1,0,1,21555.16,Debt Consolidation,0
44,642271.34,9.4,Self-Employed,678,357084.52,36,0.0,0.044,2,1,4,218877.85,Debt Consolidation,0
51,90000.0,16.1,Self-Employed,549,1729995.14,24,108524.55,2.744,0,0,3,726235.54,Business,1
60,314184.87,13.4,Salaried,637,1083740.58,180,23966.79,0.352,0,0,0,44961.78,Medical,0
63,627437.1,16.6,Salaried,748,398517.21,180,303196.24,0.534,4,0,4,75037.01,Education,0
42,90000.0,0.0,Unemployed,569,1123608.06,180,0.0,0.999,1,0,0,10225.74,Medical,1
39,857532.64,9.6,Salaried,586,1297426.48,84,527986.36,0.737,0,0,3,30970.85,Medical,0
29,296494.76,0.2,Contract,571,984558.75,84,214522.38,0.989,1,1,2,353286.55,Education,1
44,543673.92,8.2,Salaried,664,297096.83,120,274228.41,0.548,1,0,2,221766.86,Personal,0
61,604493.38,10.4,Contract,776,1918643.5,84,283358.45,0.723,1,0,2,55687.01,Personal,0
42,964185.77,10.2,Salaried,699,1119737.21,180,196389.33,0.297,1,0,1,359862.4,Home,0
36,142940.31,0.0,Unemployed,454,176210.22,120,221899.59,1.651,0,0,3,349470.33,Education,1
25,875103.03,4.3,Business Owner,708,904557.54,60,215251.63,0.329,2,0,4,1818.47,Personal,0
38,699926.53,9.2,Salaried,610,689841.25,84,293463.76,0.498,2,1,4,238649.59,Debt Consolidation,0
31,1005822.12,6.5,Business Owner,696,803213.62,240,51973.57,0.116,3,0,2,42788.02,Vehicle,0
63,938553.76,18.9,Self-Employed,637,203141.76,60,21425.96,0.04,1,0,4,86959.31,Business,0
44,660639.97,11.0,Salaried,573,827163.25,12,347774.25,0.627,3,1,2,17770.1,Education,0
27,193926.37,4.4,Salaried,644,384373.62,180,199654.8,1.188,1,0,2,102560.96,Education,1
23,698064.78,0.0,Business Owner,610,625230.28,12,0.0,0.072,0,0,1,213998.05,Debt Consolidation,0
58,856011.09,14.2,Business Owner,678,993721.99,36,114465.79,0.227,1,0,4,28796.97,Personal,0
61,791502.31,16.2,Salaried,570,561683.68,36,475395.38,0.657,2,1,3,346675.68,Education,0
54,514611.21,12.2,Contract,549,654789.11,12,171132.12,0.434,1,0,2,94430.01,Business,0
26,900225.28,0.0,Salaried,716,1210115.83,24,104421.56,0.224,3,0,0,37262.08,Medical,0
25,615404.85,0.0,Salaried,750,355701.43,24,0.0,0.046,0,1,1,53508.04,Home,0
29,393875.66,3.9,Self-Employed,702,475789.55,60,97790.42,0.345,0,0,1,42453.88,Debt Consolidation,1
54,584443.04,15.9,Salaried,592,172705.26,180,0.0,0.024,2,0,2,90325.7,Home,0
54,1181135.66,13.2,Salaried,583,388568.29,36,277256.82,0.261,1,0,3,14224.86,Home,0
57,874094.47,22.7,Self-Employed,589,864562.11,48,208872.69,0.318,1,0,0,53969.39,Business,0
25,874114.14,0.0,Salaried,730,1119731.93,120,134576.67,0.256,1,0,3,106702.03,Home,0
27,357603.26,3.7,Salaried,576,396916.42,120,62800.79,0.264,1,0,2,25675.55,Personal,0
60,694792.58,19.5,Business Owner,730,1104906.14,240,474759.29,0.811,1,0,0,395678.38,Medical,0
61,549644.42,19.2,Self-Employed,707,852607.65,60,73043.02,0.257,0,0,1,279559.37,Business,0
52,739098.43,14.4,Contract,761,108698.66,120,73712.23,0.111,0,1,1,217073.93,Personal,0
25,568499.54,4.8,Self-Employed,746,887280.18,180,156265.75,0.4,1,0,2,181614.85,Education,0
24,486626.4,1.4,Self-Employed,699,1397178.61,48,181438.6,0.603,1,0,1,144485.98,Business,1
23,514982.6,5.8,Salaried,518,20000.0,180,286768.33,0.56,1,0,3,26112.48,Medical,1
51,491491.2,15.8,Contract,705,1802602.74,240,367480.06,1.041,1,0,1,166434.69,Personal,0
58,666040.18,12.2,Salaried,660,494740.88,24,354003.17,0.591,3,0,2,233061.76,Medical,1
48,959303.9,11.8,Salaried,616,20000.0,120,637380.98,0.666,3,0,1,18194.56,Debt Consolidation,0
32,254715.16,0.0,Contract,773,869211.78,84,0.0,0.273,2,0,1,55099.54,Medical,0
54,935619.86,17.8,Business Owner,636,1215543.52,180,241553.24,0.362,1,0,2,24676.7,Education,0
23,951023.17,1.5,Self-Employed,602,659783.29,60,106308.77,0.167,1,0,1,1805.79,Business,0
57,662203.23,18.4,Salaried,751,955799.63,24,561756.78,0.964,0,0,1,21262.67,Personal,0
60,584780.99,15.3,Salaried,614,1859868.39,48,231608.63,0.65,0,0,3,8383.83,Debt Consolidation,1
52,924057.87,6.8,Self-Employed,598,902826.95,120,0.0,0.078,1,0,3,39552.0,Debt Consolidation,0
59,617944.53,23.1,Business Owner,549,2291243.79,240,278158.48,0.747,3,0,3,18462.53,Debt Consolidation,1
46,669327.12,10.4,Self-Employed,576,1432315.29,12,248029.84,0.542,1,0,3,127211.66,Home,0
41,400038.97,5.0,Salaried,584,825767.66,24,336394.25,1.006,0,0,4,141590.56,Debt Consolidation,0
35,174474.76,9.0,Salaried,706,945768.63,36,69764.45,0.834,2,0,4,29954.34,Medical,0
61,682003.93,22.1,Self-Employed,558,640282.65,84,259008.91,0.455,2,0,2,89269.01,Business,0
51,524151.23,11.4,Business Owner,483,924788.98,12,151312.45,0.43,3,1,2,102527.73,Vehicle,0
29,621082.37,2.9,Salaried,677,1080778.91,240,79154.86,0.267,0,0,0,190233.21,Medical,1
63,1004757.41,17.5,Salaried,593,597925.03,120,261690.29,0.308,1,0,4,45183.11,Medical,0
23,1069563.85,0.0,Salaried,649,110014.34,240,227501.24,0.221,1,0,2,221116.6,Education,1
46,698382.32,7.9,Salaried,765,1460639.34,12,389009.57,0.724,2,0,4,144460.22,Education,0
29,878803.96,8.5,Self-Employed,656,1286741.15,36,204858.01,0.35,2,0,0,126162.34,Business,0
50,786740.66,11.2,Salaried,786,91455.54,60,308702.47,0.402,0,0,2,263249.93,Medical,0
39,558221.6,4.7,Self-Employed,644,885495.54,120,0.0,0.127,0,1,2,18290.24,Business,0
40,175805.91,6.2,Contract,741,1313536.33,84,451013.09,3.0,0,1,0,1965.84,Medical,1
50,743623.08,0.0,Unemployed,601,1261864.3,48,60103.88,0.217,0,0,1,67040.7,Education,1
54,90000.0,0.0,Unemployed,660,453014.91,36,362527.49,3.0,1,1,1,86302.59,Medical,1
37,993692.73,7.2,Salaried,566,1291058.38,36,247361.38,0.353,1,0,3,137412.27,Home,0
64,863201.91,24.6,Salaried,577,807548.63,48,224538.27,0.335,1,0,3,50172.79,Education,0
42,418996.8,14.5,Salaried,630,994338.57,120,336862.17,0.994,1,0,3,113894.09,Medical,0
28,848999.59,4.5,Business Owner,530,340254.06,180,0.0,0.032,1,1,1,66946.72,Vehicle,1
21,1133227.77,3.9,Salaried,664,20000.0,60,96765.62,0.087,3,0,0,49377.89,Business,0
29,1007913.15,7.1,Salaried,623,411335.74,240,334303.32,0.364,1,0,0,109796.8,Personal,0
51,561821.74,11.6,Salaried,671,1068288.55,36,545976.76,1.124,0,0,3,66703.34,Medical,0
44,491004.81,12.0,Salaried,532,697283.85,180,195615.52,0.512,0,0,0,182619.37,Medical,0
35,817052.01,11.0,Business Owner,713,1125095.44,12,0.0,0.11,1,0,4,47330.34,Home,0
42,771621.57,4.6,Business Owner,803,1353074.82,120,142900.58,0.325,0,0,1,58791.95,Debt Consolidation,0
57,1007934.35,16.1,Self-Employed,784,634739.67,240,189173.03,0.238,0,0,3,12477.75,Vehicle,0
46,859897.28,11.1,Contract,821,585525.54,36,399702.68,0.519,5,0,0,342892.73,Home,0
23,182939.6,1.1,Salaried,654,20000.0,120,208701.75,1.15,1,0,4,40240.92,Medical,1
23,720668.81,0.8,Salaried,618,26163.17,12,0.0,0.003,0,0,4,105367.04,Debt Consolidation,0
42,618227.26,9.1,Salaried,694,130035.21,180,373429.38,0.621,0,0,4,103954.84,Business,0
38,810277.03,7.7,Business Owner,629,1078319.6,60,302297.03,0.48,2,0,0,14011.36,Debt Consolidation,0
58,773235.75,18.2,Self-Employed,493,639734.77,48,74163.14,0.162,4,0,4,221468.87,Education,0
46,974682.25,11.4,Salaried,724,532882.74,240,329577.07,0.382,1,1,1,126831.41,Vehicle,0
54,593448.24,0.0,Unemployed,629,475627.14,240,101609.42,0.235,1,0,2,103651.23,Personal,0
46,487564.31,7.5,Salaried,518,410509.5,36,146322.55,0.367,2,0,4,23872.18,Personal,1
36,630347.01,4.6,Salaried,604,1261730.48,240,104656.1,0.326,1,1,3,449.85,Home,0
49,571869.65,12.0,Self-Employed,631,846673.3,24,144210.59,0.371,2,0,4,93133.69,Education,0
48,90000.0,0.0,Unemployed,651,1295663.51,180,363216.85,3.0,0,0,1,81574.6,Education,1
52,815657.37,15.2,Business Owner,652,20000.0,180,0.0,0.002,1,0,4,81915.73,Personal,0
29,735188.61,0.0,Unemployed,773,1066366.74,60,398743.28,0.658,3,0,3,153687.92,Education,0
49,255989.15,14.6,Salaried,534,558103.56,84,231738.47,1.08,6,1,4,129993.15,Business,1
33,629984.55,2.9,Self-Employed,636,659263.55,48,129784.64,0.29,1,0,0,20449.39,Personal,1
55,687965.46,11.1,Contract,571,1476413.1,48,203737.36,0.468,0,0,2,60753.87,Home,1
56,776933.87,17.4,Self-Employed,763,605075.08,60,36384.33,0.109,2,0,4,49489.03,Business,0
48,440318.76,11.2,Salaried,599,1045948.24,180,0.0,0.19,1,0,0,41323.18,Debt Consolidation,0
62,90000.0,0.0,Unemployed,619,291027.28,60,41459.92,0.719,2,0,1,232935.55,Vehicle,0
44,324350.59,11.3,Salaried,744,818055.08,84,0.0,0.202,0,0,4,581.92,Personal,0
22,935733.44,2.4,Salaried,769,20000.0,120,0.0,0.002,2,0,4,104016.28,Education,0
47,432328.51,6.6,Contract,783,771344.49,240,0.0,0.143,2,0,1,122604.12,Medical,0
55,577109.45,17.8,Contract,502,992704.27,180,420287.39,0.866,2,0,0,229244.53,Personal,1
25,788158.15,0.0,Unemployed,693,1353187.23,48,0.0,0.137,2,1,0,244628.09,Personal,0
25,428436.09,6.7,Contract,674,391053.07,180,192575.66,0.523,1,0,4,267777.76,Education,0
33,721599.9,0.8,Salaried,645,535517.97,48,401012.6,0.615,0,0,3,233824.97,Education,0
58,626952.92,0.0,Unemployed,656,477939.21,12,353015.99,0.624,0,0,3,217749.06,Home,0
44,922930.05,8.6,Salaried,766,672994.89,12,146875.51,0.217,1,0,0,95492.74,Vehicle,0
63,543105.91,10.9,Business Owner,743,318046.88,24,147696.27,0.319,4,0,1,27430.19,Home,0
59,535661.89,17.2,Salaried,731,20000.0,48,232427.14,0.437,3,1,1,208919.93,Personal,0
45,747590.99,3.8,Contract,669,278643.87,48,580201.08,0.806,5,0,2,323975.72,Vehicle,0
50,1169254.36,10.7,Self-Employed,854,775518.99,24,274348.5,0.288,0,0,3,56784.85,Vehicle,0
35,451622.34,8.9,Contract,614,725949.63,24,320279.58,0.838,2,1,4,47418.06,Business,1
24,485596.75,0.0,Salaried,505,1076059.71,12,607951.42,1.429,1,0,1,7882.13,Medical,1
38,755893.61,4.1,Salaried,626,1221097.0,240,250008.75,0.46,2,0,2,82971.01,Debt Consolidation,0
47,832914.56,12.8,Salaried,655,575224.0,36,406614.61,0.543,1,0,0,193989.22,Home,0
29,794063.5,2.5,Salaried,767,20000.0,84,285990.55,0.362,4,0,0,255377.91,Home,0
30,565411.03,2.4,Business Owner,604,1001609.66,60,283368.36,0.643,2,0,3,37309.34,Medical,0
21,466987.97,3.8,Salaried,694,795095.45,48,26598.99,0.193,0,0,2,404983.61,Business,0
53,749875.3,9.3,Self-Employed,517,670778.57,36,0.0,0.072,1,0,1,701083.95,Personal,0
60,1032577.83,14.2,Salaried,747,1410212.52,12,107783.04,0.214,2,0,2,78227.88,Vehicle,0
57,648378.98,17.0,Salaried,656,1025273.98,12,358748.34,0.68,0,0,4,642151.38,Debt Consolidation,0
37,642424.52,2.7,Self-Employed,625,861449.67,120,350203.91,0.652,0,1,1,243179.48,Education,1
47,421517.89,15.7,Salaried,842,881942.1,60,439973.53,1.211,0,0,0,48350.84,Personal,0
63,1191806.71,16.1,Salaried,746,1224853.08,240,198001.34,0.248,1,0,0,157336.91,Debt Consolidation,0
47,716565.74,13.0,Salaried,556,455223.53,24,296793.54,0.465,1,1,1,222765.82,Home,1
34,908438.69,7.8,Salaried,640,359890.3,240,297559.21,0.359,1,0,2,35620.98,Business,0
35,649474.3,5.1,Self-Employed,896,682932.5,12,180651.04,0.362,0,1,4,396614.22,Business,0
52,714316.77,11.0,Salaried,828,211032.09,120,142123.76,0.223,1,0,2,285891.28,Personal,0
40,281922.78,7.5,Salaried,733,777290.52,240,0.0,0.221,1,0,0,97645.94,Debt Consolidation,0
57,320309.53,16.5,Business Owner,484,848475.62,24,172543.78,0.751,0,1,0,150987.69,Education,1
59,1026976.3,12.2,Self-Employed,770,765599.11,60,181279.91,0.236,1,0,4,120595.04,Medical,0
22,622514.55,0.0,Self-Employed,593,619291.16,240,404189.72,0.729,3,0,0,77344.06,Debt Consolidation,0
52,744607.03,16.9,Salaried,769,1626505.21,180,421938.53,0.741,1,0,4,534614.4,Vehicle,0
37,90000.0,0.0,Unemployed,585,1270330.57,24,226228.4,3.0,0,0,3,163629.03,Education,1
43,440233.96,9.9,Salaried,694,751430.08,24,571408.97,1.435,0,1,0,107283.1,Personal,1
32,898575.5,3.8,Salaried,592,846513.97,48,234197.66,0.336,1,0,2,29317.3,Personal,1
37,1083035.94,5.9,Contract,617,1488172.21,60,385925.66,0.466,2,0,2,119572.53,Debt Consolidation,0
35,636681.5,9.9,Business Owner,706,507722.83,36,181986.66,0.35,0,0,0,176336.54,Vehicle,0
23,773870.82,0.5,Self-Employed,531,317200.9,12,0.0,0.033,2,0,0,541125.31,Home,0
55,749506.23,12.5,Contract,864,913448.62,60,123460.53,0.262,2,0,0,10293.21,Business,0
27,587867.76,1.6,Salaried,558,1006952.85,48,465329.18,0.929,3,0,4,61652.3,Home,1
37,1110989.76,4.9,Contract,553,1044252.78,36,152443.63,0.212,0,1,0,153574.02,Education,1
29,660699.59,1.2,Business Owner,706,1213888.67,180,116030.33,0.323,2,1,4,49677.43,Business,0
28,931178.16,1.3,Salaried,766,433711.33,36,199268.14,0.251,1,0,3,337847.42,Business,0
37,743355.83,11.4,Salaried,621,95775.16,240,129890.52,0.185,0,0,1,14278.94,Education,0
61,715777.67,18.1,Salaried,554,507716.32,12,414876.63,0.636,0,1,1,94300.44,Home,1
62,716004.29,0.0,Unemployed,567,1090920.63,60,539381.85,0.875,2,0,4,13195.24,Medical,1
37,720533.62,9.3,Salaried,557,339051.66,240,201068.28,0.317,3,0,2,8001.5,Medical,0
43,641893.12,4.0,Salaried,678,20000.0,36,297282.02,0.466,3,0,1,1293665.74,Debt Consolidation,0
64,1223860.54,21.3,Business Owner,644,872134.72,84,374937.52,0.363,1,1,4,240698.48,Personal,0
31,1092315.56,7.9,Business Owner,688,516458.01,120,219538.67,0.239,1,0,3,738203.82,Education,0
62,1023490.83,23.1,Salaried,683,20000.0,48,41975.82,0.043,2,0,3,95801.09,Home,0
25,90000.0,4.6,Contract,724,837225.67,84,126300.33,2.148,2,0,1,11361.38,Debt Consolidation,1
30,737044.16,4.9,Self-Employed,613,606863.64,84,274164.13,0.438,2,0,4,21123.57,Home,1
35,695029.3,9.5,Contract,584,1637991.36,60,270886.19,0.578,1,0,0,233133.47,Business,0
22,594284.19,0.0,Salaried,664,844421.84,48,0.0,0.114,1,0,4,22219.44,Medical,0
56,857444.91,12.8,Salaried,645,1093042.31,60,121408.22,0.244,1,0,1,169626.25,Medical,0
58,776139.22,14.6,Self-Employed,673,791385.1,24,67338.73,0.168,0,0,0,213220.76,Medical,0
37,817451.85,10.5,Salaried,586,501234.98,60,358812.52,0.488,2,0,2,26085.57,Personal,0
57,641009.55,11.8,Self-Employed,708,556193.23,36,74316.63,0.185,1,1,2,65767.09,Medical,1
54,1073545.16,10.3,Salaried,544,1340479.36,48,116993.61,0.209,0,0,0,26406.98,Education,0
56,899736.05,14.7,Contract,610,1173894.48,36,110703.54,0.227,0,0,4,188166.98,Debt Consolidation,0
56,840631.65,16.2,Contract,752,55685.53,60,342439.7,0.413,3,0,2,283951.67,Medical,0
46,798426.31,7.9,Contract,548,175696.91,12,374391.98,0.487,2,1,0,52188.26,Education,0
25,551320.33,0.0,Unemployed,745,203462.05,12,288843.24,0.553,2,0,4,142930.15,Home,1
61,975421.95,20.1,Contract,523,1330049.87,24,399153.7,0.518,1,0,2,231837.56,Business,0
47,649806.99,14.0,Salaried,507,20000.0,84,422374.73,0.652,1,1,4,11001.12,Vehicle,0
60,964577.6,16.7,Salaried,516,1193243.95,36,0.0,0.099,0,0,0,41573.98,Business,0
63,769513.06,16.5,Contract,661,999178.68,60,306544.04,0.502,1,0,2,24004.49,Medical,0
29,753231.7,0.0,Unemployed,716,873406.54,24,133436.24,0.27,2,0,3,163253.19,Debt Consolidation,0
38,575431.95,0.0,Unemployed,766,563502.93,48,0.0,0.078,1,0,2,72560.58,Debt Consolidation,0
29,617597.67,6.0,Business Owner,759,1394308.47,60,142447.79,0.411,2,0,0,104917.0,Business,0
23,1188677.67,6.7,Salaried,728,856734.06,36,331554.93,0.337,1,0,4,49975.9,Education,0
63,90000.0,0.0,Unemployed,575,77895.59,12,461944.51,3.0,2,0,3,43914.0,Medical,1
61,529338.69,0.0,Unemployed,574,194338.71,84,0.0,0.029,1,0,2,339680.67,Home,1
61,695938.17,12.3,Business Owner,721,20000.0,24,311314.84,0.45,2,1,0,100999.56,Education,0
59,1184545.07,14.3,Contract,778,1400167.1,60,553813.21,0.562,2,0,2,115507.72,Home,0
49,747201.52,13.3,Self-Employed,557,1512127.53,120,529535.66,0.871,2,0,4,73832.7,Debt Consolidation,0
43,117551.13,0.0,Unemployed,766,1343138.26,12,0.0,0.914,5,0,1,157035.29,Business,1
64,662376.32,23.8,Salaried,477,728433.39,120,592198.41,0.982,1,0,0,364252.3,Vehicle,0
45,493517.14,10.9,Contract,685,86810.64,48,372987.4,0.77,1,0,4,71228.83,Vehicle,0
49,607555.76,10.2,Salaried,641,272994.34,60,0.0,0.036,1,0,1,44603.19,Vehicle,0
30,544838.1,0.2,Salaried,632,305563.4,12,62181.03,0.159,0,0,2,64737.91,Home,0
53,508211.03,16.3,Salaried,653,777153.49,60,426397.53,0.961,0,0,0,12295.68,Vehicle,0
57,775515.95,14.4,Self-Employed,573,1493721.37,48,264851.39,0.496,1,0,1,60651.89,Business,0
50,784806.04,7.1,Salaried,690,1491758.99,24,96687.97,0.275,0,0,4,234903.09,Home,0
42,90000.0,0.0,Unemployed,655,555831.92,60,211963.29,2.849,2,1,4,445733.19,Home,1
29,209432.81,0.2,Self-Employed,734,20000.0,84,298265.41,1.432,1,0,4,277529.88,Education,0
22,680739.11,0.0,Contract,793,216504.71,48,95731.59,0.166,3,0,3,101373.41,Personal,0
48,813980.14,10.8,Salaried,661,1394300.45,84,177118.87,0.355,0,0,3,11192.11,Debt Consolidation,0
51,872554.19,9.3,Salaried,576,915814.36,48,361445.08,0.498,1,0,4,10146.9,Medical,0
54,836793.6,11.7,Contract,548,622176.89,180,73852.57,0.148,1,1,0,118300.85,Vehicle,1
62,1266179.19,14.2,Business Owner,803,587317.2,36,0.0,0.037,2,0,1,277649.43,Debt Consolidation,0
42,912266.97,6.2,Self-Employed,791,424574.51,180,85283.8,0.131,1,0,0,56842.19,Personal,0
57,1377957.05,11.4,Contract,730,198113.33,48,39995.77,0.041,2,0,4,142745.98,Personal,0
52,1468161.8,11.0,Contract,655,1836031.71,84,91123.91,0.162,1,0,2,92500.24,Debt Consolidation,0
33,196474.35,2.1,Self-Employed,723,1659241.62,12,0.0,0.676,2,0,4,181157.33,Medical,0
58,90000.0,0.0,Unemployed,767,389066.86,12,242411.78,3.0,3,0,3,52178.79,Personal,1
23,754152.18,1.4,Business Owner,594,20000.0,240,356168.23,0.474,1,1,3,295663.58,Home,0
47,954058.11,14.0,Business Owner,653,884509.17,12,53889.03,0.131,1,0,3,48884.8,Education,0
62,704028.75,22.1,Salaried,550,726265.94,60,82645.54,0.2,0,0,4,40145.07,Personal,0
49,859895.11,13.2,Salaried,638,1114071.16,60,166270.43,0.297,2,0,4,54536.16,Medical,0
62,655439.48,17.7,Salaried,789,1227303.45,84,35965.05,0.205,2,0,2,8412.63,Personal,0
23,582512.31,3.0,Business Owner,747,214987.18,12,377080.86,0.677,2,0,3,101886.14,Personal,0
44,683277.29,10.6,Business Owner,662,1440108.99,24,40040.98,0.227,1,0,2,82232.39,Vehicle,0
55,651957.91,13.8,Salaried,408,623418.97,48,105338.1,0.238,1,0,0,7386.32,Home,1
49,894878.09,11.1,Self-Employed,591,1103954.93,240,62611.77,0.169,2,0,2,19811.29,Debt Consolidation,0
59,592314.83,12.1,Salaried,659,669267.23,48,381345.88,0.734,1,0,1,21176.5,Home,0
41,587757.82,10.5,Salaried,631,1261245.09,84,158405.8,0.441,3,0,3,107620.59,Medical,0
51,482554.21,0.0,Unemployed,653,20000.0,84,558759.67,1.161,0,0,4,104629.36,Medical,0
39,604300.9,11.5,Salaried,672,1169166.72,48,263677.64,0.591,0,0,3,198101.02,Personal,0
59,993177.64,17.9,Salaried,602,384040.25,180,408517.63,0.442,0,0,0,53552.68,Medical,0
26,385123.44,0.1,Self-Employed,649,836732.15,120,141631.0,0.542,1,0,4,531146.24,Home,0
32,348909.06,8.1,Salaried,637,1422351.48,48,30328.31,0.413,0,1,1,222561.01,Vehicle,1
25,838157.26,0.0,Business Owner,587,398425.01,36,194031.04,0.27,1,0,2,101062.78,Medical,1
51,441072.12,0.0,Unemployed,816,319993.68,36,77772.16,0.234,2,0,3,29992.86,Medical,0
31,413760.13,0.0,Self-Employed,607,614010.75,240,0.0,0.119,1,0,2,26995.06,Personal,0
34,974898.85,6.7,Self-Employed,447,582464.79,24,382433.57,0.44,2,0,3,181841.4,Education,0
57,1189234.2,15.7,Salaried,810,274918.69,24,205893.74,0.192,0,0,2,109091.7,Medical,0
36,488036.45,9.4,Self-Employed,574,853135.91,36,73945.56,0.291,0,0,3,20298.72,Home,0
27,989825.17,1.4,Salaried,731,879085.26,180,267728.89,0.342,1,0,3,4270.33,Business,0
21,90000.0,0.0,Salaried,589,1031494.24,120,208447.87,3.0,1,0,2,56532.52,Business,1
30,896028.07,2.6,Contract,701,390214.7,240,453762.33,0.541,1,0,3,122545.66,Business,0
61,505559.31,15.3,Salaried,646,327998.81,120,277907.02,0.602,2,1,4,38259.87,Personal,0
45,916018.17,3.5,Self-Employed,740,740701.63,60,171754.53,0.252,1,0,4,211894.57,Personal,0
64,488681.0,17.3,Salaried,631,677477.25,12,324817.06,0.776,2,0,2,84778.85,Education,0
30,609878.12,0.4,Contract,591,687080.51,180,193526.45,0.407,0,0,4,316899.4,Debt Consolidation,0
36,442471.1,7.9,Salaried,673,446385.19,120,233089.9,0.607,0,0,2,1276.13,Business,0
28,567529.83,2.1,Salaried,616,965019.97,12,420710.02,0.877,0,0,2,137093.54,Vehicle,1
38,1108481.01,12.7,Contract,476,328760.15,240,0.0,0.024,2,0,0,253395.52,Vehicle,0
45,645015.55,8.8,Self-Employed,596,738912.58,84,44610.75,0.161,4,1,0,36437.84,Medical,0
56,882575.41,0.0,Unemployed,900,646815.79,84,124515.79,0.2,0,0,2,205008.37,Education,0
37,551546.86,5.8,Salaried,486,783270.91,48,150854.81,0.387,0,0,2,29995.12,Vehicle,0
54,1221941.18,8.3,Business Owner,672,1392634.91,36,408177.04,0.425,1,0,2,144093.16,Medical,0
48,90000.0,0.0,Unemployed,628,142750.0,48,0.0,0.127,0,0,3,43807.61,Debt Consolidation,0
33,564372.74,7.1,Self-Employed,815,20000.0,12,194690.02,0.348,2,0,1,532370.19,Debt Consolidation,0
61,735972.5,17.8,Business Owner,550,502904.27,60,100859.94,0.192,1,1,0,223208.57,Vehicle,0
40,1041426.4,6.7,Salaried,659,224346.98,12,506086.84,0.503,0,0,3,427371.19,Personal,0
27,814312.2,0.0,Business Owner,712,20000.0,84,359092.55,0.443,2,0,0,82195.75,Education,0
63,203979.21,18.7,Contract,634,1673175.33,24,242964.61,1.847,0,0,1,20123.08,Education,0
61,542467.59,17.3,Business Owner,581,1079855.12,84,374391.69,0.849,0,0,4,160439.41,Debt Consolidation,0
23,90000.0,0.0,Unemployed,648,1133578.53,48,0.0,1.008,0,0,0,191146.35,Home,1
60,950512.57,14.8,Self-Employed,622,657266.09,36,564950.81,0.65,0,0,2,82090.44,Vehicle,0
62,924251.87,11.3,Self-Employed,622,1010408.7,24,48466.31,0.14,1,0,3,591811.25,Medical,0
57,632900.14,16.0,Salaried,734,588679.8,48,426250.99,0.748,2,0,4,40507.37,Debt Consolidation,0
32,645872.55,4.4,Business Owner,686,1207160.47,12,299297.19,0.613,0,1,1,34789.48,Business,0
48,860097.06,15.0,Contract,700,894532.77,36,247578.47,0.371,0,0,1,39414.71,Business,0
44,386619.23,9.3,Self-Employed,680,781737.31,60,418740.43,1.245,0,0,1,27787.65,Home,0
48,795417.24,10.7,Salaried,736,819464.05,84,379384.76,0.559,1,0,4,303185.77,Personal,0
48,774129.5,12.1,Self-Employed,767,1532724.76,60,219328.79,0.442,1,0,1,73173.45,Vehicle,0
49,765352.6,9.4,Business Owner,624,883665.47,12,124112.25,0.255,0,0,3,104837.57,Education,0
43,415419.49,0.0,Unemployed,724,285195.4,120,222145.21,0.59,1,0,4,7108.77,Personal,0
51,715523.59,11.7,Salaried,533,968095.46,48,181494.8,0.362,3,0,3,15686.74,Home,0
44,793354.87,6.4,Salaried,447,1044520.33,84,263718.42,0.438,3,0,2,24929.97,Vehicle,0
21,266474.42,0.0,Salaried,814,727645.07,240,383706.12,1.658,2,0,2,29477.69,Education,0
22,756625.5,6.2,Salaried,620,773948.52,12,284342.33,0.458,1,0,1,11601.08,Vehicle,0
63,632650.33,0.0,Unemployed,673,266891.94,240,233276.55,0.402,1,0,2,15173.96,Debt Consolidation,0
61,800237.86,16.9,Salaried,540,848537.82,240,82285.96,0.188,1,0,3,19109.67,Medical,1
46,825303.96,14.7,Self-Employed,536,192759.33,60,258438.21,0.332,2,0,3,57722.0,Education,0
28,593520.17,0.3,Salaried,586,674612.23,12,0.0,0.091,1,0,0,82464.02,Debt Consolidation,0
55,924833.14,21.1,Salaried,708,465338.61,36,56448.66,0.101,1,0,1,114455.1,Education,0
27,284311.78,0.0,Unemployed,604,1291453.11,36,309123.62,1.451,2,1,3,97501.52,Debt Consolidation,1
37,361014.68,12.4,Self-Employed,620,1574971.6,84,359333.69,1.344,1,0,2,17562.56,Home,1
35,847054.04,11.6,Salaried,583,227837.84,120,196280.59,0.253,2,1,2,668702.92,Debt Consolidation,1
21,191463.44,0.0,Salaried,755,797689.79,60,236178.29,1.567,0,1,4,37336.16,Personal,0
56,425694.94,0.0,Unemployed,728,644820.32,48,266647.01,0.748,1,0,0,582280.25,Education,0
43,219944.29,0.0,Unemployed,606,1032219.21,12,322658.47,1.842,1,0,4,156392.48,Personal,1
34,526968.56,3.5,Salaried,712,848120.83,240,163746.35,0.439,0,0,2,13339.94,Business,0
43,708997.19,10.4,Self-Employed,628,606312.28,240,23067.11,0.101,1,0,4,70216.81,Medical,0
21,422677.95,0.0,Salaried,620,846875.26,12,269691.39,0.798,0,0,2,98973.96,Debt Consolidation,0
40,785051.5,9.1,Self-Employed,646,692674.37,36,552494.94,0.774,2,0,4,85524.37,Debt Consolidation,0
43,680199.16,6.0,Salaried,708,1594567.3,240,33958.49,0.237,0,0,1,92623.26,Education,1
35,487676.51,6.1,Contract,570,403177.32,48,177155.6,0.429,1,0,3,157317.63,Home,1
57,692544.89,0.0,Unemployed,695,928743.35,84,130475.64,0.296,0,0,1,84863.42,Medical,0
31,681195.65,5.2,Salaried,875,1054816.74,60,634375.71,1.055,1,0,4,248341.71,Vehicle,0
27,775700.23,1.3,Self-Employed,666,1019238.61,84,27069.42,0.14,0,0,2,95557.38,Personal,0
44,1023147.18,10.8,Salaried,653,651055.24,180,171117.56,0.218,3,1,3,13218.97,Medical,0
60,1067044.63,11.4,Salaried,642,1484136.97,48,134356.48,0.237,1,0,4,10665.5,Home,0
37,792946.36,3.9,Salaried,693,20000.0,180,0.0,0.002,0,0,0,88476.86,Education,0
23,530335.45,0.0,Salaried,505,253031.86,60,0.0,0.038,1,0,1,67679.3,Business,0
63,90000.0,0.0,Unemployed,803,1131784.97,24,302309.01,3.0,4,0,2,472274.79,Education,1
40,708672.68,8.8,Salaried,738,359946.2,12,327557.52,0.503,1,0,0,89154.57,Vehicle,0
28,894646.08,4.4,Contract,592,330745.03,120,99289.97,0.141,1,0,0,204652.49,Business,0
48,769578.7,10.7,Salaried,653,566402.21,84,453619.35,0.648,2,0,3,325236.12,Education,0
35,90000.0,3.2,Self-Employed,600,407178.34,180,0.0,0.362,3,0,0,98734.81,Home,0
62,940515.54,20.9,Self-Employed,677,1118544.51,36,0.0,0.095,1,0,2,277720.59,Personal,0
33,518874.79,0.0,Unemployed,656,1252202.39,120,51550.29,0.292,0,0,3,41602.96,Debt Consolidation,0
45,596694.45,10.9,Salaried,671,844157.67,12,198388.41,0.446,1,0,3,482125.49,Personal,0
44,916090.42,8.9,Salaried,557,1327313.19,24,118836.72,0.246,0,0,4,59106.22,Business,0
31,936991.35,5.7,Business Owner,607,106782.75,84,163811.52,0.184,1,1,0,138789.0,Personal,0
42,641623.3,6.6,Business Owner,753,837943.85,60,287310.04,0.552,3,0,0,136552.34,Vehicle,0
25,1079825.28,4.8,Business Owner,602,1473976.74,84,462272.5,0.537,2,0,0,47781.5,Debt Consolidation,1
49,367130.77,15.3,Salaried,412,1288427.9,180,344437.53,1.219,1,0,3,13296.61,Vehicle,1
54,684688.83,16.2,Salaried,636,1518147.04,180,210107.62,0.484,2,0,0,54902.0,Education,0
62,683749.42,16.9,Contract,867,504977.17,24,185574.52,0.33,0,0,2,40917.62,Education,0
35,435640.46,4.3,Self-Employed,726,1258594.91,24,398254.08,1.145,3,0,0,442857.07,Education,0
33,711948.47,13.3,Self-Employed,597,586611.93,60,539162.27,0.823,1,0,4,45535.65,Home,0
45,999592.22,6.6,Salaried,645,1097576.45,240,314892.73,0.403,3,0,4,16051.71,Debt Consolidation,0
51,1001935.47,14.6,Salaried,711,1455438.41,120,111781.18,0.228,1,0,3,17320.02,Medical,0
64,559916.05,0.0,Unemployed,492,402966.19,24,246661.06,0.498,2,0,4,244098.21,Home,0
22,329019.37,0.2,Business Owner,573,20000.0,84,304456.2,0.93,0,0,2,33663.62,Business,0
31,296011.92,4.6,Salaried,686,1723782.67,48,100073.76,0.804,1,0,3,109575.93,Business,0
32,324542.28,0.0,Unemployed,794,1044063.61,12,355835.81,1.354,2,0,2,304220.88,Education,0
32,624441.24,5.7,Self-Employed,610,746460.22,120,247527.48,0.492,4,0,4,88764.77,Education,1
41,535480.04,9.0,Salaried,791,718996.38,36,409638.46,0.872,4,0,1,10885.23,Vehicle,0
59,1190330.8,23.2,Salaried,582,20000.0,120,24186.47,0.022,1,0,1,47490.53,Medical,0
22,779465.04,3.6,Business Owner,345,904365.6,60,0.0,0.093,0,0,2,69271.26,Personal,0
56,840603.19,15.5,Salaried,717,534717.37,60,129304.31,0.205,1,1,0,562289.85,Education,0
48,927973.47,12.5,Self-Employed,699,826237.42,24,204272.64,0.291,0,0,3,42395.24,Home,0
48,844739.61,16.3,Business Owner,716,815146.45,36,0.0,0.077,0,0,2,110219.52,Debt Consolidation,0
50,1334765.54,8.7,Salaried,713,20000.0,48,90477.5,0.069,2,1,1,207844.38,Vehicle,0
26,90000.0,0.0,Unemployed,667,1044982.53,120,431039.99,3.0,2,1,0,54716.66,Business,1
53,544482.1,7.1,Salaried,627,894484.75,48,295991.04,0.675,1,0,2,51779.08,Vehicle,0
31,394293.57,5.7,Salaried,630,961635.0,12,224880.98,0.765,2,0,2,276969.62,Debt Consolidation,1
43,1206664.57,11.3,Business Owner,609,708290.14,12,9958.8,0.055,2,0,2,34179.11,Business,0
50,887521.47,8.6,Self-Employed,614,824461.69,36,425050.75,0.553,1,0,0,248991.8,Education,0
47,541962.02,14.7,Salaried,487,886404.21,60,124877.77,0.361,1,0,0,582006.07,Home,0
35,426030.91,3.4,Self-Employed,541,937131.54,36,217098.98,0.686,0,0,3,163129.8,Business,1
38,997222.63,5.8,Contract,635,1037793.1,240,273332.34,0.357,0,0,1,26969.07,Education,1
41,750421.93,8.4,Contract,448,941381.36,36,230825.22,0.408,0,0,4,54702.36,Medical,1
22,955604.49,5.2,Contract,469,1724864.41,48,468520.07,0.635,0,0,0,23941.42,Personal,1
52,677962.66,9.8,Salaried,620,436992.51,48,303520.49,0.499,1,0,1,47495.5,Personal,1
25,739883.83,2.5,Salaried,638,612522.7,36,260901.62,0.419,0,0,4,260835.57,Home,0
41,735056.91,10.3,Self-Employed,622,1646478.22,180,184442.68,0.43,2,0,0,60529.76,Home,0
49,527972.17,12.9,Salaried,436,722698.7,36,277743.09,0.636,2,0,4,261764.13,Education,0
24,722963.96,3.0,Business Owner,790,1265818.93,12,162200.67,0.364,3,0,0,299592.69,Medical,0
64,432924.16,19.5,Salaried,521,867752.44,60,234088.23,0.701,2,1,0,442566.44,Debt Consolidation,0
37,771526.71,4.7,Salaried,576,686094.08,84,138491.41,0.251,1,0,1,153518.66,Education,0
21,790312.19,5.1,Salaried,536,1293124.11,60,110101.99,0.27,0,0,3,14642.88,Debt Consolidation,0
49,931540.3,10.9,Salaried,767,1059211.28,48,35109.35,0.129,1,0,2,172097.37,Medical,0
45,838636.22,8.9,Salaried,688,32995.08,180,151185.54,0.183,1,0,2,107872.81,Home,0
49,651947.47,15.2,Self-Employed,607,886746.58,48,139376.96,0.323,1,0,2,42452.3,Medical,0
54,1086992.66,11.3,Self-Employed,601,302469.16,84,529287.7,0.509,0,0,2,211600.65,Education,1
41,883077.12,9.0,Salaried,666,1435576.3,180,378578.98,0.559,1,0,3,29176.48,Personal,0
57,1055136.58,12.2,Salaried,538,1676795.02,48,175875.36,0.294,3,0,2,116068.32,Debt Consolidation,0
37,1010821.68,14.0,Contract,684,1736986.1,60,123803.93,0.26,0,0,4,25054.37,Business,0
44,637600.09,16.1,Salaried,601,978756.76,48,310709.93,0.61,0,0,2,11649.24,Vehicle,0
27,714969.86,2.1,Self-Employed,697,569216.18,84,549610.29,0.832,2,0,4,273546.56,Education,0
48,874641.3,12.4,Self-Employed,694,960879.17,60,343380.84,0.48,3,0,3,36545.44,Personal,0
32,345714.55,4.4,Self-Employed,597,330137.73,180,0.0,0.076,1,0,2,125591.7,Medical,0
51,408256.71,11.0,Contract,465,1972749.4,36,355369.62,1.257,1,0,1,24067.36,Education,1
56,380172.09,14.4,Self-Employed,628,1397178.52,24,387257.56,1.313,3,0,2,199542.04,Debt Consolidation,0
58,333974.98,0.0,Unemployed,520,952263.18,48,595863.01,2.012,2,0,0,110933.58,Personal,1
61,636670.74,11.4,Contract,657,1298524.6,84,155297.65,0.407,0,0,1,217505.43,Education,0
26,256082.34,2.8,Salaried,627,554137.94,36,224942.38,1.052,0,1,2,155914.0,Education,1
27,655339.56,2.3,Salaried,597,246020.95,240,281043.24,0.459,0,0,1,105927.23,Medical,0
61,696095.27,16.9,Salaried,533,20000.0,60,62484.01,0.092,3,0,0,81984.42,Personal,0
37,943560.04,6.2,Salaried,757,841528.38,180,46176.5,0.12,1,0,2,309187.36,Education,0
22,1106244.77,0.0,Self-Employed,609,695922.79,60,271884.38,0.296,0,0,4,209009.12,Debt Consolidation,0
33,750112.59,7.4,Salaried,862,1059644.64,48,0.0,0.113,4,0,2,333554.6,Medical,0
57,533842.37,16.0,Salaried,653,806536.35,180,0.0,0.121,1,0,1,346128.7,Personal,0
36,806681.09,10.2,Salaried,682,1036942.63,24,346821.9,0.533,0,1,3,140181.88,Vehicle,0
24,761325.73,2.7,Business Owner,654,1205541.7,36,289611.05,0.507,0,0,0,89243.41,Business,0
52,782968.69,11.8,Business Owner,681,69909.45,120,424953.46,0.55,3,0,4,312818.91,Debt Consolidation,0
29,90000.0,0.0,Unemployed,748,1234449.86,240,283381.97,3.0,2,0,2,73905.73,Medical,0
36,528944.99,0.1,Salaried,749,596709.87,36,201876.06,0.472,2,1,3,538095.45,Debt Consolidation,0
21,555552.25,6.3,Salaried,491,1058789.43,60,432032.46,0.93,1,1,1,274567.28,Vehicle,1
47,529024.1,0.0,Unemployed,727,1311113.41,60,123883.31,0.432,0,1,1,22286.17,Home,0
40,934756.4,14.2,Business Owner,695,1314547.12,120,139999.13,0.262,0,0,3,135594.44,Debt Consolidation,0
59,1170394.04,12.6,Self-Employed,653,864576.41,60,188386.72,0.22,0,0,1,19571.82,Medical,0
35,810584.52,2.2,Self-Employed,804,889237.91,84,281083.78,0.435,0,0,3,280785.53,Debt Consolidation,0
30,733073.73,4.7,Salaried,808,1245956.12,120,188007.98,0.392,1,0,3,1701.66,Business,0
28,544442.41,3.9,Contract,731,49411.92,180,0.0,0.007,0,1,3,280472.13,Vehicle,1
29,364634.25,4.2,Self-Employed,601,324210.47,24,152013.43,0.488,3,1,3,47355.16,Medical,1
40,514526.64,8.2,Self-Employed,543,660371.64,84,194319.73,0.48,3,0,1,102057.32,Debt Consolidation,0
24,434040.33,0.0,Self-Employed,718,133602.96,24,220667.67,0.533,3,0,4,228033.89,Personal,0
38,90000.0,2.3,Salaried,772,664141.62,12,119107.92,1.914,3,0,4,55878.57,Debt Consolidation,0
58,458842.05,15.6,Salaried,467,636825.53,120,291010.88,0.745,2,0,2,213591.86,Vehicle,0
54,1249552.44,9.4,Business Owner,748,843553.29,48,0.0,0.054,3,0,0,88851.37,Vehicle,0
49,776150.05,7.1,Self-Employed,627,771558.29,120,274836.72,0.434,1,1,0,72755.35,Vehicle,0
60,622869.04,14.5,Salaried,487,1334674.26,240,522714.77,1.011,0,0,2,158686.31,Personal,0
55,801619.96,14.9,Salaried,692,1086502.35,24,90774.55,0.222,2,0,0,72489.62,Debt Consolidation,0
49,90000.0,0.0,Unemployed,732,764484.36,60,210369.87,3.0,1,0,4,178588.53,Home,1
58,781524.43,17.7,Salaried,618,633368.82,12,155535.45,0.264,2,0,2,18335.31,Education,0
26,934373.07,6.3,Salaried,555,776220.95,180,158569.34,0.236,1,0,2,665698.88,Home,0
57,677721.01,16.4,Self-Employed,804,785069.48,240,14875.61,0.115,0,0,2,37116.79,Personal,0
33,193002.62,5.9,Contract,590,2059378.15,180,558480.54,3.0,1,1,4,190595.56,Education,1
53,742514.87,20.3,Business Owner,754,71236.39,240,269441.35,0.371,3,1,2,329567.24,Debt Consolidation,0
61,1039815.5,12.0,Contract,514,336862.48,36,79256.62,0.102,1,0,3,340903.38,Education,0
42,727657.41,7.2,Salaried,687,263537.03,36,58763.63,0.11,0,0,2,100144.87,Vehicle,0
24,90000.0,0.0,Unemployed,685,934635.84,180,211070.22,3.0,1,1,2,318167.1,Debt Consolidation,1
37,1239907.29,9.1,Contract,729,914836.67,84,0.0,0.059,0,0,0,350908.14,Medical,0
38,337547.87,3.9,Self-Employed,784,513464.1,48,389507.96,1.276,4,0,3,105512.16,Vehicle,1
62,662268.85,18.7,Self-Employed,577,1248058.83,24,107506.89,0.313,5,0,2,7282.65,Debt Consolidation,0
62,463653.5,18.1,Salaried,697,984828.43,12,269982.83,0.752,1,0,4,43315.8,Business,0
46,415999.5,12.4,Salaried,527,1269050.16,12,278407.59,0.913,2,0,0,212663.17,Home,1
62,609962.22,18.8,Salaried,526,1401727.18,120,373753.86,0.797,2,0,4,287211.58,Debt Consolidation,0
40,816037.54,12.2,Salaried,598,20000.0,36,288672.6,0.356,1,0,3,216923.32,Home,0
39,626632.86,0.0,Unemployed,687,1142808.34,180,333771.52,0.679,3,0,0,316387.23,Personal,0
57,611457.96,16.0,Salaried,801,154969.76,180,383431.79,0.647,0,0,2,249097.23,Home,0
50,434464.11,9.4,Self-Employed,817,924706.31,60,140555.63,0.494,2,0,4,289486.98,Business,0
43,785659.83,5.9,Salaried,618,763552.0,36,587249.71,0.825,3,0,3,347970.59,Business,0
41,786990.89,13.3,Salaried,677,784893.12,24,263517.3,0.415,3,0,1,59252.77,Vehicle,1
52,753094.08,10.0,Salaried,735,197689.33,36,194963.17,0.28,3,0,3,56347.99,Vehicle,0
54,767934.95,15.1,Salaried,719,1315243.27,84,48601.2,0.2,3,0,0,152052.22,Education,0
42,634858.39,10.0,Self-Employed,635,154752.51,120,162731.19,0.276,2,0,0,41887.42,Debt Consolidation,0
22,277537.71,0.0,Unemployed,657,1175266.81,120,272334.09,1.32,1,0,2,77688.8,Business,0
25,566587.22,0.0,Salaried,640,84054.81,240,217149.86,0.395,2,1,0,38894.85,Home,1
27,535560.93,0.0,Unemployed,631,791071.98,84,528940.6,1.106,0,0,2,9962.23,Medical,1
41,1367114.88,7.8,Business Owner,619,1702195.64,60,129802.67,0.195,1,0,0,313860.42,Debt Consolidation,0
48,725913.29,9.0,Self-Employed,639,1980815.27,48,322275.74,0.662,1,0,1,203390.23,Medical,0
56,703356.94,13.2,Salaried,613,20000.0,48,0.0,0.002,2,0,2,19956.62,Vehicle,0
31,693965.34,7.1,Salaried,548,447730.88,48,592977.49,0.906,0,0,4,85259.52,Vehicle,1
55,537519.55,15.8,Contract,728,538669.35,180,0.0,0.08,1,0,0,110982.68,Debt Consolidation,0
50,878244.59,11.2,Self-Employed,696,1927526.79,60,573371.2,0.828,0,0,1,75667.19,Personal,0
23,716294.1,0.0,Salaried,819,765836.68,24,175548.92,0.331,2,0,2,101637.69,Education,0
36,539882.45,2.8,Contract,683,1337332.04,24,0.0,0.198,0,0,0,42641.29,Vehicle,0
34,864516.7,7.5,Salaried,612,949853.57,12,443366.8,0.601,3,0,0,52228.45,Education,0
60,721747.44,11.8,Contract,594,200393.75,180,214818.47,0.32,0,0,2,82090.49,Debt Consolidation,0
61,477485.84,15.6,Salaried,654,20000.0,24,118380.67,0.251,0,0,1,173336.14,Home,0
57,445901.11,0.0,Unemployed,700,493454.13,12,315502.69,0.796,0,1,3,472371.21,Debt Consolidation,1
44,728248.13,10.6,Salaried,628,1958436.61,36,319593.48,0.654,2,0,4,82637.64,Personal,0
42,903104.54,10.6,Salaried,518,928806.63,60,274625.01,0.386,0,0,1,239920.26,Home,0
34,996886.74,2.0,Business Owner,583,1327186.98,240,404306.95,0.512,0,0,0,110984.9,Medical,0
55,674693.42,9.9,Salaried,652,90878.72,180,245458.89,0.375,2,0,4,47918.07,Medical,0
24,140978.27,0.0,Unemployed,717,637389.04,24,316950.37,2.61,2,0,1,776295.13,Business,1
32,783435.94,3.6,Business Owner,516,1189421.96,60,106082.41,0.257,1,0,0,165464.55,Education,1
26,705827.22,5.5,Salaried,674,254416.52,180,337801.51,0.507,2,0,4,9718.59,Medical,0
42,783938.59,8.8,Salaried,670,768016.3,120,106867.65,0.215,2,0,2,59404.12,Business,0
34,364353.05,0.0,Unemployed,609,360116.94,60,0.0,0.079,0,0,4,132643.98,Business,1
29,601309.51,1.8,Self-Employed,597,1213217.19,36,162872.79,0.432,3,0,4,432767.44,Education,0
37,897204.26,7.6,Contract,584,999258.27,180,150359.5,0.257,1,1,3,566079.51,Home,0
58,542424.53,12.4,Salaried,663,1141692.71,60,366995.08,0.845,3,0,4,188382.36,Personal,0
45,941850.86,0.0,Unemployed,751,1235537.52,36,0.0,0.105,1,0,0,94017.52,Education,0
57,898767.6,16.0,Self-Employed,758,686162.6,120,396853.99,0.503,1,0,3,79158.33,Vehicle,0
61,588128.65,13.4,Business Owner,549,1301615.86,180,87864.56,0.326,1,0,0,466747.41,Business,0
60,763307.33,14.9,Salaried,633,505075.92,180,0.0,0.053,2,0,0,78079.6,Business,0
36,838170.88,10.4,Salaried,453,1112860.05,240,0.0,0.106,1,0,4,148470.8,Education,1
59,276657.72,0.0,Unemployed,660,20000.0,84,144643.68,0.529,2,0,0,28001.41,Vehicle,0
61,90000.0,0.0,Unemployed,704,426821.91,120,279960.66,3.0,1,0,0,191416.67,Education,1
63,466234.01,15.7,Salaried,791,1957901.6,36,176006.09,0.713,3,1,2,47003.73,Debt Consolidation,0
36,430523.24,0.0,Unemployed,489,1105493.97,36,0.0,0.205,0,0,1,363203.73,Debt Consolidation,0
31,191345.88,3.8,Salaried,552,1105673.44,24,59863.76,0.775,3,0,4,56601.06,Home,1
46,312663.86,10.9,Salaried,663,388052.03,12,0.0,0.099,0,1,3,159306.93,Medical,1
62,857208.69,19.8,Salaried,504,252894.77,180,246576.13,0.311,1,0,0,136592.76,Education,0
60,661362.7,11.9,Salaried,665,667819.92,60,183693.17,0.359,3,1,0,3558.03,Debt Consolidation,0
46,501054.9,7.5,Salaried,706,766435.76,60,310478.95,0.742,3,0,4,47469.0,Education,0
27,494316.96,1.7,Salaried,535,1757233.59,12,0.0,0.284,1,0,3,111660.66,Vehicle,0
39,286296.55,11.1,Salaried,662,1309469.71,24,103883.04,0.729,0,0,4,66917.38,Education,1
52,964113.36,15.8,Business Owner,541,854463.94,12,565183.65,0.657,0,0,1,99378.08,Personal,0
45,470364.11,12.1,Contract,774,832856.4,60,315386.18,0.812,1,0,4,53431.14,Medical,0
36,661061.95,5.9,Business Owner,669,1179070.38,84,146700.69,0.365,1,0,2,555908.01,Personal,0
36,731696.28,9.7,Salaried,592,140602.07,24,22276.26,0.046,2,0,0,21096.98,Vehicle,0
23,691843.12,0.6,Business Owner,539,20000.0,120,399394.57,0.58,1,0,4,147652.38,Debt Consolidation,1
33,459836.67,6.8,Salaried,685,1171694.04,12,475880.8,1.239,3,0,0,134547.13,Personal,0
50,339640.39,14.6,Business Owner,772,836006.33,180,0.0,0.197,1,0,0,151396.48,Business,0
31,721856.46,9.4,Self-Employed,581,143941.8,240,10267.62,0.03,2,0,1,176275.37,Debt Consolidation,0
64,748748.24,17.3,Salaried,610,20000.0,84,250184.17,0.336,0,0,4,74071.96,Debt Consolidation,0
24,479653.14,0.4,Salaried,582,1246933.4,60,267011.03,0.765,0,0,2,509741.07,Business,0
46,415650.22,14.2,Contract,790,539222.42,120,286900.13,0.794,4,0,0,248985.23,Home,0
42,316190.62,0.0,Unemployed,478,1000130.34,36,531806.57,1.935,0,0,4,227133.86,Personal,1
57,978117.94,13.1,Business Owner,766,668119.99,240,25132.18,0.08,1,0,2,241474.32,Vehicle,0
60,391439.72,0.0,Unemployed,616,782880.51,180,207174.5,0.689,0,0,4,4686.0,Business,1
44,728516.38,0.0,Unemployed,644,503874.64,120,329814.91,0.508,2,0,3,137741.92,Home,0
48,857193.63,6.2,Salaried,619,761744.99,240,327875.51,0.454,0,1,1,147584.5,Home,0
51,813179.23,7.2,Business Owner,672,1088536.62,36,83393.32,0.21,3,0,0,30111.98,Medical,0
43,850569.69,8.3,Salaried,584,662135.74,180,90501.65,0.169,2,0,4,56968.44,Vehicle,0
29,636165.57,3.5,Self-Employed,745,633588.22,12,117340.02,0.264,3,0,0,268313.85,Business,0
39,665298.19,4.0,Salaried,749,1103768.95,120,506622.3,0.894,0,0,4,47462.55,Debt Consolidation,0
31,604090.95,0.0,Unemployed,561,1137089.95,36,23875.19,0.19,2,0,3,3732.46,Home,0
41,585485.53,8.8,Business Owner,710,231254.89,240,141624.26,0.273,0,0,2,85915.3,Debt Consolidation,0
48,686827.41,9.4,Salaried,618,785545.58,84,339581.36,0.586,3,0,2,27396.07,Medical,0
30,924427.5,9.7,Salaried,655,538118.6,24,4013.77,0.051,2,1,2,62554.82,Debt Consolidation,0
31,707247.64,5.3,Salaried,787,806858.99,36,246443.27,0.44,2,0,0,204100.94,Business,0
57,765736.75,17.8,Business Owner,589,1516983.44,180,0.0,0.158,4,0,4,207284.46,Medical,0
37,90000.0,0.0,Unemployed,733,979483.65,180,234668.24,3.0,0,1,3,5268.06,Medical,1
29,90000.0,0.0,Salaried,691,1882122.45,48,209427.45,3.0,1,0,4,608768.05,Business,1
52,1212045.3,13.8,Self-Employed,633,909797.26,36,229449.73,0.249,3,0,2,108404.91,Home,0
52,770127.96,18.0,Self-Employed,683,716770.75,12,43592.16,0.131,1,1,4,98391.27,Home,0
57,561981.72,11.4,Salaried,672,790158.77,24,240990.38,0.541,1,1,0,86965.27,Vehicle,0
54,786364.22,13.6,Self-Employed,546,871314.92,12,192971.3,0.334,1,0,3,207358.77,Vehicle,0
64,492081.47,13.5,Salaried,595,961425.71,36,433841.68,1.038,4,0,4,119236.71,Medical,1
46,592199.68,7.8,Salaried,556,304016.32,24,314811.41,0.573,2,0,2,424934.51,Medical,0
33,400764.9,5.4,Salaried,625,683419.9,12,0.0,0.136,1,0,2,149090.63,Debt Consolidation,0
58,357681.6,13.3,Contract,771,437801.94,180,50134.68,0.238,1,0,4,252318.29,Medical,0
32,106753.76,0.5,Salaried,702,1314811.03,180,89055.71,1.82,2,0,1,130566.37,Vehicle,1
33,236585.65,0.8,Salaried,521,20000.0,240,232469.44,0.989,0,0,0,12482.79,Education,1
57,1113321.94,8.7,Business Owner,625,878451.51,180,169558.89,0.215,2,0,1,92631.5,Debt Consolidation,0
59,117279.51,0.0,Unemployed,671,40915.11,24,168814.04,1.467,1,0,4,13031.86,Medical,0
35,775723.03,7.4,Self-Employed,717,1016119.0,24,707191.96,1.016,0,0,1,56113.03,Personal,0
53,935161.85,14.6,Salaried,591,600547.55,180,107678.62,0.167,0,0,1,223822.96,Education,0
61,874144.92,13.3,Business Owner,539,20000.0,12,450355.88,0.517,0,0,2,14151.61,Personal,1
56,630358.2,17.0,Salaried,645,1271115.28,120,173475.0,0.437,1,0,2,102358.06,Business,0
21,783255.73,2.1,Business Owner,701,20000.0,24,0.0,0.002,1,0,4,45718.55,Home,0
50,582844.91,11.6,Salaried,671,784290.26,12,234438.58,0.51,0,0,3,26409.54,Personal,0
28,921977.32,2.3,Salaried,570,1145595.25,180,401461.54,0.535,3,0,3,141164.11,Business,0
58,1180133.47,12.9,Salaried,808,1488365.86,120,314020.48,0.367,0,1,0,49005.54,Personal,0
23,1118452.96,1.4,Business Owner,641,20000.0,12,246107.07,0.221,1,0,4,80473.64,Home,0
64,191109.19,22.1,Salaried,667,541988.07,12,204270.66,1.296,2,0,1,273966.03,Debt Consolidation,0
28,511743.31,6.2,Salaried,590,1341826.51,180,110961.47,0.427,1,0,0,294389.02,Education,0
39,655039.78,6.4,Self-Employed,750,1375620.35,36,361322.39,0.72,1,0,1,27046.51,Debt Consolidation,0
31,895764.49,5.6,Business Owner,701,1440371.76,240,121843.4,0.265,0,0,3,364012.36,Education,0
56,273171.37,10.7,Salaried,678,2080790.68,60,84739.27,0.92,1,0,0,44386.83,Business,0
38,365139.08,9.0,Business Owner,546,545653.56,240,273913.76,0.87,1,1,3,271079.98,Vehicle,0
53,1172697.44,10.3,Business Owner,748,986190.96,240,145986.6,0.192,1,0,0,106385.77,Personal,0
23,466220.17,2.9,Salaried,718,627067.75,84,430555.63,1.031,1,0,4,182087.88,Vehicle,0
40,90000.0,0.0,Unemployed,741,20000.0,12,284110.45,3.0,2,0,0,205517.88,Personal,1
61,444089.8,14.3,Contract,653,754998.54,240,59965.43,0.271,0,0,4,23907.29,Business,0
61,817618.66,24.8,Salaried,643,20000.0,48,0.0,0.002,0,0,3,420136.42,Personal,0
30,421363.08,5.1,Salaried,634,539585.74,36,96753.46,0.332,5,0,0,89890.59,Home,0
38,711406.41,4.6,Salaried,855,65920.94,84,620832.17,0.88,2,1,2,120995.23,Business,0
39,409318.16,4.8,Salaried,601,1019428.57,48,157236.91,0.583,2,0,0,172385.54,Home,0
45,235949.97,16.7,Self-Employed,543,410736.86,120,336490.1,1.565,1,0,0,59235.61,Business,0
44,1025095.04,10.7,Contract,616,20000.0,36,0.0,0.002,0,0,1,20132.57,Business,0
25,711547.48,0.0,Contract,602,1232829.33,240,5045.37,0.146,1,0,1,53379.21,Education,0
54,615562.28,12.6,Salaried,763,498124.24,12,166082.3,0.335,0,0,3,76283.02,Vehicle,0
30,496659.57,4.9,Salaried,528,583948.94,60,506197.67,1.113,0,0,3,64784.01,Personal,1
34,1005225.09,5.2,Salaried,599,311121.37,240,0.0,0.025,0,0,1,163115.92,Business,0
57,855882.51,15.4,Self-Employed,667,1374538.09,180,86647.79,0.23,2,0,1,413221.42,Medical,0
51,976703.26,17.3,Salaried,764,935259.5,180,362304.95,0.448,2,0,4,153390.33,Medical,0
38,155076.83,0.0,Unemployed,714,493455.77,84,486665.95,3.0,2,0,2,6974.39,Home,1
61,732666.64,17.9,Contract,796,20000.0,84,278732.59,0.383,1,0,3,22382.29,Debt Consolidation,0
38,751549.73,6.6,Salaried,681,2055317.1,24,321656.32,0.647,3,0,3,519204.02,Home,0
45,684482.72,8.1,Business Owner,632,1789683.71,36,38554.01,0.265,2,0,3,323994.14,Medical,0
31,606116.97,7.2,Self-Employed,727,1521551.01,84,0.0,0.201,0,0,4,289424.94,Business,0
29,478097.42,0.0,Contract,527,448414.15,36,0.0,0.075,1,0,3,416132.3,Business,1
42,762764.8,1.3,Self-Employed,496,549526.4,36,42795.49,0.114,1,1,0,13851.49,Debt Consolidation,1
45,341651.46,10.3,Salaried,738,1000332.7,120,240608.42,0.938,1,0,2,146827.25,Home,0
56,847992.5,13.6,Self-Employed,669,353073.18,120,0.0,0.033,1,0,1,390889.74,Education,0
38,728678.3,2.7,Salaried,737,305300.39,60,245072.23,0.37,1,0,1,4627.67,Education,0
60,666172.87,10.5,Self-Employed,573,1529279.28,36,143266.41,0.399,1,0,1,45602.88,Debt Consolidation,0
47,790379.29,16.2,Salaried,766,772429.82,24,98746.76,0.203,1,0,4,161425.91,Debt Consolidation,0
24,667764.88,2.6,Business Owner,710,240065.51,36,359306.79,0.567,0,0,4,156537.35,Business,0
53,528467.31,12.9,Contract,647,1276333.67,36,27374.51,0.245,2,0,1,159774.22,Medical,0
46,810931.54,16.6,Salaried,669,513050.84,240,458426.8,0.616,4,0,2,92794.29,Education,0
38,797753.5,9.9,Salaried,681,20000.0,36,349551.75,0.44,2,0,2,54456.25,Vehicle,0
41,683182.44,13.3,Business Owner,573,232593.75,240,21781.7,0.059,1,0,3,252673.01,Education,0
34,490736.93,1.7,Salaried,615,541753.28,60,416402.52,0.937,2,0,4,574253.38,Home,0
48,635256.63,7.1,Self-Employed,680,909979.7,60,517.3,0.115,1,1,2,247847.6,Personal,0
45,683998.59,11.5,Business Owner,612,885868.81,36,432754.36,0.736,2,0,2,30253.59,Business,1
40,1038279.78,8.8,Salaried,518,1413885.1,120,259928.08,0.359,0,0,2,218421.63,Business,0
33,715118.93,8.5,Contract,677,681483.56,180,0.0,0.076,0,0,2,93401.18,Medical,0
38,654650.06,1.9,Self-Employed,725,567173.46,240,0.0,0.069,1,0,4,2501.22,Personal,0
42,429818.76,10.5,Self-Employed,746,1422523.32,180,127104.56,0.56,0,0,0,143192.08,Debt Consolidation,0
41,844747.36,11.0,Salaried,698,1289350.19,12,356203.21,0.544,0,0,0,483094.17,Business,0
34,486098.78,8.0,Salaried,724,693271.19,180,169275.84,0.462,1,1,1,213370.34,Business,0
46,511813.17,8.8,Salaried,739,946014.79,84,164788.29,0.47,1,0,1,84601.85,Home,0
30,820153.67,5.2,Contract,657,562338.88,60,207230.49,0.308,1,1,2,317054.34,Home,1
43,762830.68,6.5,Contract,459,218919.07,36,0.0,0.023,1,1,4,172642.83,Education,1
26,90000.0,1.1,Contract,754,1898618.07,60,348360.55,3.0,1,0,2,14774.02,Debt Consolidation,1
41,620557.31,4.9,Salaried,570,529055.8,180,441138.48,0.779,1,0,1,27648.92,Business,0
55,733379.91,11.3,Self-Employed,548,947496.36,84,342085.02,0.57,2,0,1,121209.24,Education,0
56,620100.96,13.3,Contract,551,42326.28,12,123772.47,0.205,1,0,0,202582.19,Personal,0
51,880090.92,10.5,Business Owner,874,1168225.81,120,40692.54,0.152,0,0,0,308656.98,Home,0
53,243578.0,10.5,Salaried,690,197071.12,180,5251.34,0.086,1,0,1,31390.14,Vehicle,0
23,90000.0,0.0,Contract,556,1638979.29,120,0.0,1.457,2,0,3,9068.53,Personal,1
36,401132.94,11.9,Salaried,588,1698705.03,24,607621.32,1.854,1,0,4,91795.63,Business,1
49,754561.78,9.7,Salaried,650,1082819.53,36,185811.87,0.361,1,0,3,34933.58,Medical,0
56,90000.0,15.0,Contract,699,857440.77,60,362843.48,3.0,0,0,4,4940.81,Home,1
46,464113.48,4.7,Self-Employed,675,706292.44,180,352934.83,0.882,1,0,1,7883.07,Home,0
58,230309.76,18.9,Salaried,566,776228.0,180,225669.88,1.249,1,0,3,657786.44,Vehicle,1
33,575343.96,5.3,Self-Employed,679,1004617.56,12,32302.08,0.196,2,0,3,90680.7,Debt Consolidation,0
27,757474.81,0.0,Unemployed,595,844872.54,12,293364.85,0.477,1,0,4,11972.16,Debt Consolidation,1
24,554706.0,0.0,Salaried,744,1290852.41,12,5145.73,0.195,2,0,1,195925.16,Home,0
46,798124.29,12.6,Business Owner,655,340850.94,240,308414.9,0.421,1,0,0,65683.45,Debt Consolidation,1
50,896807.74,2.7,Salaried,582,1564041.2,180,13362.29,0.154,2,1,4,306130.3,Home,0
33,641326.64,2.3,Salaried,712,588670.62,24,121491.19,0.263,0,1,3,77964.42,Vehicle,0
55,648252.06,13.2,Salaried,684,427060.52,240,121189.87,0.24,3,0,3,495485.83,Home,0
53,927661.48,12.4,Self-Employed,607,981305.45,60,451811.3,0.572,1,0,2,160019.09,Vehicle,1
36,762971.79,13.5,Salaried,716,1013276.25,36,0.0,0.106,0,0,0,152279.76,Business,0
31,702156.44,3.0,Salaried,707,20000.0,120,619541.46,0.885,0,0,0,151116.65,Home,0
53,661304.96,15.8,Self-Employed,758,559445.11,12,54937.07,0.151,0,0,1,533119.04,Debt Consolidation,0
50,600483.82,17.0,Self-Employed,714,20000.0,24,177794.87,0.299,2,0,3,19091.88,Education,0
28,1000292.72,4.8,Business Owner,631,462146.46,36,274395.25,0.311,2,0,4,127177.55,Business,0
32,548884.35,2.4,Contract,498,483678.36,84,258970.79,0.542,3,0,2,84134.54,Home,0
42,970813.22,4.5,Salaried,667,948730.49,180,351853.39,0.441,3,0,2,52656.74,Education,0
43,404213.41,11.0,Salaried,681,406102.12,60,309867.11,0.847,1,0,3,187598.56,Personal,0
28,979445.99,7.7,Self-Employed,655,524476.12,48,566659.11,0.621,0,0,3,81724.52,Home,0
62,841010.02,18.0,Self-Employed,379,1451943.86,84,331687.22,0.533,1,0,4,85530.62,Debt Consolidation,1
38,408866.27,10.5,Salaried,711,1832096.06,12,178874.89,0.796,2,0,1,75636.79,Business,0
37,775244.66,14.2,Salaried,568,339547.79,84,100457.6,0.165,0,0,1,97695.95,Education,0
23,443424.28,3.3,Salaried,712,1309628.37,180,95806.35,0.452,0,0,3,91300.12,Vehicle,1
59,722357.01,11.9,Salaried,803,993903.65,48,432783.88,0.709,3,1,0,16231.48,Debt Consolidation,0
31,158343.22,0.0,Unemployed,627,20000.0,84,515936.36,3.0,2,0,3,395366.54,Business,1
64,695771.96,21.3,Self-Employed,689,404414.87,36,380738.19,0.594,1,0,4,40186.25,Vehicle,0
42,898357.7,7.7,Salaried,653,20000.0,240,0.0,0.002,2,0,3,110491.42,Vehicle,0
59,843627.91,19.7,Self-Employed,697,961783.14,24,0.0,0.091,1,0,3,306060.49,Home,0
28,489658.65,2.6,Business Owner,659,261604.5,24,198638.83,0.448,2,0,2,103408.53,Debt Consolidation,0
28,353975.89,3.8,Salaried,603,866963.47,240,169995.39,0.676,3,0,1,84805.68,Education,0
56,772693.9,12.9,Salaried,569,2085475.96,60,203583.56,0.479,0,0,1,175290.23,Home,0
57,943796.78,14.9,Business Owner,793,1596569.0,48,425313.65,0.586,2,0,2,16317.6,Personal,0
44,500388.76,9.8,Salaried,689,416496.84,180,416340.2,0.899,2,0,4,23180.04,Personal,0
22,1000828.87,0.0,Self-Employed,725,295608.89,36,231484.4,0.255,1,0,4,358203.15,Education,0
62,926373.73,15.1,Self-Employed,686,1446490.77,36,0.0,0.125,2,0,1,98246.26,Education,0
38,644605.91,3.1,Business Owner,738,297599.27,12,0.0,0.037,4,0,0,326910.52,Medical,0
62,192436.17,0.0,Unemployed,569,1295561.38,60,212137.21,1.641,1,0,4,15463.24,Personal,1
59,657046.7,12.8,Contract,657,2167932.75,120,275028.06,0.683,1,0,0,81966.34,Education,0
58,628036.4,17.8,Self-Employed,695,1137709.11,240,0.0,0.145,0,0,0,268321.93,Vehicle,0
51,1004039.37,15.1,Salaried,766,1392006.86,60,318893.91,0.429,0,0,2,192368.4,Business,0
50,933130.74,13.3,Self-Employed,891,1334015.0,12,0.0,0.114,1,0,4,17420.95,Debt Consolidation,0
44,677767.38,5.4,Contract,687,521450.84,24,0.0,0.062,2,0,0,23200.56,Education,0
22,422476.39,0.0,Unemployed,591,945095.28,36,42477.07,0.28,2,0,1,181789.54,Education,0
38,856743.81,2.8,Contract,542,321782.17,240,447151.42,0.552,0,0,4,350254.27,Medical,0
53,710565.18,12.4,Salaried,569,1444964.07,84,474011.33,0.83,1,0,0,3004.67,Vehicle,0
56,955654.67,15.9,Business Owner,580,257436.52,240,0.0,0.022,2,0,1,43394.37,Personal,0
45,820546.89,12.6,Contract,389,1150494.25,180,0.0,0.112,3,0,0,119993.15,Personal,1
52,964901.43,13.8,Business Owner,589,1365859.01,180,336968.31,0.462,0,1,3,101783.34,Business,1
21,555299.04,3.8,Business Owner,715,554178.81,36,120675.81,0.297,3,0,1,525377.4,Home,0
41,490572.56,8.8,Self-Employed,657,439502.21,84,445947.37,0.981,2,0,3,82179.06,Medical,0
43,593851.33,8.1,Self-Employed,627,715153.53,12,334039.02,0.659,0,0,0,376185.82,Debt Consolidation,0
60,540333.93,18.2,Salaried,504,353784.21,48,364950.83,0.728,2,0,0,74423.78,Personal,0
34,270724.86,7.9,Salaried,745,878198.8,36,52061.56,0.452,2,0,0,160793.16,Education,0
31,798987.99,2.4,Contract,696,341514.93,24,279886.07,0.384,0,0,0,27496.94,Debt Consolidation,0
36,381602.03,0.0,Unemployed,649,377722.01,12,562949.06,1.554,0,0,0,267708.74,Education,0
28,286158.36,1.9,Contract,452,1073451.45,48,225604.7,1.088,1,0,1,227918.84,Debt Consolidation,1
45,611770.82,3.6,Salaried,606,1108779.08,12,191899.66,0.459,0,0,4,212330.08,Medical,0
49,637928.55,12.5,Salaried,689,653242.84,84,121575.24,0.272,0,0,2,108264.89,Debt Consolidation,0
56,750486.11,10.1,Salaried,647,20000.0,36,0.0,0.002,3,0,3,439860.25,Home,0
63,455519.39,17.8,Contract,667,1385430.31,36,2189.76,0.248,2,0,0,95704.07,Education,1
24,420501.44,0.0,Business Owner,712,575799.32,12,39471.91,0.203,2,0,4,84779.91,Business,0
31,409931.12,0.0,Unemployed,664,1831157.51,60,0.0,0.357,2,0,4,17987.69,Business,1
34,255509.5,3.9,Salaried,708,733801.56,24,0.0,0.23,2,0,2,119752.65,Medical,0
31,571834.13,7.6,Self-Employed,574,867888.69,84,0.0,0.121,0,1,3,141432.47,Medical,1
57,626480.7,12.8,Contract,540,584124.28,240,59148.05,0.169,2,0,2,191258.61,Debt Consolidation,1
27,587178.92,0.0,Salaried,693,921704.58,120,321544.62,0.673,2,0,1,9369.97,Business,0
22,316179.41,0.0,Unemployed,711,2538283.68,24,143026.6,1.095,1,0,4,115978.42,Education,0
58,1110642.65,14.1,Self-Employed,697,625515.5,12,143842.54,0.175,4,1,0,182984.41,Medical,0
63,326126.95,19.2,Salaried,662,1438164.26,180,338020.08,1.389,2,0,1,196435.66,Medical,0
30,846145.4,0.6,Salaried,621,845316.86,180,504013.73,0.676,1,0,0,218486.32,Education,0
35,90000.0,6.2,Contract,669,1386896.66,48,609199.44,3.0,1,0,1,191651.36,Education,0
43,1014427.79,16.2,Self-Employed,684,20000.0,60,226011.94,0.224,1,0,4,51588.3,Vehicle,0
44,308282.66,8.5,Business Owner,690,1772444.04,48,149275.78,0.944,1,0,3,60083.06,Business,0
64,1338098.66,17.8,Contract,885,970512.72,84,125645.78,0.152,0,0,4,370891.95,Personal,0
38,553558.04,1.8,Salaried,567,666122.38,24,306416.26,0.65,0,1,4,247136.18,Personal,1
21,922595.77,0.0,Contract,900,1251654.95,240,171864.93,0.295,1,0,2,9214.74,Personal,0
39,575039.01,0.0,Unemployed,537,871955.05,48,172508.73,0.421,1,0,4,308259.44,Home,0
45,562877.73,8.6,Salaried,685,226061.85,24,184435.49,0.36,2,1,2,130334.65,Vehicle,0
43,726062.7,10.6,Business Owner,542,20000.0,36,30415.42,0.044,2,0,3,67504.76,Vehicle,0
43,456710.26,10.1,Salaried,678,1713029.36,180,0.0,0.3,0,0,2,10795.24,Debt Consolidation,0
61,916842.54,12.0,Salaried,738,688575.19,36,79537.42,0.147,2,0,1,74149.95,Home,0
56,599132.97,17.0,Salaried,653,493535.35,180,462346.28,0.838,1,0,3,178047.28,Business,0
32,428254.12,0.7,Contract,738,532391.67,120,453885.7,1.159,1,0,4,38826.32,Debt Consolidation,0
36,779319.0,3.7,Salaried,612,1532234.77,240,369160.86,0.631,2,0,4,99155.56,Business,0
50,462705.89,12.3,Salaried,466,554944.28,24,111128.86,0.336,0,0,3,11171.66,Debt Consolidation,0
39,721754.43,11.9,Business Owner,706,1122182.8,48,57707.55,0.204,1,0,1,60730.05,Personal,0
39,680776.47,4.2,Salaried,653,632684.94,180,492427.36,0.798,0,1,4,101780.27,Education,0
28,460392.63,3.2,Contract,607,172595.34,24,5036.62,0.041,1,0,4,388424.86,Business,0
32,160112.83,0.0,Unemployed,613,1250642.45,12,207091.63,1.918,1,0,2,46274.08,Home,1
53,1079745.8,14.8,Salaried,687,1351502.27,12,504108.84,0.567,2,0,1,102293.36,Debt Consolidation,0
58,659941.2,18.4,Salaried,577,460340.64,12,222310.35,0.393,1,0,3,190923.16,Medical,0
55,262093.26,0.0,Unemployed,684,781121.47,180,147173.95,0.8,0,0,1,113774.2,Medical,1
34,595218.72,8.2,Salaried,757,848504.39,48,408770.99,0.801,3,0,4,157677.81,Personal,0
27,731613.75,6.4,Salaried,835,1022562.39,24,212962.17,0.403,2,0,4,28202.94,Medical,1
28,90000.0,0.0,Unemployed,776,1785645.29,120,235310.78,3.0,0,0,3,33261.09,Debt Consolidation,1
38,757803.85,8.3,Contract,665,638064.85,36,472648.31,0.691,1,1,2,323076.48,Education,1
43,879955.05,9.3,Business Owner,673,634977.85,24,0.0,0.058,1,0,0,211258.98,Personal,0
60,269836.15,14.2,Self-Employed,614,712342.45,240,264591.2,1.192,1,0,0,249608.98,Vehicle,1
60,1165563.9,11.2,Contract,608,328892.65,84,62062.37,0.076,0,0,0,11152.74,Education,0
21,1115203.39,0.0,Business Owner,728,20000.0,48,162699.8,0.147,0,1,0,195309.17,Medical,0
52,642859.27,12.7,Business Owner,622,866881.55,240,220332.15,0.451,1,0,2,50389.81,Personal,0
34,358393.37,4.9,Contract,683,1063638.42,36,78415.29,0.456,2,0,1,52680.08,Debt Consolidation,0
29,831012.87,5.0,Business Owner,563,801226.23,84,241133.99,0.367,2,0,1,45368.73,Education,1
45,315534.18,5.2,Self-Employed,773,768646.78,120,269365.65,1.049,2,0,0,17397.1,Medical,0
22,944070.74,0.0,Salaried,621,350635.01,12,236622.01,0.28,0,0,3,92479.22,Business,0
35,524886.57,11.6,Self-Employed,748,926201.22,36,220054.59,0.56,0,1,4,35249.84,Vehicle,1
45,1077451.73,12.6,Self-Employed,587,884929.59,12,178831.88,0.232,0,0,0,68387.26,Medical,0
32,426899.16,6.2,Salaried,582,1037445.92,60,182372.08,0.622,1,0,3,11989.19,Business,0
47,649949.48,11.6,Salaried,770,961838.0,120,214290.68,0.448,4,0,4,74980.68,Education,0
41,976803.15,6.9,Contract,594,996908.16,24,30365.16,0.113,0,0,2,10046.28,Personal,0
56,624190.13,8.7,Salaried,509,1459390.66,24,428621.0,0.874,1,0,2,183802.16,Vehicle,1
28,689022.94,4.2,Salaried,556,1086098.52,60,183599.64,0.393,1,1,4,266586.23,Vehicle,1
23,879164.69,0.0,Salaried,727,1040304.87,48,127392.29,0.24,1,0,3,91965.44,Personal,0
44,529988.14,8.2,Salaried,718,20000.0,12,271251.9,0.515,2,0,1,269266.23,Vehicle,0
32,317565.23,4.4,Contract,581,1326748.44,120,179355.84,0.899,2,0,1,38920.29,Debt Consolidation,1
52,328322.35,11.1,Salaried,593,651072.45,120,423672.35,1.449,2,0,0,161366.96,Business,0
25,757858.19,8.1,Salaried,711,839605.53,48,361042.97,0.565,0,0,4,28405.43,Vehicle,0
46,772194.6,15.5,Contract,768,163549.23,48,216729.22,0.298,2,0,1,12045.9,Business,0
64,994415.79,20.3,Salaried,644,1844936.76,24,369004.71,0.52,0,0,4,158162.33,Vehicle,1
25,543488.82,0.0,Salaried,700,20000.0,36,242348.31,0.449,1,1,1,239276.8,Vehicle,0
34,281315.69,11.0,Contract,729,1544056.23,60,0.0,0.439,0,0,2,131642.02,Medical,0
58,122811.92,16.7,Self-Employed,844,1012580.28,240,360176.17,3.0,1,0,0,118647.27,Education,0
44,1385990.63,6.4,Contract,546,20000.0,24,0.0,0.001,2,0,0,378895.49,Home,0
28,752730.75,2.9,Contract,590,1818198.69,180,0.0,0.193,0,0,3,208487.09,Personal,0
30,311197.94,0.0,Unemployed,604,1056882.74,60,325639.29,1.318,0,0,3,19154.92,Education,1
54,768659.94,11.4,Salaried,724,20000.0,60,279841.23,0.366,2,0,1,238117.44,Business,0
58,353165.26,15.2,Contract,627,588771.68,36,267815.45,0.892,2,0,3,8219.76,Vehicle,0
36,596282.0,6.9,Business Owner,678,1067257.38,240,450120.22,0.898,1,0,1,215716.5,Home,0
41,1095832.53,4.7,Salaried,661,1656618.92,12,195551.11,0.299,2,0,3,72165.71,Personal,0
55,516586.82,0.0,Unemployed,650,595375.93,24,131914.95,0.348,1,0,3,6249.71,Personal,0
28,430100.59,0.0,Salaried,660,20000.0,36,343395.17,0.802,3,0,4,271930.81,Education,0
30,320296.17,6.2,Contract,743,1529510.31,84,71517.14,0.605,2,0,3,156597.72,Home,0
55,573076.47,10.9,Self-Employed,563,1049101.08,48,157140.34,0.421,1,0,4,150005.44,Education,0
29,545142.34,4.1,Self-Employed,637,20000.0,240,245463.13,0.453,0,0,4,3684.61,Medical,0
54,1211286.51,9.0,Salaried,541,971348.07,24,259857.48,0.279,1,0,1,25706.26,Personal,0
42,615933.16,5.0,Contract,670,1024283.24,84,140055.53,0.36,0,0,4,73258.38,Education,0
64,431612.05,13.7,Self-Employed,632,637641.84,60,111713.73,0.377,2,1,2,19093.16,Personal,0
22,588349.41,0.0,Salaried,746,386358.62,36,0.0,0.053,0,0,0,320.79,Vehicle,0
62,789084.62,16.9,Salaried,650,495134.34,12,58308.51,0.124,1,0,4,65117.17,Vehicle,0
30,306863.36,4.7,Contract,610,637323.1,180,527435.93,1.885,0,0,0,19625.81,Vehicle,1
22,703541.38,0.0,Salaried,628,977360.21,24,152196.18,0.327,0,0,0,439735.2,Personal,0
52,995228.99,11.9,Self-Employed,805,1194179.96,24,234065.27,0.331,0,1,2,180408.96,Personal,0
44,853667.82,6.9,Business Owner,509,20000.0,84,0.0,0.002,1,0,3,192033.81,Education,0
57,508733.71,16.0,Salaried,594,927985.91,24,661377.97,1.446,4,0,2,109340.47,Medical,0
25,479782.39,0.8,Self-Employed,653,1043973.24,84,44936.3,0.268,0,0,3,122547.49,Vehicle,0
24,194291.01,1.0,Salaried,593,884570.69,120,0.0,0.364,0,0,4,95724.31,Home,0
45,288541.19,0.0,Unemployed,694,597572.14,36,188987.14,0.821,2,0,2,14976.08,Education,0
59,791694.99,20.4,Contract,645,1509905.2,12,39353.74,0.202,1,0,4,283427.3,Medical,0
38,426841.85,2.9,Salaried,673,1472201.3,12,265696.63,0.898,1,0,3,130216.57,Personal,0
56,1189925.04,12.8,Self-Employed,661,616893.7,12,0.0,0.041,0,0,2,87571.48,Education,0
60,915069.87,15.9,Self-Employed,641,758461.01,60,404668.84,0.509,3,0,2,139519.53,Personal,0
59,90000.0,0.0,Unemployed,534,1185920.12,48,369174.66,3.0,1,0,4,92756.12,Business,1
43,222934.36,6.5,Salaried,666,1441314.0,120,178637.48,1.319,0,0,1,250439.84,Medical,1
51,443994.05,6.6,Self-Employed,491,392238.25,48,0.0,0.071,1,0,1,55895.82,Home,0
44,712296.35,0.0,Unemployed,590,276900.45,84,53794.41,0.107,1,0,3,20299.52,Medical,0
50,909730.43,8.7,Salaried,694,937080.93,60,211254.61,0.315,1,0,3,87965.99,Business,0
45,1077928.05,14.6,Self-Employed,757,238210.34,48,0.0,0.018,1,0,0,65866.76,Education,0
44,671552.32,16.0,Salaried,861,20000.0,120,11391.84,0.019,2,0,3,598065.18,Medical,0
40,604627.67,7.4,Self-Employed,611,389812.03,60,388873.84,0.695,0,0,0,141939.42,Personal,0
49,372122.63,7.0,Salaried,572,1008581.81,84,227885.07,0.829,1,0,2,96604.18,Home,1
54,436420.98,0.0,Unemployed,697,1576805.15,60,222199.53,0.798,0,1,1,70299.54,Debt Consolidation,1
61,670957.96,13.1,Salaried,818,445617.67,120,294942.7,0.493,0,0,1,288760.0,Debt Consolidation,0
47,619331.95,8.8,Salaried,788,737866.78,36,170511.89,0.371,0,0,3,184187.7,Business,0
25,1016512.71,0.0,Contract,557,877772.53,12,189288.96,0.255,1,0,0,31318.54,Home,1
46,643413.6,8.5,Contract,637,475700.31,48,282077.41,0.498,1,0,1,28332.64,Debt Consolidation,0
34,1121745.36,4.1,Business Owner,727,436418.07,36,345616.95,0.339,0,0,0,47268.28,Home,0
22,355981.33,0.0,Business Owner,733,967492.48,240,289658.55,1.031,4,0,0,57423.66,Personal,1
24,1281028.06,0.0,Salaried,703,201284.19,240,462869.86,0.374,1,0,1,227028.02,Education,0
47,584682.38,13.5,Self-Employed,610,416293.13,24,204433.47,0.407,1,0,3,177438.26,Personal,0
62,899796.01,16.3,Salaried,702,698706.06,48,0.0,0.062,0,1,3,118283.69,Education,0
43,882568.23,9.2,Salaried,734,961230.58,48,395888.7,0.536,4,1,4,173513.77,Personal,0
40,182660.82,0.0,Unemployed,566,42376.71,36,155884.49,0.872,1,0,1,177075.51,Debt Consolidation,0
24,963757.52,4.0,Business Owner,770,734591.57,12,61635.8,0.125,1,0,1,170778.19,Medical,0
50,904750.79,9.5,Salaried,739,154572.13,240,328222.9,0.376,1,0,4,370525.84,Vehicle,0
23,427713.87,4.2,Salaried,583,457899.6,84,266738.91,0.709,0,1,0,38083.66,Vehicle,0
58,185674.94,0.0,Unemployed,733,1194313.33,48,0.0,0.515,2,0,2,497.71,Education,1
56,716326.71,12.3,Salaried,723,763077.24,24,320713.45,0.533,3,0,3,73772.37,Debt Consolidation,0
64,700126.51,12.2,Salaried,727,1634535.04,60,537377.04,0.954,0,0,2,73508.26,Personal,0
33,984282.52,11.3,Salaried,792,763901.24,36,258251.24,0.324,2,0,4,328747.59,Debt Consolidation,0
28,796667.05,5.2,Salaried,649,1284006.41,36,153886.93,0.322,1,0,1,405962.05,Business,0
34,621394.11,7.8,Salaried,680,1197387.35,240,0.0,0.154,1,0,0,72822.64,Home,0
56,506519.49,0.0,Unemployed,413,793389.86,84,569219.29,1.249,1,0,0,179482.06,Debt Consolidation,1
30,115336.73,4.3,Salaried,750,142173.67,36,106947.16,1.026,0,0,2,32441.15,Business,0
60,563172.26,19.7,Self-Employed,742,747436.89,24,0.0,0.106,1,1,2,28730.48,Medical,0
27,839955.25,1.0,Business Owner,772,533614.66,120,219952.09,0.313,1,0,2,14691.06,Personal,0
23,884841.38,3.0,Self-Employed,566,514290.53,84,381484.81,0.478,2,0,1,139181.47,Home,1
30,826942.33,1.7,Business Owner,737,877910.5,180,422464.66,0.596,0,0,2,304727.39,Medical,0
54,1213559.75,11.7,Business Owner,742,75214.53,120,79000.47,0.07,0,0,4,57120.37,Home,0
47,894984.96,10.7,Self-Employed,591,363077.99,48,182265.37,0.236,1,0,2,181936.93,Medical,0
36,522917.64,2.2,Self-Employed,745,293967.73,84,200074.3,0.428,0,0,3,324940.17,Debt Consolidation,0
49,648992.34,12.2,Contract,692,672887.71,48,375780.44,0.662,2,0,4,141256.73,Personal,1
49,936105.42,10.3,Business Owner,497,415919.34,12,306710.14,0.363,0,1,0,67084.67,Business,0
45,559841.11,3.6,Contract,703,448785.62,12,248712.43,0.508,2,0,1,176736.59,Personal,0
43,1048822.54,7.4,Salaried,581,867731.71,12,364668.76,0.414,2,0,2,2760.89,Education,0
25,484818.47,0.6,Business Owner,499,577157.56,240,0.0,0.095,4,0,3,75658.89,Personal,0
32,862026.61,7.0,Business Owner,683,802403.14,180,275757.42,0.394,2,0,4,187166.29,Business,0
44,852861.7,10.1,Salaried,644,242150.94,48,239887.34,0.304,2,1,3,267373.58,Debt Consolidation,0
26,536638.25,6.3,Contract,776,385788.86,240,190998.8,0.413,1,0,4,122509.86,Home,1
41,525300.17,9.6,Salaried,666,1820414.22,120,155058.61,0.572,3,0,4,227878.37,Medical,0
26,595979.68,0.3,Salaried,720,451297.62,24,224146.93,0.437,4,0,4,16735.12,Vehicle,0
55,904999.63,13.4,Contract,696,20000.0,36,97366.14,0.109,0,0,3,124454.47,Education,0
25,487038.0,0.6,Salaried,742,971064.11,48,690912.52,1.578,1,0,4,137092.81,Home,0
25,344769.7,3.1,Salaried,570,446015.5,180,444615.36,1.393,3,1,4,16463.86,Personal,0
49,971646.19,11.4,Salaried,668,921923.45,84,396723.79,0.484,2,0,1,635462.28,Debt Consolidation,0
30,726824.12,1.7,Contract,637,755232.5,48,104658.08,0.227,0,0,2,512029.69,Debt Consolidation,0
36,896964.36,6.0,Self-Employed,709,1074938.12,180,27705.3,0.127,1,0,3,885.53,Vehicle,0
34,978832.93,6.6,Business Owner,673,750188.6,36,161848.61,0.227,2,0,1,406944.0,Debt Consolidation,0
30,1171972.33,0.6,Contract,595,686723.87,240,220548.74,0.235,2,0,3,152403.53,Home,0
54,977743.01,14.2,Self-Employed,620,1373960.21,120,0.0,0.112,0,0,3,6091.12,Business,0
51,158980.11,0.0,Unemployed,798,20000.0,120,286395.83,1.812,0,0,4,325595.31,Business,0
31,747566.99,7.3,Contract,498,137256.14,12,394786.93,0.543,1,0,1,48717.69,Personal,1
51,550627.82,13.6,Salaried,714,387452.54,24,0.0,0.056,0,0,4,152732.5,Vehicle,0
52,229468.46,0.0,Unemployed,762,20000.0,240,37933.74,0.172,1,0,4,155947.93,Vehicle,0
44,315874.9,5.9,Self-Employed,702,560306.59,120,421010.13,1.475,1,0,2,472463.25,Medical,0
46,603471.7,13.4,Salaried,827,510960.08,36,267313.76,0.511,2,0,2,379102.36,Medical,0
62,859258.57,19.2,Salaried,734,1287350.09,180,44061.88,0.171,2,0,1,32891.9,Debt Consolidation,0
40,640494.57,7.1,Self-Employed,685,755864.0,36,332365.14,0.613,3,0,3,48730.05,Personal,0
37,373157.9,5.3,Salaried,608,693494.35,48,93041.36,0.398,0,0,2,442758.48,Education,1
44,288245.17,5.9,Self-Employed,686,610080.74,36,157498.12,0.716,1,0,3,41129.36,Medical,0
57,1235961.48,10.4,Salaried,711,274002.07,60,0.0,0.018,2,0,4,756563.35,Personal,0
52,774290.19,10.1,Self-Employed,650,1245396.95,120,203044.65,0.391,1,1,3,72438.08,Medical,0
24,402982.71,0.0,Salaried,583,1405038.49,24,383274.25,1.23,3,0,2,146515.36,Education,0
41,775445.86,12.8,Contract,542,193917.0,240,114049.17,0.167,0,0,0,20155.25,Vehicle,0
53,1243296.52,8.3,Salaried,667,1610027.93,36,316182.3,0.358,3,0,0,310976.89,Business,0
30,782115.59,4.0,Salaried,517,464508.71,240,191016.22,0.292,2,1,3,12599.21,Home,0
64,90000.0,18.5,Salaried,608,423741.69,180,394221.28,3.0,1,0,2,34456.11,Vehicle,1
56,1368072.92,15.1,Self-Employed,431,1036396.84,60,116653.26,0.146,0,0,0,16415.55,Personal,0
58,248688.38,16.1,Self-Employed,725,1081022.07,12,479903.57,2.277,2,0,3,147310.36,Personal,1
24,557497.01,4.0,Self-Employed,754,764367.94,84,322685.99,0.688,0,0,3,17644.21,Personal,0
46,391648.92,8.7,Salaried,657,626857.63,120,243922.34,0.751,0,0,4,61710.62,Business,0
44,483999.47,9.5,Contract,815,1386176.44,240,250491.33,0.747,3,0,1,256132.89,Medical,0
48,752102.42,9.9,Self-Employed,771,488350.36,12,116302.44,0.207,3,0,2,126948.46,Debt Consolidation,0
58,193244.12,18.7,Salaried,693,765615.47,120,104719.07,0.859,0,0,3,62302.62,Medical,0
36,622438.6,12.3,Contract,640,1646893.74,36,247194.63,0.609,1,0,3,416092.46,Vehicle,1
44,1105835.61,5.6,Business Owner,619,131458.37,120,0.0,0.01,2,0,1,73364.03,Medical,0
50,476189.92,5.5,Self-Employed,701,570675.24,84,91695.46,0.288,0,0,1,219449.99,Home,0
54,351428.74,14.9,Salaried,637,1312567.63,180,31294.07,0.388,2,0,3,72722.64,Business,1
54,664173.72,16.4,Salaried,699,1064000.02,12,302927.81,0.584,4,0,1,83424.97,Personal,0
35,557414.63,11.5,Self-Employed,706,1247008.79,60,305664.92,0.727,0,0,4,133251.54,Medical,0
64,580193.08,19.4,Salaried,629,138557.84,120,428208.0,0.757,2,0,1,159853.12,Home,0
21,302913.48,4.2,Salaried,749,960557.51,48,139762.43,0.715,1,0,0,54848.7,Home,1
42,442796.15,0.0,Unemployed,629,657396.65,36,54601.74,0.242,0,1,3,231321.2,Vehicle,1
47,976815.88,14.8,Business Owner,652,1936208.48,36,0.0,0.159,2,0,3,174122.55,Home,0
23,339588.32,3.4,Salaried,562,1204688.9,120,248771.03,1.016,2,0,4,1112.3,Vehicle,1
40,425186.59,3.8,Salaried,626,788840.69,24,451422.96,1.21,1,0,1,220967.93,Debt Consolidation,0
47,862123.0,10.4,Business Owner,844,942949.25,240,186569.77,0.304,1,0,4,247100.31,Personal,0
47,436757.09,11.3,Salaried,569,827143.88,24,204793.62,0.62,2,0,4,117507.35,Business,1
26,659665.5,1.7,Salaried,689,1149507.5,48,198881.46,0.441,0,0,2,160302.2,Vehicle,0
33,1003011.63,4.7,Salaried,609,371849.71,240,245721.86,0.275,1,1,1,94551.93,Personal,0
31,765044.33,8.7,Business Owner,451,1482608.67,12,379468.85,0.651,1,0,2,158769.82,Business,0
49,380595.91,8.9,Self-Employed,700,137636.35,48,545453.96,1.462,1,0,3,505414.66,Debt Consolidation,0
35,740025.87,8.0,Salaried,600,902521.91,180,289695.07,0.489,2,0,4,197560.51,Education,0
46,630586.32,10.9,Salaried,679,387860.1,36,301568.76,0.527,3,0,2,96489.53,Debt Consolidation,0
53,658460.74,10.2,Self-Employed,739,821413.73,36,156932.32,0.338,1,0,4,909.96,Personal,0
56,823830.72,10.8,Self-Employed,671,1294009.37,12,180593.8,0.345,1,0,1,30261.96,Education,0
29,946759.35,0.0,Business Owner,680,20000.0,24,178164.45,0.19,3,0,3,642137.83,Vehicle,0
60,725875.54,17.1,Salaried,572,715260.84,24,134093.54,0.264,0,0,3,91970.91,Home,1
28,755829.92,2.6,Business Owner,714,80121.5,180,222954.7,0.303,4,0,3,87562.64,Medical,0
21,765885.37,0.0,Unemployed,633,660308.76,60,312477.4,0.477,5,0,3,348324.31,Home,0
22,903138.5,0.0,Self-Employed,470,78803.41,36,211440.19,0.241,0,0,3,560267.46,Vehicle,0
29,832386.53,4.5,Salaried,724,880892.86,180,149506.37,0.264,0,1,0,19451.96,Home,0
59,896801.49,14.7,Business Owner,752,586915.05,84,222679.77,0.301,3,0,2,20030.33,Education,0
30,375564.19,1.5,Salaried,783,1173561.27,36,27225.84,0.322,1,0,4,226464.37,Personal,0
51,971846.6,9.1,Salaried,845,1414279.06,36,344601.25,0.471,3,0,2,255317.43,Medical,0
39,690073.54,6.5,Salaried,720,805324.05,24,125631.36,0.275,1,0,0,163648.06,Medical,0
22,458707.75,1.8,Contract,696,1246827.49,120,0.0,0.217,1,1,4,42372.31,Education,0
40,596214.89,6.6,Salaried,748,1491229.32,120,283114.1,0.675,0,0,3,83670.63,Vehicle,0
22,361454.36,0.0,Contract,570,338948.47,84,292048.91,0.883,1,0,2,14112.69,Vehicle,1
41,924332.26,7.8,Self-Employed,500,1517492.78,60,45212.24,0.18,1,0,4,55878.96,Vehicle,0
45,842759.27,12.7,Self-Employed,607,781530.44,60,312242.41,0.445,4,0,2,146339.28,Vehicle,0
43,711408.12,8.9,Salaried,765,310811.66,240,314101.94,0.476,3,0,4,181637.75,Home,0
33,625303.61,5.0,Self-Employed,591,949231.19,60,555478.53,1.01,2,0,0,89203.1,Debt Consolidation,0
54,528832.78,12.2,Salaried,692,763952.43,84,157695.48,0.414,1,0,2,239475.68,Vehicle,0
47,145481.84,7.7,Self-Employed,702,96494.1,36,190212.22,1.361,2,0,2,9662.31,Business,1
32,279768.28,1.6,Salaried,672,249475.25,60,90776.56,0.396,0,1,2,23281.08,Medical,0
40,471338.67,2.6,Salaried,535,1618657.17,12,288861.56,0.888,1,0,1,305297.2,Medical,0
25,388758.4,5.1,Self-Employed,681,939287.43,60,199171.21,0.706,1,0,0,236287.43,Debt Consolidation,0
61,792340.16,17.4,Salaried,612,1540897.12,180,377827.22,0.632,3,0,1,59594.35,Home,0
54,901873.44,13.4,Salaried,803,591713.43,120,121888.93,0.188,1,0,4,691444.71,Vehicle,0
33,253890.2,0.0,Unemployed,752,399185.49,240,284934.05,1.248,2,0,4,237760.06,Vehicle,0
50,1039229.23,12.6,Salaried,615,20000.0,48,157187.95,0.153,0,0,0,116631.95,Debt Consolidation,0
50,491275.57,9.4,Salaried,809,1283988.46,180,0.0,0.209,1,0,4,56010.08,Home,0
47,644115.72,9.4,Salaried,681,1005316.14,120,313047.32,0.611,3,0,4,39207.05,Vehicle,0
23,593253.21,0.0,Salaried,500,596227.39,120,0.0,0.08,1,0,4,896743.66,Personal,0
59,1137046.58,22.7,Business Owner,643,403670.22,180,171292.83,0.179,2,0,1,170964.47,Home,0
63,752471.77,19.9,Salaried,797,1363434.8,60,174103.86,0.376,0,0,1,113516.1,Home,0
63,759392.23,17.3,Self-Employed,576,711359.43,48,198493.51,0.336,2,1,0,147687.85,Debt Consolidation,0
64,315289.22,21.3,Self-Employed,644,716734.89,84,208515.94,0.843,1,0,3,257907.07,Home,0
61,495023.32,19.7,Salaried,528,499614.65,48,206744.17,0.498,1,0,0,62049.82,Education,0
53,619988.07,0.0,Unemployed,542,596270.25,120,265353.08,0.505,2,0,1,345135.05,Vehicle,1
23,90000.0,0.0,Unemployed,575,1075061.42,180,180428.44,2.96,3,0,2,28339.52,Vehicle,1
41,995748.16,8.0,Salaried,540,91779.89,12,670825.54,0.681,4,0,2,63823.17,Business,0
31,754916.12,5.8,Salaried,594,840368.62,84,138369.31,0.272,2,0,1,66993.38,Vehicle,0
30,440119.67,2.9,Salaried,806,1277792.53,48,0.0,0.232,1,0,1,20116.49,Vehicle,0
57,499987.76,14.1,Salaried,647,757620.64,12,0.0,0.121,5,0,1,139484.12,Personal,0
56,1178988.82,12.6,Self-Employed,721,1327113.13,36,318486.23,0.36,1,0,2,183101.29,Home,0
43,1018851.45,11.9,Self-Employed,748,1470299.57,180,0.0,0.115,1,0,0,171061.87,Vehicle,0
53,666139.81,8.5,Salaried,550,1251791.17,48,0.0,0.15,4,1,1,409337.68,Personal,1
26,648647.93,0.7,Salaried,575,531372.12,12,0.0,0.066,0,0,0,145195.43,Education,0
30,465454.66,0.0,Salaried,719,782280.82,120,282285.58,0.741,2,0,1,25502.1,Personal,0
58,394695.99,0.0,Unemployed,593,972885.09,36,439527.33,1.311,2,0,1,129017.72,Personal,1
40,138524.08,0.0,Unemployed,713,565125.13,48,30089.63,0.544,2,0,2,243924.99,Debt Consolidation,0
45,652364.24,10.6,Salaried,801,548446.96,24,275967.46,0.49,2,0,1,85113.42,Medical,0
41,1262582.34,7.1,Business Owner,519,518343.33,120,0.0,0.033,1,0,0,122238.3,Home,0
29,600096.49,6.6,Self-Employed,618,2071780.3,240,65945.88,0.386,1,1,1,162400.46,Business,0
57,595994.53,18.5,Business Owner,632,664454.64,240,308445.48,0.607,1,0,4,139817.75,Medical,1
54,357406.99,13.0,Self-Employed,603,1334337.8,12,143785.16,0.701,0,1,2,132272.92,Vehicle,1
51,721779.44,12.8,Contract,595,365298.86,240,378925.19,0.565,0,0,1,90923.63,Business,1
36,454776.21,4.6,Salaried,606,1650887.52,84,0.0,0.29,1,0,4,149274.53,Home,0
49,745650.79,13.1,Salaried,649,610716.27,180,67704.3,0.156,1,0,3,294838.7,Business,0
62,90000.0,0.0,Unemployed,665,826488.45,12,281494.37,3.0,2,0,3,868.41,Education,1
49,856562.53,16.6,Salaried,736,20000.0,180,279235.11,0.328,4,0,0,81706.06,Business,0
42,397958.78,11.8,Salaried,648,1358300.49,36,293048.35,1.009,3,0,1,86355.11,Vehicle,1
32,794574.31,0.8,Business Owner,751,1466609.91,48,237352.09,0.446,0,1,1,30860.92,Vehicle,0
44,584424.2,6.8,Contract,597,206364.2,240,0.0,0.028,1,0,3,47949.32,Education,0
37,1227597.24,7.7,Business Owner,542,1387402.11,120,59759.33,0.139,1,0,0,514084.34,Business,0
47,720872.29,9.4,Contract,623,131356.2,60,616949.27,0.87,1,0,1,89605.83,Medical,0
23,1242367.99,2.4,Business Owner,692,1116033.59,120,0.0,0.072,1,0,4,248516.95,Vehicle,0
29,764185.6,2.1,Salaried,727,656015.11,48,0.0,0.069,0,0,1,416042.17,Business,0
55,1058351.48,18.2,Self-Employed,781,1468126.94,240,322380.45,0.416,4,1,4,70699.75,Debt Consolidation,0
37,595800.45,6.4,Contract,676,924595.73,12,9331.47,0.14,1,0,0,32417.06,Vehicle,1
40,743375.76,14.9,Contract,718,1265734.12,84,522598.45,0.839,0,0,4,172564.71,Medical,0
44,973660.9,11.0,Salaried,773,1418878.33,12,692200.36,0.828,1,0,1,120022.06,Debt Consolidation,0
40,883239.99,3.6,Salaried,580,654484.24,48,156630.87,0.237,1,0,1,106015.16,Home,0
54,831748.32,19.5,Contract,631,785548.37,60,255701.39,0.383,2,0,3,37877.74,Education,0
31,548016.29,7.3,Salaried,899,244409.12,180,0.0,0.036,1,0,2,24003.72,Education,0
54,659305.88,14.3,Salaried,727,649987.84,240,385688.94,0.664,0,1,0,4481.32,Medical,0
30,911415.49,5.5,Contract,696,1763536.48,120,0.0,0.155,1,0,4,33516.61,Debt Consolidation,0
37,984477.81,2.8,Self-Employed,730,1177891.24,240,0.0,0.096,2,1,3,27408.43,Debt Consolidation,0
46,526784.32,4.6,Salaried,530,277700.23,24,221346.61,0.462,3,0,1,229825.23,Personal,0
59,528060.26,15.1,Salaried,592,1615721.32,60,298578.3,0.81,3,0,4,229817.52,Debt Consolidation,0
31,403966.55,8.1,Salaried,559,994501.59,84,0.0,0.197,3,0,0,50767.94,Business,1
46,882425.15,11.2,Contract,688,1215212.24,12,102343.95,0.226,0,0,4,26429.85,Business,0
23,373631.24,5.9,Self-Employed,617,1045264.41,84,0.0,0.224,1,1,2,139292.44,Business,0
24,813400.85,5.2,Salaried,659,1009879.22,12,142935.13,0.275,1,0,4,14136.27,Business,0
54,835422.59,13.3,Salaried,622,20000.0,84,55864.23,0.069,1,0,4,8513.0,Home,0
52,556727.04,16.0,Salaried,504,1353479.69,24,85574.49,0.348,0,0,4,195856.25,Medical,0
37,1038964.83,11.0,Salaried,730,20000.0,240,317218.93,0.307,0,0,0,111629.85,Home,0
48,315435.27,10.6,Salaried,491,1307994.11,36,250682.45,1.126,1,0,2,163917.87,Home,1
37,1062883.15,5.8,Self-Employed,585,849783.3,84,301013.65,0.347,0,0,0,152737.64,Debt Consolidation,0
33,715721.47,5.2,Salaried,532,1217732.14,84,176743.88,0.383,0,0,1,247675.7,Medical,0
39,135633.41,0.0,Salaried,571,879200.44,180,329047.84,2.945,0,0,2,26164.64,Medical,0
34,1036969.91,6.0,Self-Employed,668,1321875.97,48,193682.68,0.289,3,0,3,66289.85,Debt Consolidation,0
56,948053.13,16.2,Salaried,761,808074.03,48,111550.6,0.186,2,0,1,56169.17,Business,0
39,546947.08,7.6,Salaried,510,940463.34,120,302702.64,0.691,1,0,0,96613.27,Personal,0
35,400819.86,6.6,Salaried,600,1002380.05,12,123784.1,0.509,2,0,1,39466.04,Vehicle,0
44,276733.31,9.1,Salaried,493,1739321.14,60,140691.96,1.011,2,0,2,93198.6,Vehicle,1
54,1302861.54,7.2,Salaried,596,1100137.54,48,392288.56,0.369,1,0,1,137812.32,Education,0
33,555154.53,9.8,Business Owner,656,141573.58,240,375335.79,0.696,1,0,4,223943.09,Vehicle,0
62,407102.86,15.3,Salaried,719,518010.11,60,146515.15,0.462,1,0,3,198991.36,Home,0
41,726979.78,6.1,Contract,459,1099002.01,120,357114.28,0.612,2,0,3,187317.54,Home,1
50,427526.63,15.7,Business Owner,700,1429872.97,180,0.0,0.268,4,1,0,68857.74,Education,1
63,480612.9,19.7,Salaried,562,438911.95,24,147559.04,0.38,1,0,4,623538.17,Personal,1
39,902742.3,8.0,Salaried,541,1919938.81,84,64675.84,0.242,1,0,3,28592.86,Home,0
29,740052.65,5.5,Salaried,656,887801.9,120,199684.91,0.366,1,0,4,723105.58,Vehicle,0
53,599407.51,9.3,Salaried,706,1010283.7,48,332225.48,0.689,0,0,2,258106.95,Debt Consolidation,0
21,604576.67,0.0,Self-Employed,641,172963.25,24,300021.89,0.519,0,1,3,213076.14,Personal,0
41,549382.37,11.9,Salaried,552,1357738.29,60,275533.38,0.699,1,0,2,168953.43,Debt Consolidation,0
64,713500.55,15.2,Contract,641,577107.91,12,224748.5,0.38,2,0,4,114576.46,Education,0
39,463547.15,4.2,Self-Employed,585,427058.58,240,171313.61,0.443,0,0,3,6587.51,Business,0
51,694940.17,12.2,Business Owner,704,641403.54,12,416213.72,0.673,3,0,1,176570.95,Home,0
44,666330.47,9.5,Business Owner,747,1491388.76,24,0.0,0.179,1,0,3,61049.57,Home,0
30,445534.79,5.5,Self-Employed,741,1032871.36,24,79981.41,0.365,1,0,0,9062.49,Home,0
34,549977.75,0.0,Unemployed,648,355457.38,24,274030.77,0.55,0,1,3,8136.56,Personal,0
44,511529.35,0.0,Unemployed,751,534810.51,24,475018.67,1.012,3,0,2,10597.13,Home,0
25,378909.18,4.4,Salaried,558,1504783.29,84,137749.32,0.681,2,1,1,16267.46,Education,0
39,355401.55,4.0,Salaried,810,681809.49,24,153032.72,0.584,1,0,4,51224.15,Medical,0
39,614680.84,5.4,Salaried,558,1080206.28,120,0.0,0.141,1,0,4,158804.21,Home,0
57,1246821.9,7.9,Salaried,467,1202574.52,48,102526.67,0.159,2,1,0,104446.82,Debt Consolidation,1
26,358073.7,5.1,Self-Employed,773,20000.0,48,327481.52,0.919,3,1,3,155647.56,Home,0
58,670693.9,15.9,Salaried,586,1432195.47,60,484272.86,0.893,1,0,0,244062.69,Business,0
39,676180.1,8.1,Self-Employed,661,373824.26,12,147208.58,0.262,1,0,2,265709.83,Business,0
49,806839.46,12.1,Business Owner,557,619705.93,60,56184.63,0.131,0,0,4,4730.36,Business,0
45,557447.53,3.4,Salaried,863,1569659.66,60,212555.22,0.607,1,0,2,51597.96,Vehicle,0
34,927769.99,2.2,Self-Employed,814,1523462.35,120,0.0,0.131,0,0,0,189382.32,Home,0
61,833614.66,14.6,Salaried,789,1046389.95,24,422404.75,0.607,2,0,1,110445.79,Medical,0
30,838451.33,1.4,Contract,658,1164219.47,12,0.0,0.111,3,0,0,83997.18,Debt Consolidation,0
22,750344.99,0.0,Self-Employed,738,1288980.86,12,256482.61,0.479,2,0,3,297732.3,Business,0
54,922487.08,13.9,Salaried,645,1515053.97,240,253818.94,0.407,1,1,4,175217.55,Medical,0
48,1227101.46,13.8,Business Owner,751,1578709.3,48,312993.28,0.358,2,0,1,78150.1,Personal,0
60,1049760.99,11.2,Salaried,613,853851.12,36,246006.58,0.299,2,1,1,424955.67,Education,0
41,1391200.99,8.0,Business Owner,793,431332.47,24,200488.3,0.169,0,1,2,359192.04,Home,0
21,904335.32,2.1,Self-Employed,609,672423.64,36,277147.75,0.366,0,0,3,34770.74,Home,0
21,432638.31,0.0,Salaried,619,863600.03,48,350244.12,0.969,1,0,4,202042.24,Debt Consolidation,1
40,1018828.01,7.0,Business Owner,608,773466.31,240,523362.16,0.574,0,1,4,314265.59,Debt Consolidation,1
31,807608.79,5.4,Contract,667,293889.04,120,1546.44,0.031,0,0,2,101985.18,Medical,0
61,1200073.73,16.0,Contract,615,1018397.09,180,0.0,0.068,5,0,3,258006.84,Personal,0
26,373210.37,4.0,Self-Employed,694,20000.0,12,0.0,0.004,1,0,0,79918.98,Education,0
59,1003487.77,15.5,Business Owner,607,842693.74,84,0.0,0.067,3,0,0,202607.21,Debt Consolidation,0
30,456732.41,2.7,Salaried,721,874750.09,60,0.0,0.153,1,1,4,174912.69,Medical,0
26,743136.28,0.0,Contract,787,857620.37,24,0.0,0.092,2,0,1,171324.1,Home,0
33,582313.33,5.5,Contract,657,1225607.4,60,125053.96,0.383,1,0,2,5528.08,Vehicle,0
27,737867.2,2.7,Salaried,850,1159303.03,84,353922.06,0.605,1,1,1,62691.65,Vehicle,0
38,298415.45,3.8,Salaried,751,1911339.17,12,312767.37,1.56,1,0,0,59760.71,Business,0
35,840306.62,7.3,Salaried,842,541144.11,240,87998.34,0.156,0,0,4,381384.01,Business,0
44,720514.88,13.0,Salaried,644,939666.58,120,103545.39,0.248,0,0,2,82846.21,Business,0
44,707048.22,7.2,Salaried,500,907618.39,240,561939.74,0.897,0,0,0,405963.41,Business,0
21,1087557.07,0.0,Salaried,586,884093.18,12,307061.3,0.347,0,0,1,136261.29,Education,0
26,519379.15,0.0,Self-Employed,596,167572.88,12,231087.29,0.471,0,1,2,11620.83,Vehicle,0
28,706566.36,0.0,Salaried,564,208262.05,240,221870.32,0.338,1,0,2,91813.94,Business,0
29,649067.67,9.2,Salaried,452,803233.23,240,147935.53,0.327,3,1,3,149914.52,Education,1
25,811509.79,0.3,Business Owner,742,20000.0,84,560564.84,0.693,0,0,2,9523.33,Personal,1
34,1194450.98,2.6,Salaried,483,632897.32,24,165827.57,0.181,0,0,3,42318.25,Business,0
45,687951.77,6.2,Salaried,734,476230.2,36,226873.23,0.385,0,0,4,1154.81,Medical,0
34,497180.05,4.0,Contract,847,651011.28,180,0.0,0.105,2,0,4,151638.59,Vehicle,0
35,759725.7,0.0,Unemployed,580,1366163.48,240,85454.15,0.256,2,1,1,287228.28,Vehicle,1
41,583077.81,12.3,Self-Employed,685,260832.19,120,100870.8,0.209,1,0,3,221519.1,Medical,0
45,270705.46,5.9,Salaried,614,1234899.58,48,287532.85,1.427,3,1,3,45763.78,Home,1
35,456789.07,1.0,Salaried,724,514356.15,180,60460.57,0.222,2,0,3,157780.23,Business,0
30,90000.0,0.0,Unemployed,543,576623.64,36,208696.17,2.831,1,1,3,97262.86,Home,1
39,354008.63,6.9,Business Owner,638,1032772.83,24,90856.12,0.49,1,1,0,202230.81,Business,1
22,662246.25,0.0,Business Owner,751,662925.75,48,1884.56,0.083,1,1,4,769.71,Business,0
42,795446.01,10.1,Business Owner,646,353766.12,60,0.0,0.036,1,0,3,153743.64,Medical,0
62,1018131.98,16.8,Salaried,503,614861.35,84,168788.51,0.214,2,0,1,75111.31,Education,1
38,808350.4,6.7,Salaried,762,20000.0,120,218551.35,0.272,2,0,2,64327.19,Vehicle,0
25,757958.58,0.0,Contract,533,990592.26,120,165129.49,0.322,2,0,1,19915.15,Medical,0
52,469697.5,7.4,Contract,657,20000.0,24,50084.66,0.11,3,0,3,183719.78,Debt Consolidation,0
26,836233.32,0.0,Salaried,702,1244009.79,84,175203.88,0.329,1,0,4,45777.87,Business,0
29,971808.21,0.0,Self-Employed,661,1107630.98,12,141911.9,0.237,1,0,2,207294.14,Home,0
27,716642.72,3.2,Salaried,878,1600717.4,240,12463.88,0.196,3,0,4,137226.5,Debt Consolidation,1
59,469629.38,0.0,Unemployed,716,1891038.56,48,214955.17,0.78,2,0,3,58138.23,Medical,0
64,412826.93,15.9,Salaried,632,1267885.48,240,525858.85,1.519,1,0,3,565106.42,Debt Consolidation,0
46,1088608.95,9.5,Business Owner,704,486297.48,180,173075.05,0.195,0,0,0,2956.18,Vehicle,0
48,1126207.64,10.7,Salaried,669,1886311.19,24,0.0,0.134,1,0,1,550679.14,Business,0
49,764738.1,12.4,Self-Employed,654,203033.37,24,464338.06,0.628,4,1,2,48869.12,Home,0
47,679410.68,9.4,Business Owner,672,20000.0,240,426281.87,0.63,3,0,4,234640.9,Personal,0
44,628501.29,7.2,Salaried,611,1726231.97,60,457854.93,0.948,3,0,4,208480.42,Vehicle,0
64,623894.82,20.9,Contract,669,1100779.09,12,192400.88,0.45,1,0,2,421433.64,Education,0
53,605887.59,11.8,Contract,605,20000.0,84,58960.19,0.1,1,0,4,88474.33,Vehicle,0
24,770995.77,5.5,Contract,479,122320.4,240,39255.35,0.064,2,0,1,93148.37,Home,0
38,720866.03,5.8,Salaried,753,1075642.52,84,405420.36,0.682,1,0,0,42894.41,Medical,0
63,1126984.15,16.8,Business Owner,599,365017.58,36,489058.21,0.46,0,0,4,102415.8,Education,0
38,743725.64,6.4,Self-Employed,663,436925.55,48,34332.84,0.093,2,0,3,60084.54,Home,0
29,407978.01,3.9,Self-Employed,582,1783211.22,36,0.0,0.35,1,0,2,24010.12,Education,0
59,588826.99,13.9,Self-Employed,584,1874097.06,60,196798.52,0.589,2,0,1,234084.34,Business,0
48,540289.73,11.1,Self-Employed,556,873381.2,48,37233.46,0.198,4,0,0,121550.16,Personal,0
45,625382.48,14.2,Salaried,735,724753.26,48,72692.08,0.209,1,0,0,223348.86,Education,0
39,1102678.42,10.3,Salaried,757,1251227.59,24,157120.57,0.233,3,0,3,45552.84,Medical,0
26,1103724.9,5.2,Salaried,652,519196.69,12,273777.24,0.286,1,0,3,134364.52,Education,0
37,857150.3,2.4,Salaried,602,20000.0,180,59426.54,0.071,0,0,4,124101.95,Debt Consolidation,0
40,686690.95,4.1,Salaried,498,20000.0,180,224493.78,0.329,1,0,0,85902.44,Home,0
61,379586.95,16.7,Salaried,722,763200.83,24,177292.25,0.628,1,0,4,269932.29,Vehicle,0
34,694002.08,7.5,Contract,589,1240939.3,36,0.0,0.143,1,0,2,413253.32,Personal,0
27,420498.18,0.8,Self-Employed,549,807999.98,48,298095.53,0.863,1,0,0,42391.68,Debt Consolidation,0
39,1061630.47,5.1,Salaried,653,1204980.38,84,118819.11,0.203,2,0,4,32613.46,Home,0
64,327473.58,21.4,Contract,620,1254916.79,240,0.0,0.307,1,0,1,35388.36,Business,0
42,759121.08,10.5,Contract,513,1493020.33,120,69320.37,0.249,1,0,1,43968.39,Education,0
37,429440.16,9.6,Contract,526,893132.28,84,236533.83,0.717,1,0,3,109936.92,Medical,1
50,684621.2,10.3,Contract,680,937937.66,120,208321.96,0.414,1,0,2,140606.09,Home,0
49,500517.05,0.0,Unemployed,591,781600.24,84,315997.86,0.756,0,0,3,486314.35,Education,0
34,894492.17,8.0,Self-Employed,696,670798.56,240,278585.05,0.371,0,0,2,115714.13,Debt Consolidation,0
63,360827.45,0.0,Unemployed,663,20000.0,240,0.0,0.004,1,0,4,13038.96,Medical,0
47,518304.14,0.0,Unemployed,744,1385992.04,60,0.0,0.214,1,0,1,254546.54,Home,0
23,440382.48,0.0,Salaried,575,608119.88,12,221762.96,0.614,0,0,2,459528.37,Medical,0
38,712384.6,5.3,Contract,671,579475.84,240,313571.22,0.505,5,0,0,30009.01,Business,0
61,970551.85,18.6,Contract,707,529191.03,36,163560.02,0.212,0,1,1,87453.63,Business,0
38,734024.87,2.3,Contract,594,129806.08,36,318908.81,0.449,0,0,4,118375.36,Education,1
45,539664.08,11.5,Contract,751,757228.4,24,19704.29,0.149,3,1,2,423253.96,Medical,0
47,608239.41,8.3,Salaried,500,1058212.5,120,137716.57,0.366,2,0,3,505269.52,Education,0
51,943914.02,11.4,Salaried,575,447356.24,24,34296.21,0.074,0,0,1,160921.29,Debt Consolidation,0
59,441038.85,14.8,Self-Employed,497,1318800.55,240,325513.63,0.977,1,0,0,54708.29,Education,1
27,531921.22,1.7,Business Owner,584,615794.32,24,36127.86,0.161,2,0,3,63731.77,Education,0
43,816397.19,7.9,Contract,636,33672.91,12,570772.86,0.702,3,0,1,95330.98,Medical,0
44,559214.1,7.9,Contract,725,1486849.19,84,109641.06,0.409,1,1,2,47786.73,Education,0
27,404735.45,0.7,Business Owner,636,899231.34,24,343672.54,1.027,0,1,3,338831.35,Home,0
50,674704.67,0.0,Unemployed,596,1231641.61,36,111953.78,0.312,2,1,2,13545.04,Business,1
26,340099.93,2.1,Salaried,511,1243429.83,12,440771.87,1.588,2,0,0,166762.03,Education,1
41,260142.5,0.0,Unemployed,541,326945.1,84,433911.65,1.769,1,0,3,236468.02,Debt Consolidation,1
35,487119.84,3.7,Salaried,678,539043.11,24,141722.13,0.379,0,0,2,131821.45,Business,0
27,543579.13,1.2,Self-Employed,729,1317143.04,120,249445.89,0.653,0,0,1,83969.3,Education,0
57,486845.14,12.5,Salaried,612,1717608.76,36,429312.38,1.164,0,0,3,114021.19,Home,1
31,808569.81,6.3,Self-Employed,759,831643.25,48,254779.38,0.397,0,0,4,7773.87,Home,0
32,660705.88,2.1,Salaried,565,486405.06,60,34269.38,0.111,1,0,1,72069.72,Personal,0
58,956913.4,8.1,Salaried,615,1641168.07,60,212611.88,0.359,2,0,0,41274.92,Medical,1
59,561707.95,15.4,Self-Employed,622,486686.56,180,65319.95,0.186,1,0,4,32267.17,Vehicle,0
22,1286255.44,0.0,Business Owner,788,964485.26,24,227179.06,0.237,1,0,1,45841.58,Business,0
33,159837.8,3.0,Salaried,662,586108.57,36,58254.92,0.658,2,0,1,34360.96,Medical,0
52,446716.27,15.1,Business Owner,488,934536.39,120,267105.01,0.765,1,0,0,263656.03,Personal,0
55,1140271.21,5.4,Salaried,736,327273.94,180,0.0,0.023,2,0,0,54158.54,Home,0
64,847510.42,21.9,Salaried,816,612669.51,48,0.0,0.058,1,0,2,91779.79,Education,0
45,757346.52,12.8,Salaried,628,486351.38,12,57219.74,0.127,2,0,3,29658.3,Education,0
21,707818.83,0.0,Self-Employed,569,1131119.1,180,171161.46,0.37,0,0,4,254170.29,Personal,0
59,856801.82,13.8,Contract,728,881607.23,84,0.0,0.082,2,0,2,22584.69,Education,0
28,695941.93,4.3,Self-Employed,827,1240100.38,60,40977.83,0.201,0,0,4,154922.96,Vehicle,0
26,373523.88,3.6,Contract,726,387120.02,48,340061.78,0.993,0,0,4,39781.39,Education,0
50,891547.73,9.7,Self-Employed,504,695774.51,120,361489.71,0.468,2,0,2,27295.27,Education,0
47,843169.55,5.5,Contract,718,1112515.77,36,0.0,0.106,0,0,2,167041.99,Debt Consolidation,0
23,613107.79,0.0,Unemployed,686,1229350.08,48,94385.79,0.314,1,0,2,118181.39,Personal,0
28,1062060.27,5.7,Salaried,564,77107.92,120,429470.51,0.41,0,0,3,378919.44,Debt Consolidation,0
46,757619.02,10.5,Salaried,766,958898.0,48,269486.94,0.457,1,0,0,42564.67,Home,0
32,326112.75,4.9,Salaried,689,393374.9,240,273322.79,0.935,2,0,4,47012.37,Personal,0
51,1133130.73,13.9,Self-Employed,768,1254650.48,48,301546.48,0.355,1,0,2,328109.79,Business,0
39,399462.52,9.4,Self-Employed,554,1730252.49,84,27392.53,0.415,1,0,0,386119.58,Business,0
46,759491.05,3.7,Salaried,686,20000.0,84,238525.49,0.316,0,0,1,485550.16,Business,0
41,595816.52,6.9,Contract,569,472025.92,120,284912.09,0.542,0,0,2,123368.66,Personal,1
37,190343.66,0.0,Unemployed,672,931885.37,60,219274.41,1.544,1,0,0,432138.59,Debt Consolidation,1
36,836075.03,5.5,Salaried,783,798077.87,48,129146.07,0.231,2,0,3,362084.68,Education,0
51,751114.9,14.3,Salaried,522,1269825.46,180,191344.48,0.39,0,0,4,511190.06,Debt Consolidation,0
43,794310.37,3.4,Salaried,527,839532.21,120,0.0,0.085,0,0,2,143351.74,Debt Consolidation,0
47,474078.43,6.4,Salaried,736,535129.5,12,310548.2,0.745,3,0,3,86372.48,Vehicle,0
46,631481.26,8.0,Contract,649,289834.38,84,0.0,0.037,1,1,0,130718.24,Business,1
30,434616.26,4.1,Self-Employed,755,205732.91,240,53073.34,0.16,1,1,4,83202.73,Vehicle,0
61,670232.1,18.5,Salaried,577,428625.1,84,322721.3,0.533,2,1,2,266016.12,Debt Consolidation,0
45,642309.44,14.5,Self-Employed,655,517451.01,240,252246.15,0.457,1,0,2,320382.66,Personal,0
52,1154076.04,11.5,Salaried,712,991876.19,48,112852.95,0.167,2,0,1,149999.46,Vehicle,0
59,649152.87,17.7,Salaried,669,721636.54,36,0.0,0.089,2,0,2,16624.13,Business,0
61,188600.42,18.1,Salaried,489,474553.0,60,191696.12,1.218,2,1,0,68766.52,Education,1
50,1035772.88,13.2,Self-Employed,900,295341.85,12,86568.28,0.106,0,0,2,103089.73,Home,1
55,814314.84,13.5,Self-Employed,669,448685.81,12,286475.11,0.396,1,0,1,241096.65,Debt Consolidation,0
41,627247.39,6.8,Contract,529,517983.59,84,107007.65,0.237,3,0,4,225928.03,Debt Consolidation,0
53,586696.16,9.6,Salaried,678,425937.15,12,0.0,0.058,2,1,0,291484.38,Home,0
35,405268.59,2.2,Contract,689,1136556.39,12,0.0,0.224,1,0,1,74610.96,Medical,0
52,1177512.02,13.4,Salaried,739,1484022.19,60,123140.98,0.205,0,0,3,85504.54,Home,0
24,621961.22,1.0,Salaried,733,211968.68,36,219578.04,0.38,0,0,0,243674.22,Business,0
61,285562.21,14.8,Contract,631,1359626.96,24,0.0,0.381,1,0,3,50209.91,Education,1
31,861935.01,6.0,Business Owner,495,1146618.37,60,63472.67,0.18,4,0,3,132023.36,Medical,0
49,985542.93,10.6,Salaried,692,889934.31,36,342645.23,0.42,0,0,2,146185.11,Education,0
21,639108.67,0.0,Self-Employed,502,1563332.12,84,399736.0,0.821,1,1,2,26.89,Debt Consolidation,1
27,542601.63,1.6,Business Owner,759,714865.89,48,249844.66,0.566,1,0,3,358980.6,Education,0
64,131231.43,0.0,Unemployed,584,1000948.54,24,148693.35,1.743,1,1,2,415261.89,Business,1
57,478670.27,11.3,Self-Employed,707,861861.91,120,88145.41,0.328,2,1,4,244509.7,Business,1
30,1007414.5,4.2,Salaried,591,824675.85,240,297060.38,0.36,2,1,4,127679.52,Personal,0
26,597083.99,1.8,Self-Employed,606,1029499.32,120,143053.64,0.378,2,0,1,23791.01,Home,0
56,285318.9,11.7,Salaried,578,823210.91,24,365622.95,1.512,0,0,4,50611.87,Medical,1
64,825033.48,16.3,Salaried,714,1033058.77,84,375083.15,0.555,0,0,2,440827.37,Home,0
28,656259.2,0.0,Self-Employed,594,465089.95,24,273813.9,0.474,2,0,1,14532.78,Debt Consolidation,0
50,574776.13,11.9,Contract,719,480710.07,12,110428.26,0.259,3,0,4,241756.4,Vehicle,0
33,380898.31,0.7,Salaried,596,462820.57,24,124330.72,0.424,1,0,3,230070.87,Debt Consolidation,0
53,430026.28,16.0,Contract,629,617601.22,180,0.0,0.115,0,0,3,87501.41,Home,0
39,1075658.45,6.9,Business Owner,653,1306642.28,240,190522.0,0.274,3,0,2,56529.58,Debt Consolidation,0
26,826878.21,0.3,Business Owner,664,568897.59,84,184935.46,0.279,0,0,0,144256.32,Education,0
35,761660.92,9.1,Salaried,567,1126230.44,180,0.0,0.118,0,0,2,122922.6,Business,0
44,730189.7,6.1,Salaried,713,932723.13,48,625547.73,0.959,0,0,3,44626.54,Vehicle,0
56,786922.18,11.8,Salaried,626,579289.18,12,300124.43,0.44,1,0,4,12859.02,Medical,0
21,482901.33,0.0,Salaried,699,1454591.27,240,48719.78,0.342,2,0,0,152647.88,Education,0
63,674542.66,20.7,Salaried,649,1168055.59,120,569754.55,0.983,2,1,1,71142.91,Personal,0
49,975227.95,16.8,Salaried,703,800891.04,84,110711.17,0.179,1,0,3,13535.95,Medical,0
59,1067647.54,10.2,Salaried,613,759430.71,12,349461.03,0.384,4,1,0,32528.46,Education,0
61,414477.0,13.6,Salaried,579,846863.28,240,215773.87,0.684,3,0,4,1053123.84,Medical,1
27,565935.29,2.6,Contract,688,35231.18,12,116883.46,0.212,3,0,3,2043.3,Personal,0
25,821821.34,0.1,Contract,606,387519.41,12,139350.52,0.207,0,1,3,100582.01,Vehicle,1
55,1172519.93,13.5,Salaried,781,1031257.75,12,458597.31,0.461,1,0,1,80172.6,Home,0
29,719489.9,0.0,Unemployed,656,20000.0,240,357721.41,0.499,0,1,3,68905.52,Home,1
27,419060.55,3.6,Salaried,526,426187.73,180,177967.12,0.506,0,0,1,348171.15,Education,0
41,978761.53,5.1,Salaried,597,603727.85,24,0.0,0.049,3,1,0,8273.92,Medical,0
61,734659.08,16.6,Contract,560,2251827.32,48,254797.02,0.592,1,0,0,27849.21,Education,0
56,966104.16,10.7,Salaried,747,1136868.62,60,0.0,0.094,0,0,0,41632.66,Home,0
43,863069.67,7.6,Salaried,720,1348670.91,84,296946.73,0.469,1,0,4,155820.61,Personal,0
29,308008.99,0.0,Salaried,645,397426.39,24,71470.29,0.335,0,0,0,116056.05,Business,1
35,779493.49,4.4,Self-Employed,676,981027.96,12,90302.95,0.217,0,0,4,263899.65,Home,0
51,941424.15,10.3,Self-Employed,642,20000.0,12,85144.78,0.092,2,0,2,48750.58,Medical,0
27,612961.19,5.2,Salaried,727,634692.66,240,383692.68,0.709,0,0,3,167395.37,Debt Consolidation,0
44,607420.89,9.0,Salaried,697,1052682.96,84,0.0,0.139,2,0,3,151639.24,Debt Consolidation,0
21,207084.02,0.4,Salaried,713,91211.06,240,332797.14,1.642,1,0,2,180393.93,Debt Consolidation,1
35,812904.38,5.5,Self-Employed,633,996568.47,180,261614.14,0.42,3,0,4,349320.85,Debt Consolidation,0
31,682187.09,0.0,Salaried,593,1038035.72,36,186925.63,0.396,2,0,0,255657.79,Medical,0
50,456454.02,5.6,Contract,710,498748.38,12,119351.28,0.349,1,0,2,419978.19,Business,0
61,788540.0,15.0,Business Owner,790,382597.61,84,287566.76,0.403,0,0,4,265735.68,Personal,0
27,656625.81,3.2,Salaried,750,442379.11,36,120796.08,0.238,3,0,3,60659.72,Medical,0
56,715341.05,13.3,Business Owner,792,626525.52,120,119167.22,0.237,0,0,0,146580.59,Debt Consolidation,0
49,684669.28,8.6,Salaried,665,641612.99,240,211475.65,0.384,0,0,1,316600.61,Education,0
63,288516.84,16.1,Salaried,563,1054804.38,240,509556.0,2.059,1,0,3,256227.23,Vehicle,1
61,1057355.42,15.0,Salaried,571,532798.73,36,0.0,0.04,0,0,3,140549.09,Personal,0
25,615977.32,3.9,Self-Employed,774,1601063.07,60,290126.75,0.679,2,0,2,8687.5,Medical,0
53,571161.62,15.0,Business Owner,482,1597437.14,120,174252.35,0.529,3,0,0,34823.56,Business,0
47,90000.0,0.0,Unemployed,785,918100.64,36,160292.76,2.597,0,0,1,150052.78,Business,1
25,869283.74,1.5,Salaried,579,627682.95,84,0.0,0.058,1,0,2,53159.17,Education,0
32,772522.89,5.2,Salaried,823,533359.35,48,0.0,0.055,1,0,2,90159.59,Business,0
61,772671.43,17.3,Self-Employed,644,958379.31,84,261187.75,0.437,1,0,2,54268.25,Home,0
44,884912.0,14.2,Salaried,715,1045857.41,84,0.0,0.095,1,0,2,235942.39,Business,0
35,857224.6,5.5,Salaried,865,699497.82,180,382946.73,0.512,2,0,2,168740.81,Vehicle,0
35,340609.52,0.0,Unemployed,620,603435.24,60,17145.42,0.192,0,0,3,131219.73,Education,0
57,644446.45,10.9,Contract,619,976371.65,36,299175.85,0.585,2,1,3,28086.22,Vehicle,1
33,181714.6,0.0,Unemployed,587,834520.75,12,96310.52,0.897,1,0,3,15538.65,Business,0
27,723235.51,0.0,Salaried,560,513938.76,120,87679.87,0.178,2,0,1,69295.6,Debt Consolidation,0
46,1024257.84,10.5,Salaried,620,856519.76,180,35506.11,0.102,1,0,0,179278.12,Home,0
64,703274.21,19.1,Salaried,600,497365.37,48,278626.97,0.453,3,1,4,3897.99,Business,0
29,643119.35,0.0,Unemployed,537,424170.67,180,328802.94,0.564,1,1,4,187499.55,Personal,1
32,726288.12,5.0,Salaried,631,797511.39,60,143204.19,0.285,1,0,1,66728.1,Education,0
41,755172.74,9.8,Salaried,690,512665.32,60,306417.08,0.46,1,1,3,268692.01,Home,0
29,1225277.37,4.8,Salaried,569,433500.69,12,202269.49,0.193,2,0,1,184433.87,Vehicle,0
49,1247169.55,7.6,Business Owner,635,1322857.01,60,0.0,0.085,0,0,3,52388.57,Vehicle,0
32,1052652.31,6.7,Contract,777,603897.36,84,268135.97,0.301,2,0,0,82957.97,Business,0
26,565596.59,2.0,Business Owner,522,1721680.83,60,145903.3,0.501,2,0,1,139894.5,Medical,0
32,1181045.63,6.2,Salaried,824,1113319.48,60,0.0,0.075,3,0,2,519401.53,Business,0
61,849445.8,15.6,Business Owner,589,389648.31,60,129661.01,0.189,3,1,3,127779.68,Medical,1
62,666127.21,17.5,Salaried,668,1379879.81,120,0.0,0.166,5,0,1,30646.91,Education,0
43,126187.9,12.1,Salaried,765,441690.25,12,0.0,0.28,1,0,3,108075.28,Personal,0
38,732572.71,6.2,Salaried,793,1786673.75,60,155188.7,0.407,0,0,2,95613.49,Business,0
57,437161.51,15.3,Self-Employed,692,913096.53,48,186460.61,0.594,1,0,1,225571.0,Debt Consolidation,0
29,726063.46,6.9,Salaried,587,1071283.7,48,49690.36,0.186,1,1,4,58969.52,Personal,0
49,90000.0,0.0,Unemployed,580,815476.4,60,294914.08,3.0,1,0,0,83821.97,Personal,1
50,1136424.96,8.2,Self-Employed,598,932941.29,120,179386.09,0.224,2,0,3,284210.84,Vehicle,0
52,830893.49,14.4,Salaried,820,685445.16,240,123683.78,0.215,0,0,2,209409.96,Home,0
30,1346967.89,7.9,Business Owner,616,337095.82,24,207812.83,0.174,1,0,3,510148.84,Vehicle,0
52,587243.99,16.3,Business Owner,679,969837.54,12,416910.6,0.842,0,1,3,31259.29,Education,0
47,1065294.81,12.5,Salaried,556,1312399.68,48,0.0,0.099,1,0,4,534.75,Medical,0
59,263321.9,8.2,Self-Employed,546,204678.83,36,433914.32,1.71,1,0,1,284105.31,Business,1
28,673018.87,0.9,Salaried,652,1570236.91,12,89004.35,0.319,1,0,2,16165.53,Medical,1
47,520094.22,8.6,Salaried,621,1100568.6,60,59794.24,0.284,1,0,4,343686.64,Debt Consolidation,0
57,746010.87,14.5,Business Owner,627,581545.91,60,127608.49,0.233,3,0,2,33929.91,Vehicle,0
33,506875.9,9.9,Self-Employed,517,572611.18,180,40393.31,0.17,1,0,4,149872.44,Medical,1
53,467320.95,9.6,Salaried,643,1732081.22,120,12732.5,0.324,1,1,4,197565.12,Education,0
25,297077.92,8.3,Salaried,789,1269362.35,60,352428.62,1.528,2,0,3,39500.3,Business,0
52,582393.3,11.3,Self-Employed,573,1370025.59,84,228743.38,0.581,0,1,4,105680.75,Vehicle,0
47,707007.1,8.1,Salaried,731,674469.14,36,0.0,0.076,0,0,0,103962.78,Medical,0
29,914923.59,5.7,Contract,338,1077757.94,24,321339.82,0.445,1,0,3,124824.59,Education,1
23,679837.6,3.6,Self-Employed,578,974689.31,60,295119.65,0.549,1,0,2,233495.1,Medical,0
53,987635.05,14.7,Contract,478,712674.88,60,0.0,0.058,1,0,2,21750.15,Business,0
31,260455.78,1.7,Salaried,761,854628.56,36,232446.56,1.155,0,1,4,68289.49,Debt Consolidation,1
42,554757.65,9.9,Contract,729,1355025.59,240,311682.63,0.757,2,1,1,7527.81,Education,1
23,783751.23,0.0,Salaried,557,1599795.77,60,0.0,0.163,0,0,1,67950.61,Personal,0
63,811797.69,14.4,Salaried,676,674251.64,84,251351.41,0.376,2,1,0,196931.97,Personal,0
45,456706.22,9.3,Salaried,758,143471.87,120,78482.56,0.197,1,1,0,146567.36,Medical,0
61,953517.22,13.5,Salaried,772,1621796.47,36,297594.46,0.448,0,0,0,83598.71,Home,0
28,488181.7,6.0,Contract,613,1628078.96,60,31943.37,0.332,3,0,2,151427.55,Medical,1
30,582659.11,1.9,Business Owner,451,1000193.74,240,387603.79,0.803,1,0,1,11033.33,Home,1
47,799736.94,9.7,Self-Employed,569,1696315.48,84,156163.73,0.365,2,0,1,56681.16,Vehicle,0
47,679542.34,7.8,Self-Employed,719,963807.66,180,89319.14,0.245,0,0,4,132650.06,Education,0
55,571271.92,16.7,Self-Employed,839,345470.55,12,69946.34,0.171,3,0,3,85368.76,Personal,0
61,580782.87,14.0,Self-Employed,645,143935.03,120,357323.39,0.635,1,0,0,15519.21,Personal,0
57,440550.8,17.8,Contract,595,139155.87,84,69830.57,0.184,0,0,4,41380.3,Vehicle,0
27,519062.94,5.6,Self-Employed,866,802278.41,240,390880.26,0.877,2,0,3,242003.22,Business,0
34,1064002.36,3.9,Business Owner,687,566877.17,240,238415.51,0.267,1,0,2,29646.13,Debt Consolidation,0
61,781137.62,16.1,Salaried,540,510572.19,24,0.0,0.052,3,0,1,5214.48,Debt Consolidation,0
45,561648.52,0.0,Unemployed,639,746546.69,60,204676.25,0.471,0,0,3,96912.96,Home,1
59,843017.13,16.8,Salaried,740,1228985.67,240,208434.73,0.364,1,0,2,167402.76,Medical,0
45,518938.45,9.0,Salaried,644,526495.86,180,0.0,0.081,0,0,3,248735.37,Education,0
23,193714.68,0.0,Contract,721,442303.27,12,201490.8,1.223,2,0,2,228320.52,Debt Consolidation,1
41,428286.41,8.1,Salaried,506,559494.67,60,297592.39,0.799,2,0,3,111810.88,Business,1
57,540191.05,9.7,Salaried,521,1260462.74,48,403067.5,0.933,0,0,3,26912.97,Business,1
49,496854.28,11.0,Salaried,584,764991.06,120,395180.4,0.919,0,0,0,96037.85,Vehicle,0
26,860254.98,3.9,Salaried,625,939953.86,60,630025.94,0.82,2,0,0,535170.51,Home,0
30,519647.12,0.0,Unemployed,680,1576511.77,36,200105.21,0.628,2,0,3,48004.18,Medical,0
58,1263969.91,17.7,Contract,707,2221636.62,48,299684.29,0.378,0,0,1,206840.21,Medical,0
64,538069.71,16.1,Self-Employed,872,1120193.71,240,90877.72,0.335,0,0,3,124979.82,Business,0
54,748362.08,0.0,Unemployed,584,1070678.33,48,539161.32,0.835,0,0,1,172288.61,Vehicle,1
25,1009816.8,0.0,Self-Employed,622,207736.48,24,39631.64,0.056,0,0,0,409619.46,Personal,0
